Name,Date,Wochentag,Kalenderwoche,Trainingseinheit,Schwerpunkt,Dauer,Trainingsort,Wetterbedingungen,Tageszeit,Trainer,Protokoll,Recovery,Sleep,Strain,Fokus,Leistung,Erschöpfung,Schmerzen,Tagesform,Probleme,Learnings,e1RM Aufsteiger,e1RM Hip-Thrust,e1RM Trapbar,e1RM Umsetzen,Weitsprung WK,Vmax_Sprint_Ort,Vmax_Sprint,30m fliegend,60m WK,100m WK,Notion_Page_ID,Regeneration,Ernährung,Supplements,Sozial,Schlaf,Körpergewicht,Körperfett,Calories,Protein,Fat,Carbs,CMJ mit Armen,CMJ ohne Arme,DJ50 Reaktivität [W/kg],DJ50 Stütz [s],Achilles L Strain [%],Achilles R Strain [%],Achilles L Kraft [Nm],Achilles R Kraft [Nm],Achilles L Stiffness [Nm/%],Achilles R Stiffness [Nm/%],Weite effektiv,Wind,Entfernung 4L,Abstand Sprungbein Standbein,Geschwindigkeitsbilanz,V_Vertikal,Anlaufschritte,Vmax_Weit,Vmax_Weit_Ort
10/7/2026,2026-10-07T17:37:00.000+02:00,Wednesday,2026-W41,Regeneration,"Tempos, Yoga",68,Frankfurt,Draußen - Sonnig,☀️ Nachmittag,TRUE,"1 Runde EL, Mobi
Hürdenkordi 6 Hürden
3x150/120/80m I3
LP: 50m gehen
SP: 4min

Rotation Seilzug 3x8 60/70/80kg

20min Mobility Yoga",56,100,9.3,2 - Normal,2 - Okay,3 - Normal,1 - Keine,,Gluteus R,,,,,,,,,,,,3f255485-caa7-8027-b017-d1c90aa43d17,"Libido, Blackroll, Dehnen, Outdoor-Time, Lympho",⭐⭐ Okay / Im Soll,"Magnesium, Multivitamin, Zink, Kreatin, Omega-3, Vit D","Freunde, Reisestress","Gelesen, Bett geteilt, Zahnspange, Hot-Shower, Kopfhörer",82.25,12.6,,,,,,,,,,,,,,,,,,,,,,,
10/6/2026,2026-10-06T17:08:00.000+02:00,Tuesday,2026-W41,Kraft,,74,MTG Halle,Halle,☀️ Nachmittag,FALSE,"FCT vertikal 3x
(Trapbar 3x 120kg
Drop-Jumps 4x
Hantelsprünge 4x 30kg
Assisted Jumps 4x)

Hip-Thrust 3x8 80/80/90kg
Aufroller 3x8
Ausfallschritte Smith Machine 3x8 60kg
Wade Smith Machine 3x15 60kg
Nordics 3x6
Fußheber 3x8 10kg",47,100,13.6,3 - Konzentriert,3 - Gut,2 - Anstrengend,1 - Keine,,,Sprünge etwas reaktiver als letzte Woche,,114,132,,,,,,,,3f155485-caa7-80f4-a9fb-cc1e480bb938,"Blackroll, Spaziergang, Outdoor-Time",⭐⭐ Okay / Im Soll,"Magnesium, Multivitamin, Zink, Kreatin, Omega-3, B12, Vit D","Freunde, Reisestress","Unterbrechung, Gelesen, Bett geteilt, Hot-Shower, Late Meal",82.25,12.6,,,,,,,,,,,,,,,,,,,,,,,
10/5/2026,2026-10-05T18:32:00.000+02:00,Monday,2026-W41,"Sprint, Sprung",Koordination,110,Frankfurt,Draußen - Kalt,🌙 Abend,TRUE,"1 Runde EL, Mobi, Kordi
2x100m Rollen

1080 4kg isoton
2x30m ZWL Skippings
1x20 Keilchen KHL frei (6 Fuß Abstand)
2x30m HPL
2x30m KHL
1x20 Keilchen KHL frei
2x30m SPL
2x40m Hinke
1x li, 1xre
1x20 Keilchen KHL frei
2x30m Pen 1
1 x li, 1 x re

Abläufe
2x30/40/50m (druckvoll auf Technik, 85%)
LP 2', SP 8’",52,100,8.4,3 - Konzentriert,3 - Gut,3 - Normal,1 - Keine,Frisch,,Alles reaktiver/spritziger als letzte Woche ,,,,,,,,,,,3f055485-caa7-8004-b0be-de078b79db09,"Blackroll, Outdoor-Time",⭐⭐⭐ Diszipliniert,"Magnesium, Zink, Multivitamin, Kreatin, Omega-3, Vit D","Freunde, Reisestress","Unterbrechung, Gelesen, Bett geteilt, Hot-Shower, Nasenpflaster, Late Meal",82.95,12.7,2235,133,91,228,,,,,,,,,,,,,,,,,,,
10/4/2026,2026-10-04,Sunday,2026-W41,Frei,,0,,,,FALSE,,80,100,2.2,,,,,,,,,,,,,,,,,,3ef55485-caa7-80ea-af85-cb7c6b235c68,"Spaziergang, Outdoor-Time",⭐⭐ Okay / Im Soll,"Koffein, Magnesium, Multivitamin, Zink, Kreatin, Omega-3, B12, Vit D",Reisestress,"Unterbrechung, Gelesen, Bett geteilt, Hot-Shower, Kopfhörer",82.95,12.5,,,,,,,,,,,,,,,,,,,,,,,
10/3/2026,2026-10-03T11:07:00.000+02:00,Saturday,2026-W40,Ausdauer,Sekundenläufe,132,Frankfurt,Draußen - Sonnig,🌅 Vormittag,TRUE,,82,100,11.9,2 - Normal,2 - Okay,1 - Hoch,1 - Keine,,,,,,,,,,,,,,3ee55485-caa7-80ef-8f71-c1d1ab810e18,"Libido, Kalte Dusche, Blackroll, Dehnen, Outdoor-Time, Meditation",⭐⭐ Okay / Im Soll,"Koffein, Magnesium, Multivitamin, Zink, Kreatin, Omega-3, Vit D","Freunde, Reisestress","Unterbrechung, Gelesen",82.95,12.6,2660,138,117,263,,,,,,,,,,,,,,,,,,,
10/2/2026,2026-10-02T16:51:00.000+02:00,Friday,2026-W40,"Sprint, Sprung","Tempos, Plyos",88,MTG Halle,Halle,☀️ Nachmittag,FALSE,"400m EL, Mobi, Kordi kurz

Plyos 2 Sätze 15m
vorwärts
einbeinig vorwärts
einbeinig seitlich 
A-Skips
B-Skips
HPL
5 Froschsprünge

4x60m
3x100m
3x80m
85%
LP: 2min
SP: 8min

Cable Rotation 3x8 10kg",93,100,7.6,1 - Unkonzentriert,3 - Gut,2 - Anstrengend,1 - Keine,Unmotiviert,,,,,,,,,,,,,3ed55485-caa7-804d-a3ee-d0ab7eff4372,,⭐⭐⭐ Diszipliniert,"Magnesium, Multivitamin, Zink, Kreatin, Omega-3, B12, Vit D",,"Unterbrechung, Gelesen, Bett geteilt, Late Meal",82.3,12.3,2258,109,88,261,,,,,,,,,,,,,,,,,,,
10/1/2026,2026-10-01T17:44:00.000+02:00,Thursday,2026-W40,Stabi,,119,Frankfurt,Draußen - Regen,☀️ Nachmittag,TRUE,"1 Runde EL, Mobi
Hürdenkordi 6 Hürden

2x Entengänge
vorwärts / rückwarts
vorwärts / rückwärts mit Zwischenschritt
seitlich links / rechts
hoch-runter vorwärts / rückwärts
Ausfallschritte vorwärts / rückwärts

2x Stabizirkel 10 Wiederholungen
Bauchlage Medball nach vorne
Crunches mit Medball
Klappmesser
Penguins
Windshiels
Glute Bridge
Dead Bugs
Supermans

2x Stabizirkel 10 Wiederholungen
Overhead Squat Medball
Kniestand gegengleich lösen
Pistol Squat vorwärts
Rückenlage Cycles
Pistol Squat rückwärts
Worlds greatest Stretch",51,96,10.6,2 - Normal,2 - Okay,2 - Anstrengend,2 - Wenig,,,,,,,,,,,,,,3ec55485-caa7-8097-bc6d-ed1520b3230f,"Libido, Blackroll, Lympho, Outdoor-Time",⭐⭐⭐ Diszipliniert,"Magnesium, Multivitamin, Zink, Kreatin, Omega-3, B12, Vit D","Freunde, Reisestress","Gelesen, Bett geteilt, Nasenpflaster",82.3,12.4,2228,138,84,229,,,,,,,,,,,,,,,,,,,
9/30/2026,2026-09-30T17:52:00.000+02:00,Wednesday,2026-W40,"Regeneration, Tempos","Tempos, Yoga",90,Frankfurt,Draußen - Sonnig,☀️ Nachmittag,TRUE,"1 Runde EL, Mobi, Kordi
3x150/120/80m I3
LP: 50m gehen
SP: 4min

20min Mobility Yoga",78,90,8.8,2 - Normal,2 - Okay,2 - Anstrengend,1 - Keine,,,,,,,,,,,,,,3eb55485-caa7-8072-91f6-c82af1e14ce7,"Dehnen, Outdoor-Time, Meditation",⭐⭐ Okay / Im Soll,"Magnesium, Zink, Multivitamin, Kreatin, Omega-3, Vit D","Freunde, Reisestress, Beziehungsstress","Unterbrechung, Bett geteilt, Gelesen",82.75,12.6,,,,,,,,,,,,,,,,,,,,,,,
9/29/2026,2026-09-29T15:08:00.000+02:00,Tuesday,2026-W40,Kraft,,81,MTG Halle,Halle,☀️ Nachmittag,FALSE,"FCT vertikal 3x
(Trapbar 3x 120kg
Drop-Jumps 4x
Hantelsprünge 4x 30kg
Assisted Jumps 4x)

Hip-Thrust 3x8 80kg
Aufroller 3x8
Ausfallschritte Smith Machine 3x8 50kg
Wade Smith Machine 3x15 50kg
Nordics 3x6
Fußheber 3x8 10kg",82,97,13.9,2 - Normal,2 - Okay,2 - Anstrengend,2 - Wenig,,"Unterer Rücken, Gluteus R","Ausfallschritte waren das schlimmste
Etwas unteren Rücken/Gluteus verhärtet",,101.3,132,,,,,,,,3ea55485-caa7-808e-9c0a-d1e97f78d661,"Libido, Kalte Dusche, Blackroll, Spaziergang, Dehnen, Outdoor-Time, Meditation",⭐⭐ Okay / Im Soll,"Koffein, Magnesium, Multivitamin, Zink, Kreatin, Omega-3, B12, Vit D, Elektrolyte",Freunde,"Bett geteilt, Hot-Shower, Late Meal",81.95,12.6,4079,188,140,523,,,,,,,,,,,,,,,,,,,
9/28/2026,2026-09-28T18:38:00.000+02:00,Monday,2026-W40,"Sprint, Sprung",Koordination,109,Frankfurt,Draußen - Sonnig,🌙 Abend,TRUE,"1 Runde EL, Mobi, Kordi
2x60m Rollen

1080 4kg isoton
2x30m ZWL Skippings
1x20 Keilchen KHL frei (6 Fuß Abstand)
2x30m HPL
2x30m KHL
1x20 Keilchen KHL frei
2x30m SPL
2x40m Hinke
1x li, 1xre
1x20 Keilchen KHL frei
2x30m Pen 1
1 x li, 1 x re 

Abläufe
2x30/40/50m (druckvoll auf Technik, 85%) 
LP 2', SP 8’",63,95,9.9,3 - Konzentriert,3 - Gut,3 - Normal,1 - Keine,Motiviert,,"Hohe Hüfte, Linker Arm nach hinten weiter durchschwingen",,,,,,,,,,,3e955485-caa7-8019-9ae4-f9aef4911dd4,"Blackroll, Dehnen, Outdoor-Time, Meditation",⭐⭐⭐ Diszipliniert,"Magnesium, Multivitamin, Zink, Kreatin, Omega-3, Vit D","Freunde, Reisestress","Unterbrechung, Bett geteilt, Hot-Shower, Heiß",83.1,12.6,1767,76,82,178,,,,,,,,,,,,,,,,,,,
9/27/2026,2026-09-27,Sunday,2026-W40,Frei,,0,,,,FALSE,,73,91,6.1,,,,,,,,,,,,,,,,,,3e855485-caa7-8063-b184-f7892e40dbe5,"Outdoor-Time, Spaziergang, Urlaub, Blackroll",⭐⭐ Okay / Im Soll,"Magnesium, Zink, Koffein","Freunde, Reisestress","Anderes Bett, Unterbrechung, Bett geteilt, Hot-Shower",,,,,,,,,,,,,,,,,,,,,,,,,
9/26/2026,2026-09-26T09:15:00.000+02:00,Saturday,2026-W39,Tempos,Sekundenläufe,49,Franklin,Draußen - Sonnig,,FALSE,"Sekundenläufe
3x(30”/45”/60”) 20”/100m
LP: 2min
SP: 8min
3x100m: 15”/100m
LP: 2min",42,100,10.3,2 - Normal,2 - Okay,2 - Anstrengend,1 - Keine,,,,,,,,,,,,,,3e855485-caa7-808e-b8da-f55832240c52,"Outdoor-Time, Spaziergang, Libido, Sauna, Urlaub",⭐⭐ Okay / Im Soll,"Koffein, Multivitamin, Kreatin, Omega-3, Vit D",Reisestress,"Bett geteilt, Hot-Shower",82.3,12.6,,,,,,,,,,,,,,,,,,,,,,,
9/25/2026,2026-09-25,Friday,2026-W39,Frei,,0,,,,FALSE,,60,96,2.5,,,,,,,,,,,,,,,,,,3e655485-caa7-8044-919f-c9c577451051,,⭐⭐ Okay / Im Soll,"Magnesium, Multivitamin, Zink, Kreatin, Omega-3, B12, Vit D","Freunde, Reisestress","Anderes Bett, Unterbrechung, Gelesen",82.3,12.6,2561,79,117,301,,,,,,,,,,,,,,,,,,,
9/24/2026,2026-09-24T18:01:00.000+02:00,Thursday,2026-W39,Stabi,Stabi,127,Frankfurt,Draußen - Sonnig,🌙 Abend,TRUE,"800m EL, Mobi, Kordi
3x80m 70%

Ausfallschrittzirkel 10m 2x
Ausfallschritte
seitliches tiefes gehen links/rechts
Entengang vorwärts/rückwärts
Entengang hoch runter vorwärts/rückwärts

Medballzirkel 5kg 10x 4x
Druckpass
Über Kopf
Über Kopf auf einem Bein links/rechts
Ausfallschritteinwürfe 5xrechts/5xlinks
Twists
Schocken

Plankzirkel 30s/15s 3x
Plank
Seitliche Plank links/rechts
Rückenplank
Glute Bridge
Supermans",47,100,12,2 - Normal,2 - Okay,2 - Anstrengend,1 - Keine,Motiviert,,,,,,,,,,,,,3e555485-caa7-80f9-a56c-f2f247a617a7,"Blackroll, Dehnen, Outdoor-Time, Meditation",⭐⭐ Okay / Im Soll,"Magnesium, Multivitamin, Zink, Kreatin, Omega-3, Vit D","Freunde, Reisestress","Gelesen, Bett geteilt, Hot-Shower, Late Meal",82.7,12.6,2600,102,106,308,,,,,,,,,,,,,,,,,,,
9/23/2026,2026-09-23T18:12:00.000+02:00,Wednesday,2026-W39,Sprung,,91,Frankfurt,Draußen - Sonnig,🌙 Abend,TRUE,"2 Runden EL, Mobi, Kordi
60/80m Steigerung

15m Sprungkordi 2x
Pogos
Pogos einb.
Pogos einb. Seitlich 
A-Skips
B-Skips
HPL

2x3x80m 80%",41,100,11,3 - Konzentriert,2 - Okay,3 - Normal,1 - Keine,"Motiviert, Frisch",,Gute Gruppenkonstellation,,,,,,,,,,,3e455485-caa7-8049-94e6-cee5019c3e93,"Kalte Dusche, Blackroll, Dehnen, Outdoor-Time, Meditation",⭐⭐⭐ Diszipliniert,"Magnesium, Zink, Kreatin, Omega-3, B12, Vit D","Freunde, Reisestress","Gelesen, Bett geteilt, Nasenpflaster, Hot-Shower",82.7,12.8,2153,127,76,240,,,,,,,,,,,,,,,,,,,
9/22/2026,2026-09-22,Tuesday,2026-W39,Frei,,0,,,,FALSE,,56,100,1.1,,,,,,,,,,,,,,,,,,3e355485-caa7-80a7-bc3e-f1e6908e3e88,"Spaziergang, Outdoor-Time",⭐⭐ Okay / Im Soll,"Magnesium, Zink, Kreatin, Omega-3, B12, Vit D",Beziehungsstress,"Gelesen, Late Meal, Bett geteilt, Zahnspange, Hot-Shower, Kopfhörer",83.25,12.8,2328,93,101,253,,,,,,,,,,,,,,,,,,,
9/21/2026,2026-09-21,Monday,2026-W39,Frei,,0,,,,FALSE,,43,100,4.2,,,,,,,,,,,,,,,,,,3e255485-caa7-80fd-9f56-d4c2ef1da194,"Libido, Outdoor-Time, Spaziergang",⭐⭐ Okay / Im Soll,"Magnesium, Zink, Kreatin, Omega-3, B12, Vit D",,"Gelesen, Bett geteilt, Hot-Shower, Kopfhörer, Nasenpflaster",83,12.7,2804,168,107,290,,,,,,,,,,,,,,,,,,,
9/20/2026,2026-09-20,Sunday,2026-W39,Frei,,0,,,,FALSE,,76,94,4,,,,,,,,,,,,,,,,,,3e155485-caa7-8041-83bd-c9a851ad790a,"Outdoor-Time, Spaziergang, Libido",⭐⭐ Okay / Im Soll,"Magnesium, Zink, Kreatin, Omega-3, Vit D",,"Gelesen, Late Meal, Bett geteilt, Hot-Shower",82.7,12.6,1949,105,82,201,,,,,,,,,,,,,,,,,,,
9/19/2026,2026-09-19T16:01:00.000+02:00,Saturday,2026-W38,"Sprint, Sprung","Koordination, Plyos",50,MTG Halle,Draußen - Sonnig,☀️ Nachmittag,FALSE,"800m EL, Mobi
80 Pogos
10 Kordiübungen 20m
2xHPL 20m
2xSPL 20m
2xEBS 20m
2xPrellwechsler 20m
2xPen1 20m

2x30m Beschleunigung

Cooldown Fußmobi 3m Meditation",62,84,6.7,3 - Konzentriert,3 - Gut,3 - Normal,1 - Keine,Frisch,,"Alle Gelenke fühlen sich locker an, Sprungkordi auch sehr reaktiv ",,,,,,,,,,,3e055485-caa7-8097-ab5f-ffef9b98cab8,"Outdoor-Time, Blackroll",⭐⭐⭐ Diszipliniert,"Magnesium, Zink, Kreatin, Omega-3, B12, Vit D",,"Bett geteilt, Nasenpflaster, Hot-Shower",82.7,12.5,2155,113,97,215,,,,,,,,,,,,,,,,,,,
9/18/2026,2026-09-18,Friday,2026-W38,Frei,,0,,,,FALSE,,48,79,4.6,,,,,,,,,,,,,,,,,,3df55485-caa7-80a6-ab2f-efc47e3cf506,"Spaziergang, Outdoor-Time, Dehnen, Libido, Blackroll",⭐⭐ Okay / Im Soll,"Magnesium, Zink, B12","Freunde, Me-Time, Reisestress","Anderes Bett, Unterbrechung, Late Meal, Schlafmaske",,,,,,,,,,,,,,,,,,,,,,,,,
9/17/2026,2026-09-17T14:10:00.000+02:00,Thursday,2026-W38,Kraft,,65,Warendorf,Halle,☀️ Nachmittag,FALSE,"60min Full Body Workout
vormittags: 90min Teambuilding-Spiele + 90min Mobi und Entspannung",46,80,7.7,,,,,,"Verdauung, Unterer Rücken",,,,,,,,,,,,3de55485-caa7-8005-bd3d-fda0b7328267,"Spaziergang, Outdoor-Time",⭐⭐ Okay / Im Soll,Koffein,"Freunde, Me-Time","Unterbrechung, Anderes Bett, Schlafmaske",,,,,,,,,,,,,,,,,,,,,,,,,
9/16/2026,2026-09-16T10:00:00.000+02:00,Wednesday,2026-W38,Bundeswehr,,84,Warendorf,Halle,🌅 Vormittag,FALSE,Militärischer Duathlon (Laufen / Schießen),50,87,18,,,,,,,,,,,,,,,,,,3de55485-caa7-80ee-a0cd-d1ac16b1e80f,,,,,,,,,,,,,,,,,,,,,,,,,,,,,,
9/16/2026,2026-09-16T12:50:00.000+02:00,Wednesday,2026-W38,Bundeswehr,,220,Warendorf,Halle,🌅 Vormittag,FALSE,"Lehrprobe Orientierungslauf
effektiv nur Erwärmung mitgemacht, Rest angeleitet

Military Hyrox 90min",50,87,18,,,,,,,,,,,,,,,,,,3de55485-caa7-8042-8af8-de967f791eb9,,,,,,,,,,,,,,,,,,,,,,,,,,,,,,
9/16/2026,2026-09-16T07:45:00.000+02:00,Wednesday,2026-W38,Bundeswehr,,90,Warendorf,Halle,,FALSE,Flag Football,50,87,18,,,,,,,,,,,,,,,,,,3dd55485-caa7-8081-ab74-c35987b4bdfd,"Spaziergang, Outdoor-Time",⭐⭐ Okay / Im Soll,Koffein,"Freunde, Me-Time","Anderes Bett, Unterbrechung, Schlafmaske",,,,,,,,,,,,,,,,,,,,,,,,,
9/15/2026,2026-09-15T10:13:00.000+02:00,Tuesday,2026-W38,Bundeswehr,,45,Warendorf,Halle,🌅 Vormittag,FALSE,Spinning,53,86,16.9,,,,,,,,,,,,,,,,,,3dc55485-caa7-80d7-9bd2-d3cd88d74929,"Outdoor-Time, Spaziergang",⭐⭐ Okay / Im Soll,,"Freunde, Me-Time","Anderes Bett, Schlafmaske",,,,,,,,,,,,,,,,,,,,,,,,,
9/15/2026,2026-09-15T15:00:00.000+02:00,Tuesday,2026-W38,Bundeswehr,,85,Warendorf,Halle,☀️ Nachmittag,FALSE,Hindernisparcour - Takeshi’s Castle,53,86,16.9,,,,,,,,,,,,,,,,,,3dd55485-caa7-80de-805f-f67c99079e37,,,,,,,,,,,,,,,,,,,,,,,,,,,,,,
9/14/2026,2026-09-14T10:04:00.000+02:00,Monday,2026-W38,"Bundeswehr, Sprung",Plyos,79,Warendorf,Halle,🌅 Vormittag,FALSE,"Plyo-Training
Pogos, HPL, SPL, Dropjumps, Depth Jumps",45,87,12.3,,,,,,,,,,,,,,,,,,3db55485-caa7-80ca-9265-de4e7cba4b17,"Outdoor-Time, Spaziergang, Libido, Sauna",⭐⭐ Okay / Im Soll,,"Freunde, Me-Time","Anderes Bett, Schlafmaske",,,,,,,,,,,,,,,,,,,,,,,,,
9/14/2026,2026-09-14T14:00:00.000+02:00,Monday,2026-W38,"Bundeswehr, Schwimmen",,160,Warendorf,Halle,☀️ Nachmittag,FALSE,"Kleiderschwimmen
Parcour-Schwimmen
Springen / Klettern 3m/5m
Aquajogging 3x3x15s
1x100m Brustschwimmen",45,87,12.3,,,,,,,,,,,,,,,,,,3dc55485-caa7-8064-8856-d86cf7cda140,,,,,,,,,,,,,,,,,,,,,,,,,,,,,,
9/13/2026,2026-09-13,Sunday,2026-W38,Frei,,0,,,,FALSE,,50,91,1.8,,,,,,,,,,,,,,,,,,3da55485-caa7-80cc-970d-d5195b986991,"Outdoor-Time, Spaziergang, Libido",⭐⭐ Okay / Im Soll,,"Freunde, Me-Time, Reisestress","Late Meal, Anderes Bett, Unterbrechung, Hot-Shower",83.2,12.8,,,,,,,,,,,,,,,,,,,,,,,
9/12/2026,2026-09-12,Saturday,2026-W37,Frei,,0,,,,FALSE,,83,82,2.8,,,,,,,,,,,,,,,,,,3d955485-caa7-80ab-8d4a-fb78e821faba,"Spaziergang, Outdoor-Time",⭐ Schlecht (Junk Food / Timing),Koffein,,"Late Meal, Bett geteilt, Hot-Shower",83.7,12.2,,,,,,,,,,,,,,,,,,,,,,,
9/11/2026,2026-09-11T07:50:00.000+02:00,Friday,2026-W37,Bundeswehr,,100,Warendorf,Halle,,FALSE,"Kraftzirkel 2x2min Belastung, 1min Pause
Farmer Carry 15/25kg
Rautek Person ziehen
Schlitten ziehen/schieben 70kg
Kreuzheben 50kg
Person auf Rücken tragen",87,85,13,,,,,,"Muskelkater, Unterer Rücken",,,,,,,,,,,,3d855485-caa7-801c-bda0-f2ae216308a9,Outdoor-Time,,Koffein,"Freunde, Me-Time, Reisestress","Anderes Bett, Unterbrechung, Schlafmaske",,,,,,,,,,,,,,,,,,,,,,,,,
9/10/2026,2026-09-10T10:05:00.000+02:00,Thursday,2026-W37,Bundeswehr,,80,Warendorf,Draußen - Sonnig,🌅 Vormittag,FALSE,"Containertraining
Latzug
Gorilla Rows
V-Sit
Klimmzüge
Griffkraft",70,85,14.3,,,,,,"Muskelkater, Unterer Rücken",,,,,,,,,,,,3d755485-caa7-8061-a9ae-fe4aafa48dbe,"Spaziergang, Outdoor-Time",⭐⭐ Okay / Im Soll,,"Freunde, Me-Time","Anderes Bett, Unterbrechung, Schlafmaske",,,,,,,,,,,,,,,,,,,,,,,,,
9/10/2026,2026-09-10T13:45:00.000+02:00,Thursday,2026-W37,Bundeswehr,,153,Warendorf,,☀️ Nachmittag,FALSE,"Hindernisbahn
Boxen",70,85,14.3,,,,,,,,,,,,,,,,,,3d855485-caa7-8050-92d6-c4eb41d8e83d,,,,,,,,,,,,,,,,,,,,,,,,,,,,,,
9/9/2026,2026-09-09T10:00:00.000+02:00,Wednesday,2026-W37,Bundeswehr,,82,Warendorf,Halle,🌅 Vormittag,FALSE,Handball,85,82,16.4,,,,,,Unterer Rücken,,,,,,,,,,,,3d655485-caa7-8077-a31b-ce18c72ea9f4,"Outdoor-Time, Spaziergang, Dehnen, Libido, Physio",⭐⭐ Okay / Im Soll,,"Freunde, Me-Time","Unterbrechung, Anderes Bett, Schlafmaske",,,,,,,,,,,,,,,,,,,,,,,,,
9/9/2026,2026-09-09T13:15:00.000+02:00,Wednesday,2026-W37,Bundeswehr,,157,Warendorf,Halle,☀️ Nachmittag,FALSE,"Nahkampf
Boxen / Ringen",85,82,16.4,,,,,,,,,,,,,,,,,,3d755485-caa7-80bd-81a4-d373fa007e39,,,,,,,,,,,,,,,,,,,,,,,,,,,,,,
9/8/2026,2026-09-08T10:00:00.000+02:00,Tuesday,2026-W37,"Bundeswehr, Kraft",,92,Warendorf,Halle,🌅 Vormittag,FALSE,"Krafttraining
Kettlebell Umsetzen
Kettlebell Swing",39,78,19.5,,,,,,Unterer Rücken,,,,,,,,,,,,3d555485-caa7-8080-ac06-fe3ef5a50446,"Spaziergang, Outdoor-Time, Libido",⭐⭐⭐ Diszipliniert,"Multivitamin, Kreatin, Omega-3","Freunde, Me-Time","Anderes Bett, Unterbrechung, Late Meal, Schlafmaske",,,,,,,,,,,,,,,,,,,,,,,,,
9/8/2026,2026-09-08T13:15:00.000+02:00,Tuesday,2026-W37,"Ausdauer, Bundeswehr",,273,Warendorf,,☀️ Nachmittag,FALSE,"Klettern
Sekundenläufe
15/30/45/60/60/45/30/15s
LP: = Laufzeit
20min Bauchworkout",39,78,19.5,,,,,,,,,,,,,,,,,,3d655485-caa7-803f-9bec-e1e44854f6f0,,,,,,,,,,,,,,,,,,,,,,,,,,,,,,
9/7/2026,2026-09-07T10:05:00.000+02:00,Monday,2026-W37,"Bundeswehr, Ausdauer",Joggen,79,Warendorf,Draußen - Sonnig,🌅 Vormittag,FALSE,2x30min O-Lauf 5:30min/km,95,83,16.4,,,,,,Unterer Rücken,,,,,,,,,,,,3d455485-caa7-8094-a820-d709738be496,"Physio, Outdoor-Time",⭐ Schlecht (Junk Food / Timing),Koffein,"Freunde, Me-Time","Anderes Bett, Schlafmaske",,,,,,,,,,,,,,,,,,,,,,,,,
9/7/2026,2026-09-07T13:15:00.000+02:00,Monday,2026-W37,Bundeswehr,,210,Warendorf,Halle,☀️ Nachmittag,FALSE,"90min O-Lauf Halle
90min Schwimmen",95,83,16.4,,,,,,,,,,,,,,,,,,3d555485-caa7-804a-b584-c2876d05c2bf,,,,,,,,,,,,,,,,,,,,,,,,,,,,,,
9/6/2026,2026-09-06,Sunday,2026-W37,Frei,,0,,,,FALSE,,96,83,4.4,,,,,,,,,,,,,,,,,,3d355485-caa7-80ed-a989-ff5d85cce007,"Outdoor-Time, Spaziergang, Libido",⭐⭐ Okay / Im Soll,,"Freunde, Me-Time, Reisestress","Late Meal, Bett geteilt",82.25,12.6,,,,,,,,,,,,,,,,,,,,,,,
9/5/2026,2026-09-05T17:16:00.000+02:00,Saturday,2026-W36,"Sprint, Sprung",Plyos,74,MTG Halle,Halle,☀️ Nachmittag,FALSE,"400m EL
Mobi
6 Kordiübungen 20m
Sprungkordi
80 Pogos
3x2x3 Hürdensprünge klein, schnell
2x30m Ablauf
1x120m Rollen
3x5 Donkey Kicks 50kg
3x8 Fußheber 10kg",58,76,6.5,2 - Normal,2 - Okay,3 - Normal,1 - Keine,,,,,,,,,,,,,,3d255485-caa7-80e1-96a6-f175ddc1df95,,⭐⭐ Okay / Im Soll,"Magnesium, Zink",,"Late Meal, Bett geteilt, Schlafmaske",82.25,12.5,,,,,,,,,,,,,,,,,,,,,,,
9/4/2026,2026-09-04T07:58:00.000+02:00,Friday,2026-W36,Bundeswehr,,162,Warendorf,Halle,,FALSE,"Basketball
Militärischer Duathlon (Laufen, Schießen)",87,87,17.4,,,,,,,,,,,,,,,,,,3d155485-caa7-8022-aff9-d9314dc7c163,"Spaziergang, Outdoor-Time, Libido",⭐⭐ Okay / Im Soll,Koffein,"Freunde, Me-Time, Reisestress","Anderes Bett, Schlafmaske",,,,,,,,,,,,,,,,,,,,,,,,,
9/3/2026,2026-09-03T09:57:00.000+02:00,Thursday,2026-W36,Bundeswehr,,91,Warendorf,Halle,,FALSE,Volleyball,84,88,16.8,,,,,,,,,,,,,,,,,,3d055485-caa7-8020-bd67-ec2b039d8266,"Spaziergang, Outdoor-Time, Physio",⭐⭐ Okay / Im Soll,,"Freunde, Me-Time","Anderes Bett, Unterbrechung, Schlafmaske",,,,,,,,,,,,,,,,,,,,,,,,,
9/3/2026,2026-09-03T13:20:00.000+02:00,Thursday,2026-W36,"Bundeswehr, Schwimmen, Kraft",,230,Warendorf,Halle,☀️ Nachmittag,FALSE,"90min Schwimmen
90min Bewegungsschule Soldat (Klettern, Balancieren, Rolle)
40min Full Body Workout",84,88,16.8,,,,,,,,,,,,,,,,,,3d155485-caa7-8037-8c9c-c9b52810e955,,,,,,,,,,,,,,,,,,,,,,,,,,,,,,
9/2/2026,2026-09-02T16:04:00.000+02:00,Wednesday,2026-W36,Bundeswehr,,16,Warendorf,Draußen - Sonnig,☀️ Nachmittag,FALSE,"morgens Kraftraum Kniebeuge / Kreuzheben Technik locker

nachmittags eigentlich SGT, wegen Rücken nicht
1 Runde in Uniform laufen
20min Mobi",58,79,7.7,,,,,,Unterer Rücken,,,,,,,,,,,,3cf55485-caa7-80d3-9136-f8c998cfb353,"Spaziergang, Outdoor-Time, Dehnen, Libido",⭐⭐ Okay / Im Soll,,"Freunde, Me-Time","Anderes Bett, Unterbrechung, Schlafmaske",,,,,,,,,,,,,,,,,,,,,,,,,
9/1/2026,2026-09-01T13:15:00.000+02:00,Tuesday,2026-W36,"Bundeswehr, Ausdauer",Sekundenläufe,217,Warendorf,,☀️ Nachmittag,FALSE,"Flag Football
Schulspiele (Brennball, Völkerball, Mattenrutschen)
Sekundenläufe
15/30/45/60/60/45/30/15s
LP: gleich wie Laufzeit
20min Core-Workout",44,85,16.6,,,,,,Muskelkater,,,,,,,,,,,,3ce55485-caa7-80f0-b4b5-d7186d16e82e,"Spaziergang, Outdoor-Time, Libido",⭐⭐ Okay / Im Soll,,"Freunde, Me-Time","Late Meal, Unterbrechung, Anderes Bett, Schlafmaske",,,,,,,,,,,,,,,,,,,,,,,,,
8/31/2026,2026-08-31T08:02:00.000+02:00,Monday,2026-W36,Bundeswehr,,172,Warendorf,Halle,,FALSE,"Ultimate Frisbee
Volleyball
HIIT Boxen",65,90,18.6,,,,,,,,,,,,,,,,,,3cd55485-caa7-80a3-959a-e9edd71ddeb8,"Spaziergang, Outdoor-Time",⭐⭐⭐ Diszipliniert,Koffein,"Freunde, Me-Time","Anderes Bett, Unterbrechung, Schlafmaske",,,,,,,,,,,,,,,,,,,,,,,,,
8/31/2026,2026-08-31T15:13:00.000+02:00,Monday,2026-W36,Bundeswehr,,104,Warendorf,Halle,☀️ Nachmittag,FALSE,"Koordinationszirkel
(Vorwärts-/Rückwärtsrollen / Salto)
Pedalo mit Tennisbällen
Jonglieren
Balancieren mit Medbällen)

Full Body Workout mit 7kg Hantel",65,90,18.6,,,,,,,,,,,,,,,,,,3ce55485-caa7-80ab-85fc-e1417d3d6302,,,,,,,,,,,,,,,,,,,,,,,,,,,,,,
8/30/2026,2026-08-30,Sunday,2026-W36,Frei,,0,,,,FALSE,,90,90,4.3,,,,,,,,,,,,,,,,,,3cc55485-caa7-80a2-a5c0-ec42126d263f,"Spaziergang, Outdoor-Time, Libido",⭐ Schlecht (Junk Food / Timing),,"Me-Time, Reisestress","Gelesen, Bett geteilt, Schlafmaske",83.45,12.8,,,,,,,,,,,,,,,,,,,,,,,
8/29/2026,2026-08-29T15:49:00.000+02:00,Saturday,2026-W35,"Sprint, Sprung",,54,MTG Halle,Draußen - Sonnig,☀️ Nachmittag,FALSE,"800m EL, Mobi
Kordi
100 Pogos
3x2x3 Hürdensprünge niedrig, schnell
2x6 Pen1 je Seite ganz locker
3x30m Ablauf
1x120m",95,89,7.2,3 - Konzentriert,3 - Gut,3 - Normal,1 - Keine,Motiviert,Beuger R,,,,,,,,,,,,3cb55485-caa7-804d-b897-c7d56f80b67a,"Libido, Outdoor-Time",⭐⭐ Okay / Im Soll,"Magnesium, Zink, Vit D",,"Bett geteilt, Schlafmaske, Kopfhörer",83.45,12.2,,,,,,,,,,,,,,,,,,,,,,,
8/28/2026,2026-08-28T09:15:00.000+02:00,Friday,2026-W35,"Zirkel, Bundeswehr",,69,Warendorf,Halle,,FALSE,"warm-up Fangenspiele
Zirkel 2x
Kugelstoßen Stand
Kugelstoßen Drehstoß
Wurfanker werfen / Tau werfen
Granaten schleudern
Medball-Schleudern",94,90,11.7,,,,,,Kopfschmerzen,,,,,,,,,,,,3ca55485-caa7-8084-a307-cfae94947dbe,"Spaziergang, Outdoor-Time, Kalte Dusche",⭐⭐ Okay / Im Soll,"Magnesium, Zink, Vit D","Freunde, Me-Time, Reisestress","Anderes Bett, Schlafmaske",,,,,,,,,,,,,,,,,,,,,,,,,
8/27/2026,2026-08-27T09:48:00.000+02:00,Thursday,2026-W35,"Ausdauer, Bundeswehr",Joggen,80,Warendorf,,,FALSE,"Pfadspiel Joggen 45min

12min Lunges-Programm abends",92,86,13.3,,,,,,,,,,,,,,,,,,3c955485-caa7-80fe-8076-c7926a466f98,"Spaziergang, Outdoor-Time, Libido",⭐⭐ Okay / Im Soll,,"Freunde, Me-Time","Anderes Bett, Unterbrechung, Schlafmaske",,,,,,,,,,,,,,,,,,,,,,,,,
8/27/2026,2026-08-27T15:05:00.000+02:00,Thursday,2026-W35,"Schwimmen, Bundeswehr",,127,Warendorf,,☀️ Nachmittag,FALSE,Schwimmen,92,86,13.3,,,,,,,,,,,,,,,,,,3ca55485-caa7-807b-9ce2-ef7e1bc1cb64,,,,,,,,,,,,,,,,,,,,,,,,,,,,,,
8/26/2026,2026-08-26T10:00:00.000+02:00,Wednesday,2026-W35,"Sprint, Bundeswehr",Beschleunigung,90,Warendorf,Halle,🌅 Vormittag,FALSE,"Kordi-warmup, Hürdenmobi
Beschleunigungsspiele",44,85,14.2,2 - Normal,2 - Okay,3 - Normal,1 - Keine,,,,,,,,,,,,,,3c855485-caa7-8057-8aef-c67754d5686c,"Spaziergang, Physio, Dehnen, Outdoor-Time",⭐⭐ Okay / Im Soll,Koffein,"Freunde, Me-Time","Anderes Bett, Unterbrechung, Schlafmaske",,,,,,,,,,,,,,,,,,,,,,,,,
8/26/2026,2026-08-26T13:30:00.000+02:00,Wednesday,2026-W35,"Zirkel, Regeneration, Bundeswehr",,180,Warendorf,Halle,☀️ Nachmittag,FALSE,"Zirkel 3x40s
Kniebeuge
Rudern
Russian Twists
Plank
Lunges
Suitcase Carry
Liegestütz
Standwaage

60min Yoga/Dehnen + Traumreise",44,85,14.2,2 - Normal,2 - Okay,3 - Normal,1 - Keine,,,,,,,,,,,,,,3c955485-caa7-8073-80dd-d0dea3d8d765,,,,,,,,,,,,,,,,,,,,,,,,,,,,,,
8/25/2026,2026-08-25T14:36:00.000+02:00,Tuesday,2026-W35,Bundeswehr,,115,Warendorf,,☀️ Nachmittag,FALSE,"Aufwärmspiele, Mobi, Kordi
BFT
11x10m Pendellauf mit Hinlegen: 39s
Klimmhang: 74s
1km: 5:20min",53,85,15.9,2 - Normal,2 - Okay,1 - Hoch,1 - Keine,,,,,,,,,,,,,,3c755485-caa7-8095-8f8f-ce9ed9f4ad7d,"Outdoor-Time, Spaziergang, Dehnen, Libido",⭐⭐⭐ Diszipliniert,,"Freunde, Me-Time","Anderes Bett, Unterbrechung, Schlafmaske",,,,,,,,,,,,,,,,,,,,,,,,,
8/24/2026,2026-08-24,Monday,2026-W35,Frei,,0,,,,FALSE,,47,88,5.9,,,,,,,,,,,,,,,,,,3c655485-caa7-80e7-b3d8-df7eea4100a6,"Outdoor-Time, Spaziergang",⭐⭐ Okay / Im Soll,"Koffein, Magnesium, Zink, Vit D","Me-Time, Reisestress","Bett geteilt, Schlafmaske",83.45,13,,,,,,,,,,,,,,,,,,,,,,,
8/23/2026,2026-08-23,Sunday,2026-W35,Frei,,0,,,,FALSE,,50,98,4.1,,,,,,Muskelkater,,,,,,,,,,,,3c555485-caa7-804e-a9bf-c12f286d80f1,"Spaziergang, Outdoor-Time, Libido",⭐⭐ Okay / Im Soll,"Magnesium, Zink, Vit D",,"Late Meal, Bett geteilt, Schlafmaske",83.45,13,,,,,,,,,,,,,,,,,,,,,,,
8/23/2026,2023-08-12,Saturday,2023-W32,,,0,,,,FALSE,,,,,,,,,,,,,,,,,,,,,,3c555485-caa7-80bc-babe-f57ede1cdf6f,,,,,,,,,,,,,,,,,,,,,,,,,,,,,,
8/22/2026,2026-08-22T17:25:00.000+02:00,Saturday,2026-W34,Ausdauer,Joggen,17,,Draußen - Regen,☀️ Nachmittag,FALSE,20min DL,65,96,9.5,2 - Normal,3 - Gut,2 - Anstrengend,1 - Keine,,,,,,,,,,,,,,3c455485-caa7-8009-828d-f2883eb8d126,"Libido, Outdoor-Time",⭐⭐ Okay / Im Soll,"Magnesium, Zink, Vit D",,"Bett geteilt, Schlafmaske",84,12.9,,,,,,,,,,,,,,,,,,,,,,,
8/21/2026,2026-08-21,Friday,2026-W34,Frei,,0,,,,FALSE,,65,83,5.3,,,,,,,,,,,,,,,,,,3c355485-caa7-80e2-aca6-dc02e30a58d5,"Spaziergang, Outdoor-Time, Dehnen",⭐⭐ Okay / Im Soll,"Magnesium, Zink, Vit D","Reisestress, Me-Time","Anderes Bett, Unterbrechung, Schlafmaske",83.8,12.9,,,,,,,,,,,,,,,,,,,,,,,
8/20/2026,2026-08-20T13:50:00.000+02:00,Thursday,2026-W34,Kraft,,54,MTG Halle,Halle,☀️ Nachmittag,FALSE,"Trapbar 3x8 70kg
Bankdrücken 3x8 40kg
MB Twists 3x20 5kg
Langhantel Rudern 3x8 40kg
Kastenwechselsprünge 3x8
Wade 3x10 stehend/sitzend 9
Beuger 3x10 25kg
Fußheber 3x10 10kg",80,100,14.3,2 - Normal,2 - Okay,3 - Normal,1 - Keine,,,,,,88.7,,,,,,,,3c255485-caa7-8024-8d08-d03901740c01,"Spaziergang, Outdoor-Time, Dehnen, Physio",⭐⭐ Okay / Im Soll,"Magnesium, Zink, Vit D",,"Anderes Bett, Gelesen, Schlafmaske, Unterbrechung",83.4,13,,,,,,,,,,,,,,,,,,,,,,,
8/19/2026,2026-08-19T17:41:00.000+02:00,Wednesday,2026-W34,Regeneration,NI,45,Franklin,,☀️ Nachmittag,FALSE,"1 Runde EL, Mobi
2x4x100m NI 16”",82,98,6.1,2 - Normal,2 - Okay,3 - Normal,2 - Wenig,,,,,,,,,,,,,,3c155485-caa7-80b6-8039-ea7e2f905c08,"Spaziergang, Outdoor-Time, Dehnen",⭐⭐ Okay / Im Soll,"Magnesium, Zink, Vit D",Reisestress,"Gelesen, Schlafmaske, Unterbrechung, Bett geteilt, Heiß",83.65,12.9,,,,,,,,,,,,,,,,,,,,,,,
8/18/2026,2026-08-18T16:02:00.000+02:00,Tuesday,2026-W34,Sprint,,44,Frankfurt,Draußen - Regen,☀️ Nachmittag,FALSE,"2x100m EL, Mobi
Kordi 8x30m
2x30m Ablauf
2x60m (30m fliegend)
4x3 Hürdensprünge niedrig",93,93,6.5,2 - Normal,2 - Okay,3 - Normal,2 - Wenig,Unfrisch,"Sprungelenk L, Heiß, Muskelkater",,,,,,,,,,,,3c055485-caa7-8095-a70e-d2b148ff86c2,"Spaziergang, Outdoor-Time, Dehnen",⭐⭐ Okay / Im Soll,"Koffein, Magnesium, Zink, Vit D",Reisestress,"Unterbrechung, Gelesen, Bett geteilt, Schlafmaske, Heiß",83.65,12.9,1898,80,80,218,,,,,,,,,,,,,,,,,,,
8/17/2026,2026-08-17T13:08:00.000+02:00,Monday,2026-W34,Kraft,,56,MTG Halle,Halle,☀️ Nachmittag,FALSE,"2min Rad, Ausfallschritte
3x10 Pogos
2x3 Drop-Jumps 20cm
Goblet Squat 3x5 25kg
Box-Jump 3x4
Splitsquat 2x8 20kg
Klimmzüge 3x6
RDL 2x8 40kg
Liegestütz 3x15
Aufroller 3x6
Side Bends 3x6 10kg",60,97,13,2 - Normal,2 - Okay,2 - Anstrengend,1 - Keine,Motiviert,,,,,,,,,,,,,3bf55485-caa7-8027-86d9-d2ee1733caab,Dehnen,,"Magnesium, Zink, B12, Vit D",,"Anderes Bett, Unterbrechung, Heiß, Schlafmaske",84.45,13,1618,84,69,173,,,,,,,,,,,,,,,,,,,
8/16/2026,2026-08-16,Sunday,2026-W34,Frei,,0,,,,FALSE,,68,92,4,,,,,,,,,,,,,,,,,,3be55485-caa7-800d-8b66-f7efb94a76ac,"Dehnen, Outdoor-Time, Verdauungsspaziergang",⭐⭐ Okay / Im Soll,,,"Anderes Bett, Zahnspange, Hot-Shower, Schlafmaske",84.2,13.1,2445,91,92,308,,,,,,,,,,,,,,,,,,,
8/15/2026,2026-08-15T15:06:00.000+02:00,Saturday,2026-W33,Tempos,Tempos,45,Franklin,Draußen - Sonnig,☀️ Nachmittag,FALSE,"1km joggen zum Platz
dynamisch dehnen
Pogos
4x200m 32”
200m Gehpause",57,88,11,2 - Normal,2 - Okay,2 - Anstrengend,2 - Wenig,Frisch,Sprungelenk L,,,,,,,,,,,,3bd55485-caa7-804f-8614-d6ddb3e337a6,"Outdoor-Time, Verdauungsspaziergang, Dehnen",⭐⭐ Okay / Im Soll,"Koffein, Elektrolyte, Zink, Vit D","Me-Time, Reisestress","Anderes Bett, Unterbrechung, Heiß, Schlafmaske",83.9,13.1,,,,,,,,,,,,,,,,,,,,,,,
8/14/2026,2026-08-14,Friday,2026-W33,Frei,,0,,,,FALSE,,72,78,4.2,,,,,,,,,,,,,,,,,,3bc55485-caa7-80cd-9e67-ce8d025e7dc6,"Libido, Outdoor-Time",⭐⭐ Okay / Im Soll,"Koffein, Zink, Vit D","Me-Time, Reisestress","Late Meal, Anderes Bett, Schlafmaske",,,,,,,,,,,,,,,,,,,,,,,,,
8/13/2026,2026-08-13,Thursday,2026-W33,Frei,,0,,,,FALSE,,62,100,1.5,,,,,,,,,,,,,,,,,,3bb55485-caa7-80d4-ad3e-e9b095d1ff5d,"Verdauungsspaziergang, Outdoor-Time, Kalte Dusche",⭐⭐ Okay / Im Soll,"Zink, Vit D",Reisestress,"Late Meal, Unterbrechung, Anderes Bett, Schlafmaske",84.65,13.1,,,,,,,,,,,,,,,,,,,,,,,
8/12/2026,2026-08-12,Wednesday,2026-W33,Frei,,0,,,,FALSE,,76,100,4,,,,,,Kopfschmerzen,,,,,,,,,,,,3ba55485-caa7-8050-82f8-fcf3dfee3a06,"Verdauungsspaziergang, Outdoor-Time, Kalte Dusche",⭐⭐ Okay / Im Soll,"Koffein, Elektrolyte, Zink, Vit D",Reisestress,"Late Meal, Unterbrechung, Anderes Bett, Schlafmaske",84.65,13.1,,,,,,,,,,,,,,,,,,,,,,,
8/11/2026,2026-08-11T13:30:00.000+02:00,Tuesday,2026-W33,"Sprint, Sprung",,28,MTG Halle,Halle,☀️ Nachmittag,FALSE,"4x50m EL/Hopsen
30m Kordi
Pogos around the world
2x20m Beschleunigung
1x30m fliegend
1x10er Sprunglauf
3x4 Hürdensprünge niedrig",87,99,9.1,2 - Normal,3 - Gut,3 - Normal,1 - Keine,Frisch,Sprungelenk L,,,,,,,,,,,,3b955485-caa7-8039-88e9-da23c1c51718,"Verdauungsspaziergang, Outdoor-Time, Physio",⭐⭐ Okay / Im Soll,"Elektrolyte, Zink, Vit D",,"Anderes Bett, Schlafmaske",84.65,13.1,,,,,,,,,,,,,,,,,,,,,,,
8/10/2026,2026-08-10,Monday,2026-W33,Frei,,0,,,,FALSE,,91,100,1.7,,,,,,Kopfschmerzen,,,,,,,,,,,,3b855485-caa7-804f-ab28-c66105f696a7,"Verdauungsspaziergang, Outdoor-Time, Kalte Dusche, Libido",⭐⭐ Okay / Im Soll,Elektrolyte,,"Gelesen, Unterbrechung, Anderes Bett, Heiß, Schlafmaske",85.1,13.1,,,,,,,,,,,,,,,,,,,,,,,
8/9/2026,2026-08-09T09:41:00.000+02:00,Sunday,2026-W33,Ausdauer,Joggen,31,,Draußen - Sonnig,,FALSE,10min Joggen,98,100,7.1,,,,,,Kopfschmerzen,,,,,,,,,,,,3b755485-caa7-80a7-a4d5-df5fad9cf48f,"Outdoor-Time, Verdauungsspaziergang, Dehnen, Blackroll",⭐⭐ Okay / Im Soll,Elektrolyte,Beziehungsstress,"Unterbrechung, Anderes Bett, Gelesen, Schlafmaske",85.1,13.1,,,,,,,,,,,,,,,,,,,,,,,
8/8/2026,2026-08-08T09:25:00.000+02:00,Saturday,2026-W32,Tempos,Tempos,88,MTG Halle,Draußen - Sonnig,,FALSE,"1 Runde EL, 4x80m Steigerung
Mobi, Kordi
2x300m 40”
LP: 15min",72,96,11.8,2 - Normal,2 - Okay,2 - Anstrengend,2 - Wenig,"Motiviert, Gut gelaunt","Kopfschmerzen, Sprungelenk L",,,,,,,,,,,,3b655485-caa7-80c5-a3da-c131a32fee82,"Dehnen, Kalte Dusche, Outdoor-Time, Blackroll",⭐ Schlecht (Junk Food / Timing),Elektrolyte,Freunde,"Gelesen, Anderes Bett, Unterbrechung",84.25,13.2,,,,,,,,,,,,,,,,,,,,,,,
8/7/2026,2026-08-07T18:58:00.000+02:00,Friday,2026-W32,Regeneration,Stabi,13,,,🌙 Abend,FALSE,13min Pilates Core,65,94,3.9,,,,,,,,,,,,,,,,,,3b555485-caa7-8080-8975-f244cb1d4c4d,"Verdauungsspaziergang, Outdoor-Time, Kalte Dusche",⭐ Schlecht (Junk Food / Timing),,,"Gelesen, Late Meal, Unterbrechung, Heiß, Bett geteilt, Schlafmaske",84.25,13,,,,,,,,,,,,,,,,,,,,,,,
8/6/2026,2026-08-06,Thursday,2026-W32,Frei,,0,,,,FALSE,,62,100,3.3,,,,,,,,,,,,,,,,,,3b455485-caa7-80c7-9b86-ee6e3068c283,Kalte Dusche,⭐⭐ Okay / Im Soll,,,"Gelesen, Unterbrechung, Schlafmaske, Anderes Bett",84.9,13.1,,,,,,,,,,,,,,,,,,,,,,,
8/5/2026,2026-08-05,Wednesday,2026-W32,Frei,,0,,,,FALSE,,83,100,4.1,,,,,,Kopfschmerzen,,,,,,,,,,,,3b355485-caa7-8046-8a23-f05d2e8c5f43,"Dehnen, Kalte Dusche, Libido, Physio, Outdoor-Time, Blackroll, Verdauungsspaziergang",⭐⭐ Okay / Im Soll,Elektrolyte,Reisestress,"Gelesen, Unterbrechung, Anderes Bett, Schlafmaske, Heiß",84.9,13.2,,,,,,,,,,,,,,,,,,,,,,,
8/4/2026,2026-08-04T12:19:00.000+02:00,Tuesday,2026-W32,"Sprint, Sprung",,63,MTG Halle,Draußen - Sonnig,🌅 Vormittag,FALSE,"3x60m EL, Mobi, Kordi
3x2 Hürdensprünge
2x30m Beschleunigung
5x7er Sprung",54,99,10.2,2 - Normal,2 - Okay,3 - Normal,2 - Wenig,Heiß,Unterer Rücken,,,,,,,,,,,,3b255485-caa7-8053-bf55-fb7ad9bca00a,"Dehnen, Outdoor-Time, Verdauungsspaziergang, Blackroll",⭐⭐ Okay / Im Soll,,Freunde,"Anderes Bett, Gelesen, Schlafmaske, Unterbrechung",85.7,13.4,,,,,,,,,,,,,,,,,,,,,,,
8/3/2026,2026-08-03,Monday,2026-W32,Frei,,0,,,,FALSE,,56,98,4.1,,,,,,,,,,,,,,,,,,3b155485-caa7-805b-9dd5-dc5ceedbddd7,"Dehnen, Libido, Blackroll, Verdauungsspaziergang, Outdoor-Time",⭐⭐ Okay / Im Soll,,,"Gelesen, Bett geteilt, Nasenpflaster, Kopfhörer",86.15,13.4,,,,,,,,,,,,,,,,,,,,,,,
8/2/2026,2026-08-02,Sunday,2026-W32,Frei,,0,,,,FALSE,,78,100,5.9,,,,,,,,,,,,,,,,,,3b055485-caa7-80d1-9abd-d0bebeeed820,"Urlaub, Outdoor-Time, Verdauungsspaziergang",⭐ Schlecht (Junk Food / Timing),,,"Gelesen, Late Meal, Bett geteilt, Schlafmaske, Kopfhörer",86.15,13.5,,,,,,,,,,,,,,,,,,,,,,,
8/1/2026,2026-08-01,Saturday,2026-W31,Frei,,0,,,,FALSE,,49,100,4,,,,,,,,,,,,,,,,,,3af55485-caa7-8052-ae19-c3acd4949bce,Outdoor-Time,⭐ Schlecht (Junk Food / Timing),Koffein,"Freunde, Reisestress","Late Meal, Zahnspange, Schlafmaske",86.15,13.3,,,,,,,,,,,,,,,,,,,,,,,
7/31/2026,2026-07-31,Friday,2026-W31,Frei,,0,,,,FALSE,,56,98,4.1,,,,,,,,,,,,,,,,,,3ae55485-caa7-8063-b9c7-fcf5f0ed3471,"Outdoor-Time, Verdauungsspaziergang",⭐⭐ Okay / Im Soll,Koffein,Freunde,"Gelesen, Anderes Bett, Unterbrechung, Late Meal, Heiß, Schlafmaske",85.9,13.2,,,,,,,,,,,,,,,,,,,,,,,
7/30/2026,2026-07-30,Thursday,2026-W31,Frei,,0,,,,FALSE,,70,100,2.9,,,,,,,,,,,,,,,,,,3ad55485-caa7-8053-bf16-f993f2d64b30,Libido,⭐ Schlecht (Junk Food / Timing),Elektrolyte,Reisestress,"Gelesen, Late Meal, Unterbrechung, Anderes Bett, Heiß, Nasenpflaster, Schlafmaske",85.9,13.2,,,,,,,,,,,,,,,,,,,,,,,
7/29/2026,2026-07-29,Wednesday,2026-W31,Frei,,0,,,,FALSE,,50,97,1.6,,,,,,,,,,,,,,,,,,3ac55485-caa7-801f-9af2-f13f6018df7a,"Kalte Dusche, Physio, Outdoor-Time, Verdauungsspaziergang",⭐ Schlecht (Junk Food / Timing),,Freunde,"Gelesen, Late Meal, Unterbrechung, Anderes Bett, Heiß, Nasenpflaster, Schlafmaske, Kopfhörer",86.5,13.3,,,,,,,,,,,,,,,,,,,,,,,
7/28/2026,2026-07-28,Tuesday,2026-W31,Frei,,0,,,,FALSE,,57,93,2.4,,,,,,,,,,,,,,,,,,3ab55485-caa7-8044-9242-e25ba2044fed,"Physio, Outdoor-Time, Verdauungsspaziergang",⭐ Schlecht (Junk Food / Timing),,,"Late Meal, Gelesen, Schlafmaske, Bett geteilt",86.5,13.3,,,,,,,,,,,,,,,,,,,,,,,
7/27/2026,2026-07-27,Monday,2026-W31,Frei,,0,,,,FALSE,,59,91,5.8,,,,,,Muskelkater,,,,,,,,,,,,3aa55485-caa7-8073-93c6-dc4f0d82b117,"Kalte Dusche, Outdoor-Time, Verdauungsspaziergang",⭐ Schlecht (Junk Food / Timing),,"Freunde, Reisestress","Bett geteilt, Nasenpflaster, Schlafmaske, Kopfhörer, Alkohol",86.1,13.1,,,,,,,,,,,,,,,,,,,,,,,
7/26/2026,2026-07-26,Sunday,2026-W31,Frei,,0,,,,FALSE,,29,73,4.6,,,,,,"Muskelkater, Sprungelenk L, Unterer Rücken",,,,,,,,,,,,3a955485-caa7-80d6-9cc6-c6d0dead9613,"Libido, Kalte Dusche, Outdoor-Time, Verdauungsspaziergang",⭐⭐ Okay / Im Soll,,"Me-Time, Reisestress","Anderes Bett, Unterbrechung, Schlafmaske, Late Meal, Hot-Shower, Alkohol",,,,,,,,,,,,,,,,,,,,,,,,,
7/25/2026,2026-07-25T16:26:00.000+02:00,Saturday,2026-W30,Wettkampf,,205,Bochum,Draußen - Sonnig,☀️ Nachmittag,TRUE,Weit: 7.86m +1.3m/s,76,100,16,3 - Konzentriert,3 - Gut,2 - Anstrengend,2 - Wenig,Motiviert,Sprungelenk L,"bester Wettkampf der Saison, endlich wieder Geschwindigkeit gehabt",,,,,7.86,,,,,,3a855485-caa7-8066-87d3-cc99126a961c,"Libido, Outdoor-Time, Verdauungsspaziergang",⭐⭐⭐ Diszipliniert,"Koffein, Elektrolyte, Magnesium, Multivitamin, Zink, Kreatin, Omega-3","Freunde, Me-Time","Anderes Bett, Unterbrechung, Schlafmaske",,,,,,,,,,,,,,,,,,,,,,,,,
7/24/2026,2026-07-24T18:13:00.000+02:00,Friday,2026-W30,Auftakt,,43,Bochum,Draußen - Sonnig,🌙 Abend,FALSE,"3x60m EL, Mobi, Kordi
Sprungkordi
3x2 Hürdensprünge
1x60 Steigerung",66,98,7.2,2 - Normal,2 - Okay,3 - Normal,2 - Wenig,Stress,,,,,,,,,,,,,3a755485-caa7-80de-986e-cf0c66e72a6f,"Dehnen, Outdoor-Time, Blackroll, Verdauungsspaziergang",⭐⭐⭐ Diszipliniert,"Elektrolyte, Magnesium, Multivitamin, Zink, Kreatin, Omega-3, Vit D","Freunde, Me-Time, Reisestress","Late Meal, Bett geteilt, Nasenpflaster, Schlafmaske, Kopfhörer",85.4,13.2,,,,,,,,,,,,,,,,,,,,,,,
7/23/2026,2026-07-23,Thursday,2026-W30,Frei,,0,,,,FALSE,,74,96,3.4,,,,,,"Sprungelenk L, Unterer Rücken",,,,,,,,,,,,3a655485-caa7-805f-ab4d-d75949733c95,"Verdauungsspaziergang, Outdoor-Time, Dehnen, Kalte Dusche, Libido, Physio, Blackroll",⭐⭐⭐ Diszipliniert,"Magnesium, Multivitamin, Zink, Kreatin, Omega-3, B12, Vit D",,"Gelesen, Bett geteilt, Zahnspange, Nasenpflaster, Kopfhörer, Schlafmaske",85.8,13.1,,,,,,,,,,,,,,,,,,,,,,,
7/22/2026,2026-07-22T15:53:00.000+02:00,Wednesday,2026-W30,Regeneration,,98,Frankfurt,Draußen - Sonnig,☀️ Nachmittag,TRUE,"2x200m EL, Mobi, Kordi
Hürdenkordi 2x5
Hürdensprünge 3x2
3x50m Steigerung
2x Anlaufkontrolle 42,40m",84,95,7.3,2 - Normal,2 - Okay,3 - Normal,2 - Wenig,Unmotiviert,"Unterer Rücken, Sprungelenk L, Achilles L",,,,,,,,,,,,3a555485-caa7-8016-8d82-cf4cb5fdf8db,"Dehnen, Kalte Dusche, Physio, Outdoor-Time, Blackroll",⭐⭐⭐ Diszipliniert,"Koffein, Elektrolyte, Magnesium, Multivitamin, Zink, Kreatin, Omega-3, B12, Vit D","Freunde, Reisestress","Bett geteilt, Nasenpflaster, Schlafmaske",85.35,13.2,,,,,,,,,,,,,,,,,,,,,,,
7/21/2026,2026-07-21T10:36:00.000+02:00,Tuesday,2026-W30,"Sprint, Sprung","Beschleunigung, Absprung",136,MTG Halle,Halle,🌅 Vormittag,TRUE,"400m EL, Mobi, Kordi
1 Steigerung
30/40/50m Ablauf
Einspringen
2x9er
4x11er
2x2/1 Pen1 aus Angehen
80m In/Out/In 30/20/30m",75,92,10.1,3 - Konzentriert,3 - Gut,3 - Normal,2 - Wenig,"Motiviert, Frisch","Sprungelenk L, Unterer Rücken",,,,,,,,,,,,3a455485-caa7-80aa-9825-f0f0f0a6b741,"Outdoor-Time, Verdauungsspaziergang, Lympho, Dehnen, Physio, Blackroll",⭐⭐ Okay / Im Soll,"Elektrolyte, Magnesium, Multivitamin, Zink, Kreatin, Omega-3, Vit D",Freunde,"Late Meal, Bett geteilt, Nasenpflaster, Schlafmaske",85.7,13.2,,,,,,,,,,,,,,,,,,,,,,,
7/20/2026,2026-07-20T18:09:00.000+02:00,Monday,2026-W30,Kraft,,83,Frankfurt,Halle,🌙 Abend,FALSE,"Armarbeit 3x30 2kg
Umsetzen 2/2/1/1/1/(1) 90/95/100/105/110kg
Nordics 3x6
Adduktor / Abduktor 3x8 80/100/100kg
Front Squat 3/2/2/1/1 70/75/80/85/90kg
Box-Jump 3x3",74,81,11.6,2 - Normal,2 - Okay,3 - Normal,,Unmotiviert,"Sprungelenk L, Unterer Rücken",,,,,113.7,,,,,,,3a355485-caa7-8054-be1d-f421b6d2d92a,"Dehnen, Kalte Dusche, Outdoor-Time, Blackroll",⭐⭐⭐ Diszipliniert,"Magnesium, Multivitamin, Zink, Kreatin, Omega-3, Vit D","Reisestress, Freunde","Late Meal, Bett geteilt, Schlafmaske",86.45,13.2,,,,,,,,,,,,,,,,,,,,,,,
7/19/2026,2026-07-19,Sunday,2026-W30,Frei,,0,,,,FALSE,,99,98,4.1,,,,,,,,,,,,,,,,,,3a255485-caa7-80ac-ba6c-e2aab698431c,"Dehnen, Verdauungsspaziergang, Outdoor-Time",⭐⭐ Okay / Im Soll,"Koffein, Magnesium, Multivitamin, Zink, Kreatin, Omega-3, Vit D",Freunde,"Late Meal, Bett geteilt, Nasenpflaster, Schlafmaske",85.85,13.1,,,,,,,,,,,,,,,,,,,,,,,
7/18/2026,2026-07-18T17:50:00.000+02:00,Saturday,2026-W29,Regeneration,NI,53,Franklin,Draußen - Sonnig,☀️ Nachmittag,FALSE,"3x3x100m NI
LP: 2min
SP: 6min",65,96,6.7,2 - Normal,2 - Okay,3 - Normal,3 - Mittel,Unmotiviert,"Unterer Rücken, Achilles L, Sprungelenk L",,,,,,,,,,,,3a155485-caa7-80e0-8799-ca8c7d6a2806,"Dehnen, Kalte Dusche, Libido, Outdoor-Time, Blackroll",⭐⭐⭐ Diszipliniert,"Magnesium, Multivitamin, Zink, Kreatin, Omega-3, B12, Vit D",Freunde,"Late Meal, Heiß, Bett geteilt, Nasenpflaster, Schlafmaske",86.75,13.2,,,,,,,,,,,,,,,,,,,,,,,
7/17/2026,2026-07-17T18:42:00.000+02:00,Friday,2026-W29,"Sprint, Sprung","MaxV, Plyos",80,MTG Halle,Halle,🌙 Abend,FALSE,"EL, Gymnastik, 4x6 Hürdenkoordi
1 Steigerung
Sprünge
3x5er SPL - 4 ALS
3x2/1 Pen1 - 4 ALS
2x120m In/Out/In - P 15‘
50/30/40m",95,94,9.6,2 - Normal,2 - Okay,2 - Anstrengend,2 - Wenig,Heiß,Unterer Rücken,,,,,,,,,,,,3a055485-caa7-804f-8de3-f08c4b65dabb,"Verdauungsspaziergang, Outdoor-Time, Kalte Dusche",⭐⭐ Okay / Im Soll,"Elektrolyte, Magnesium, Multivitamin, Zink, Kreatin, Omega-3, B12, Vit D",Freunde,"Heiß, Bett geteilt, Zahnspange, Nasenpflaster, Schlafmaske",,,,,,,,,,,,,,,,,,,,,,,,,
7/16/2026,2026-07-16T16:03:00.000+02:00,Thursday,2026-W29,Kraft,,73,MTG Halle,Halle,☀️ Nachmittag,FALSE,"Armarbeit spezial 3x20 5kg
Trapbar 6x2 70/80/90/100/110/120kg
Beuger 3x8 25/30/35kg
Wade 3x8 10 stehend/sitzend
Aufsteiger 3/3/2/2/2/2 60/65/70/75/80/85kg
Hüftbeuger 3x6 70/80/90kg
Hip-Thrust 3x5 80kg
Tscherbakis 3x6",57,92,14.3,2 - Normal,2 - Okay,3 - Normal,2 - Wenig,Unmotiviert,Unterer Rücken,,90.7,93.3,128,,,,,,,,39f55485-caa7-80b9-94b8-d97166faf792,"Dehnen, Kalte Dusche, Physio, Outdoor-Time, Blackroll",⭐⭐ Okay / Im Soll,"Magnesium, Multivitamin, Zink, Kreatin, Omega-3, Vit D","Freunde, Me-Time","Heiß, Bett geteilt, Schlafmaske",86.3,13.1,,,,,,,,,,,,,,,,,,,,,,,
7/15/2026,2026-07-15T15:41:00.000+02:00,Wednesday,2026-W29,Sprint,MaxV,99,Frankfurt,Draußen - Sonnig,☀️ Nachmittag,TRUE,"EL, Gymnastik, Koordination
1 Steigerung
3x3x2 HüSprünge bb Hürdenhöhe pro Serie steigern.
1 x 50m Ablauf
2 Serien
60m ZWL - 10/80 P 8‘
30m über Keilchen(18/6“) P 6-8‘
60m ZU - 10/80 SP 12-15‘",63,88,10.6,2 - Normal,3 - Gut,2 - Anstrengend,2 - Wenig,Motiviert,Verdauung,Momente: Spaziergang nach Hause,,,,,,,,,,,39e55485-caa7-8054-9ee8-e8cad4fd40a4,"Dehnen, Kalte Dusche, Outdoor-Time, Blackroll, Verdauungsspaziergang",⭐⭐ Okay / Im Soll,"Elektrolyte, Magnesium, Multivitamin, Zink, Kreatin, Omega-3, B12, Vit D","Reisestress, Freunde","Bett geteilt, Schlafmaske",85.6,13,,,,,,,,,,,,,,,,,,,,,,,
7/14/2026,2026-07-14T14:45:00.000+02:00,Tuesday,2026-W29,Sprung,Absprung,112,MTG Halle,Halle,☀️ Nachmittag,TRUE,"1 Runde EL, Mobi, Kordi
60m Steigerung
Einspringen
30/40/50m Beschleunigung
2x9er
5x15er",60,92,11.8,2 - Normal,3 - Gut,2 - Anstrengend,2 - Wenig,Stress,"Sprungelenk L, Unterer Rücken, Heiß","Letzten 2 Schritte besser draufgeblieben, Landung besser
Momente: Oper, gute Sprünge",,,,,,,,,,,39d55485-caa7-801a-90ce-d3cc936d3c52,"Dehnen, Kalte Dusche, Physio, Outdoor-Time, Blackroll",⭐⭐⭐ Diszipliniert,"Elektrolyte, Magnesium, Multivitamin, Zink, Kreatin, Omega-3, Vit D","Freunde, Me-Time","Bett geteilt, Late Meal, Schlafmaske",86.3,13.4,,,,,,,,,,,,,,,,,,,,,,,
7/13/2026,2026-07-13T18:13:00.000+02:00,Monday,2026-W29,Kraft,,80,Frankfurt,Halle,🌙 Abend,FALSE,"Armarbeit 3x40 1.5kg
Umsetzen 2/2/2/1/1 90/95/100/105/110kg
Beuger spezial 3x6
Hüftbeuger 8/7/6 50/60/70kg
Kniebeuge 3/3/2/2/1 90/110/120/130/140kg
Box-Jump 3x3",58,85,10.5,2 - Normal,3 - Gut,3 - Normal,3 - Mittel,,Unterer Rücken,,,,,113.7,,,,,,,39c55485-caa7-8099-8ebd-fafa97a1e8bf,"Outdoor-Time, Verdauungsspaziergang, Blackroll",⭐⭐ Okay / Im Soll,"Koffein, Magnesium, Multivitamin, Zink, Ashwaghanda, Kreatin, Omega-3, Vit D","Freunde, Reisestress","Bett geteilt, Schlafmaske",86.8,13.3,,,,,,,,,,,,,,,,,,,,,,,
7/12/2026,2026-07-12,Sunday,2026-W29,Frei,,0,,,,FALSE,,49,61,4.3,,,,,,"Muskelkater, Unterer Rücken",,,,,,,,,,,,39b55485-caa7-8015-b5c1-f0109df5c587,"Outdoor-Time, Verdauungsspaziergang, Kalte Dusche, Blackroll",,"Koffein, Magnesium, Zink, Ashwaghanda, Kreatin, Omega-3","Freunde, Me-Time, Reisestress","Late Meal, Schlafmaske, Kopfhörer, Anderes Bett",,,,,,,,,,,,,,,,,,,,,,,,,
7/11/2026,2026-07-11T19:10:00.000+02:00,Saturday,2026-W28,Wettkampf,,140,Kortrijk,Draußen - Windig,🌙 Abend,TRUE,"Auftakt morgens
Weit: 7.71m +1.1m/s",79,98,13.5,2 - Normal,2 - Okay,3 - Normal,3 - Mittel,,"Muskelkater, Unterer Rücken","Vom vorletzten auf den letzten Schritt mehr schieben, Schwungbein schon weiter vorne bei Absprung",,,,,7.71,,,,,,39a55485-caa7-800d-843c-e6531df508ce,"Outdoor-Time, Verdauungsspaziergang, Dehnen, Kalte Dusche",⭐⭐ Okay / Im Soll,"Koffein, Elektrolyte, Magnesium, Multivitamin, Zink, Ashwaghanda, Kreatin, Omega-3","Freunde, Me-Time","Anderes Bett, Unterbrechung, Schlafmaske, Kopfhörer",,,,,,,,,,,,,,,,,,,,,,,,,
7/10/2026,2026-07-10,Friday,2026-W28,Frei,,0,,,,FALSE,,79,100,4.6,,,,,,"Unterer Rücken, Muskelkater",,,,,,,,,,,,39955485-caa7-80b1-9fcf-fffb08d3b04e,"Dehnen, Libido, Outdoor-Time, Spaziergang",,"Koffein, Magnesium, Multivitamin, Zink, Ashwaghanda, Kreatin, Omega-3, Vit D","Reisestress, Me-Time, Freunde","Unterbrechung, Bett geteilt, Schlafmaske",85.75,13.3,,,,,,,,,,,,,,,,,,,,,,,
7/9/2026,2026-07-09,Thursday,2026-W28,Frei,,0,,,,FALSE,,90,100,4.1,,,,,,"Muskelkater, Unterer Rücken",,,,,,,,,,,,39855485-caa7-80d4-9702-dff6638decb0,"Outdoor-Time, Verdauungsspaziergang, Lympho, Dehnen, Kalte Dusche, Blackroll, Physio",,"Magnesium, Multivitamin, Zink, Ashwaghanda, Kreatin, Omega-3, B12, Vit D",,"Unterbrechung, Bett geteilt, Zahnspange, Schlafmaske",86.45,13.1,,,,,,,,,,,,,,,,,,,,,,,
7/8/2026,2026-07-08T16:07:00.000+02:00,Wednesday,2026-W28,Sprint,Beschleunigung,144,Frankfurt,Draußen - Sonnig,☀️ Nachmittag,TRUE,"EL, Gymnastik, HüKoordi 4x6
30m Skippings, 30m KHL
4x2x2 HüSprünge beidbeinig
1 Steigerung
2 Anlaufkontrollen
2 Serien
1x30m ZWL(10kg) - 5‘ P
1x30m KHL über Keilchen 5‘ P
1x50m - letzte 20m fliegend
SP 12‘",98,100,8.7,2 - Normal,2 - Okay,2 - Anstrengend,3 - Mittel,"Unmotiviert, Unfrisch, Verkrampft","Muskelkater, Unterer Rücken",,,,,,,,,,,,39755485-caa7-80c1-8919-df2b7e5da2f1,"Dehnen, Kalte Dusche, Outdoor-Time, Blackroll, Physio",⭐⭐ Okay / Im Soll,"Elektrolyte, Magnesium, Multivitamin, Zink, Ashwaghanda, Kreatin, Omega-3, B12, Vit D","Freunde, Reisestress","Gelesen, Unterbrechung, Heiß, Bett geteilt",86.2,13.2,,,,,,,,,,,,,,,,,,,,,,,
7/7/2026,2026-07-07T14:12:00.000+02:00,Tuesday,2026-W28,Sprung,Absprung,166,MTG Halle,Halle,☀️ Nachmittag,TRUE,"1 Runde EL, Mobi, Kordi 20m
1 Steigerung
30/40/50m Ablauf 5min Pause
Einspringen
3x9er
3x13er
2x5er Sprunglauf
2x 2/1 Pen1 auf Matte",98,100,11,3 - Konzentriert,3 - Gut,2 - Anstrengend,2 - Wenig,"Gut gelaunt, Motiviert",Kopfschmerzen,,,,,,,,,,,,39655485-caa7-8036-8e56-f50a33e9ee86,"Dehnen, Outdoor-Time, Blackroll",⭐⭐ Okay / Im Soll,"Elektrolyte, Magnesium, Multivitamin, Zink, Ashwaghanda, Kreatin, Omega-3, B12, Vit D","Freunde, Me-Time, Beziehungsstress","Gelesen, Bett geteilt",86.85,13.3,,,,,,,,,,,,,,,,,,,,,,,
7/6/2026,2026-07-06T14:27:00.000+02:00,Monday,2026-W28,Kraft,,114,MTG Halle,Halle,☀️ Nachmittag,FALSE,"FCT vertikal 3x
(Trapbar 3x 140kg
Drop-Jumps 4x
Hantelsprünge 4x 30kg
Assisted Jumps 4x)
Armarbeit spezial 3x20 5kg
Aufsteiger 3/3/2/2/1/1 60/65/70/75/80/85kg
Hüftbeuger 7/6/5 70/80/90kg
Wade 3x8 10 stehend/sitzend
Hip-Thrust 3x6 120kg
Beuger 3x8 30/35/35kg
Box-Jumps 3x3",90,97,15,2 - Normal,2 - Okay,3 - Normal,2 - Wenig,Schlecht gelaunt,"Weich, Verdauung, Muskelkater",,87.8,144,154,,,,,,,,39555485-caa7-8063-a19f-dcbe2caeb0c2,"Dehnen, Kalte Dusche, Libido, Blackroll",⭐⭐ Okay / Im Soll,"Koffein, Magnesium, Multivitamin, Zink, Ashwaghanda, Kreatin, Omega-3, Vit D",,"Late Meal, Heiß, Unterbrechung, Bett geteilt, Hot-Shower",86.85,13.3,,,,,,,,,,,,,,,,,,,,,,,
7/5/2026,2026-07-05,Sunday,2026-W28,Frei,,0,,,,FALSE,,59,91,4.6,,,,,,"Achilles L, Unterer Rücken",,,,,,,,,,,,39455485-caa7-8093-aa42-dd06e3e05210,"Outdoor-Time, Blackroll",⭐ Schlecht (Junk Food / Timing),"Koffein, Magnesium, Multivitamin, Zink, Ashwaghanda, Kreatin, Omega-3, B12, Vit D",Reisestress,"Gelesen, Anderes Bett",,,,,,,,,,,,,,,,,,,,,,,,,
7/4/2026,2026-07-04T11:53:00.000+02:00,Saturday,2026-W27,"Sprint, Sprung","Absprung, MaxV",171,Frankfurt,Draußen - Sonnig,🌅 Vormittag,TRUE,"EL, Gymnastik, Koordination
2 Anlaufkontrollen
Einspringen
3x9er
3x13er
2 x 40 Hinke li + re
10/80 - 3 Serien
50m ZWL - 8‘ Pause
50m ZU - SP 12-15‘",77,91,12.6,2 - Normal,3 - Gut,2 - Anstrengend,2 - Wenig,Motiviert,"Unterer Rücken, Muskelkater",,,,,,,,,,,,39355485-caa7-80e6-b38b-e1879c887e76,"Kalte Dusche, Outdoor-Time, Blackroll",⭐⭐ Okay / Im Soll,"Elektrolyte, Magnesium, Multivitamin, Zink, Ashwaghanda, Kreatin, Omega-3, B12, Vit D","Reisestress, Freunde","Gelesen, Heiß, Bett geteilt, Schlafmaske",85.95,13.2,,,,,,,,,,,,,,,,,,,,,,,
7/3/2026,2026-07-03T16:48:00.000+02:00,Friday,2026-W27,Regeneration,,101,Mannheim,Draußen - Sonnig,☀️ Nachmittag,FALSE,"EL, Gymnastik, 4x6 HüKoordi
3x20 Hopserlauf
3x20 Sorunglauf
3x20m Pen1 li + re
NI-Läufe
3x80/100/120m 2‘ P, 6‘ SP",70,86,6.6,2 - Normal,2 - Okay,3 - Normal,2 - Wenig,"Unmotiviert, Unfrisch, Müde","Verspannt, Unterer Rücken",,,,,,,,,,,,39255485-caa7-8010-9bd0-d37535192896,"Kalte Dusche, Outdoor-Time, Blackroll",⭐⭐ Okay / Im Soll,"Elektrolyte, Magnesium, Multivitamin, Zink, Ashwaghanda, Kreatin, Omega-3, B12, Vit D",Me-Time,"Gelesen, Bett geteilt",85.95,13.2,,,,,,,,,,,,,,,,,,,,,,,
7/2/2026,2026-07-02T16:41:00.000+02:00,Thursday,2026-W27,Kraft,,65,MTG Halle,Halle,☀️ Nachmittag,FALSE,"Armarbeit 3x40 2kg
Umsetzen 3/2/2/2/1/1 90/95/100/105/110/115kg
Liegestütz 3x10
Front-Squat 4/3/2 75/85/95kg
1/2-Kniebeuge 4/3/2 90/110/130kg
Hantelsprünge 3x3 45/50/55kg
Hocksprung mit Zwischenhopser 3x4",66,85,10.8,3 - Konzentriert,3 - Gut,3 - Normal,2 - Wenig,Motiviert,"Unterer Rücken, Heiß","Kopf hoch beim Krafttraining (Macher) Aufmerksamkeit anderer wegen Unfall, Macher-Mentality 115kg Umsetzen, ",,,,118.8,,,,,,,39155485-caa7-809d-a29a-eef7a42d26e2,"Kalte Dusche, Libido, Physio, Outdoor-Time, Blackroll",⭐⭐ Okay / Im Soll,"Magnesium, Multivitamin, Zink, Ashwaghanda, Kreatin, Omega-3, Vit D","Freunde, Me-Time","Gelesen, Bett geteilt",85.95,13.3,,,,,,,,,,,,,,,,,,,,,,,
7/1/2026,2026-07-01T16:50:00.000+02:00,Wednesday,2026-W27,Sprint,MaxV,102,MTG Halle,Halle,☀️ Nachmittag,FALSE,"EL, Gymnastik, Koordination
2xRollen
3x2x3 HüSprünge bb Hürdenhöhe pro Serie steigern.
1 x 40m Ablauf
2 Serien
50m ZWL - 10/80 P 8‘
30m über Keilchen(6“) P 6‘
50m ZU - 10/80 SP 12-15‘",69,76,7.1,2 - Normal,2 - Okay,2 - Anstrengend,2 - Wenig,Unmotiviert,"Unterer Rücken, Heiß",,,,,,,,,,,,39055485-caa7-80b9-a324-ebf53548acdd,"Kalte Dusche, Physio, Outdoor-Time, Blackroll",⭐⭐ Okay / Im Soll,"Elektrolyte, Magnesium, Multivitamin, Zink, Ashwaghanda, Kreatin, Omega-3, Vit D",Me-Time,"Bett geteilt, Zahnspange, Hot-Shower",85.7,13.1,,,,,,,,,,,,,,,,,,,,,,,
6/30/2026,2026-06-30T18:35:00.000+02:00,Tuesday,2026-W27,Kraft,,109,Frankfurt,,🌙 Abend,FALSE,"Trapbar 4/3/3/2/2/1 100/110/120/130/135/140kg
Armarbeit spezial 3x20 5kg
Beuger 8/7 30kg + Nordics 6x
Wade 10/8/6 70kg
Aufsteiger 4/3/3/2/2/1 60/65/70/75/80/85kg
Hüftbeuger 3x6 80kg
Hip-Thrust 3x6 120kg
Box-Jump 3x3",68,88,14.7,2 - Normal,2 - Okay,2 - Anstrengend,2 - Wenig,,Heiß,,87.8,144,144.7,,,,,,,,38f55485-caa7-801f-acdf-df0448d417bc,"Kalte Dusche, Outdoor-Time",⭐⭐ Okay / Im Soll,"Magnesium, Multivitamin, Zink, Ashwaghanda, Kreatin, Omega-3, Vit D","Freunde, Me-Time, Reisestress","Gelesen, Heiß, Bett geteilt",86.6,13.1,,,,,,,,,,,,,,,,,,,,,,,
6/29/2026,2026-06-29,Monday,2026-W27,Frei,,0,,,,FALSE,,70,87,4,,,,,,"Kopfschmerzen, Heiß",,,,,,,,,,,,38e55485-caa7-80ab-bc8a-e0a067b921d9,Outdoor-Time,⭐⭐ Okay / Im Soll,"Magnesium, Multivitamin, Zink, Ashwaghanda, Kreatin, Omega-3, Vit D",Beziehungsstress,"Late Meal, Unterbrechung, Heiß, Bett geteilt",85.75,13.1,,,,,,,,,,,,,,,,,,,,,,,
6/28/2026,2026-06-28T14:34:00.000+02:00,Sunday,2026-W27,Wettkampf,,153,Rhede,Draußen - Sonnig,☀️ Nachmittag,TRUE,Weit: 7.84m +1.0m/s,59,95,14.5,3 - Konzentriert,3 - Gut,3 - Normal,1 - Keine,"Motiviert, Frisch",,,,,,,7.84,,,,,,38e55485-caa7-8017-b4e5-ea7f910ba51e,Outdoor-Time,⭐ Schlecht (Junk Food / Timing),"Koffein, Elektrolyte, Magnesium, Multivitamin, Zink, Ashwaghanda, Kreatin, Omega-3","Freunde, Me-Time, Reisestress","Heiß, Unterbrechung, Schlafmaske, Anderes Bett",,,,,,,,,,,,,,,,,,,,,,,,,
6/27/2026,2026-06-27T10:20:00.000+02:00,Saturday,2026-W26,Auftakt,,60,Münster,Draußen - Sonnig,🌅 Vormittag,FALSE,,66,89,8.4,2 - Normal,1 - Schlecht,2 - Anstrengend,3 - Mittel,"Unfrisch, Unmotiviert","Sprungelenk L, Achilles L, Heiß",,,,,,,,,,,,38c55485-caa7-80b7-82c8-f4796a59aeb2,"Outdoor-Time, Libido",⭐⭐ Okay / Im Soll,"Elektrolyte, Magnesium, Multivitamin, Zink, Ashwaghanda, Kreatin, Omega-3","Freunde, Reisestress, Me-Time","Anderes Bett, Late Meal",,,,,,,,,,,,,,,,,,,,,,,,,
6/26/2026,2026-06-26,Friday,2026-W26,Frei,,0,,,,FALSE,viel Fahrrad fahren,66,82,7.7,,,,,,"Sprungelenk L, Achilles L",,,,,,,,,,,,38b55485-caa7-806e-94ce-f56f6ff735f5,"Outdoor-Time, Libido",⭐⭐ Okay / Im Soll,"Magnesium, Multivitamin, Zink, Ashwaghanda, Kreatin, Omega-3","Freunde, Me-Time","Unterbrechung, Anderes Bett, Schlafmaske",,,,,,,,,,,,,,,,,,,,,,,,,
6/25/2026,2026-06-25T17:02:00.000+02:00,Thursday,2026-W26,Kraft,,54,MS Halle,Halle,☀️ Nachmittag,FALSE,"Umsetzen 3/2/2/2/1 70/80/90/100/110kg
Liegestütz 2x10
1/2-Kniebeuge 3x3 80/100/120kg
Armarbeit 2x40 2kg
Front-Squat 3x2 70/80/90kg
Hantelsprünge 3x3 4ß/45/50kg
Pogos 1x4
Tscherbakis 2x6",89,86,11.7,2 - Normal,2 - Okay,2 - Anstrengend,2 - Wenig,Müde,"Heiß, Erschöpft, Sprungelenk L",,,,,113.7,,,,,,,38a55485-caa7-80a5-bac4-ca1698afdbdc,"Outdoor-Time, Verdauungsspaziergang, Libido",⭐⭐ Okay / Im Soll,"Magnesium, Multivitamin, Zink, Ashwaghanda, Kreatin, Omega-3, Vit D","Me-Time, Reisestress","Late Meal, Unterbrechung, Heiß, Zahnspange",85.35,13,,,,,,,,,,,,,,,,,,,,,,,
6/24/2026,2026-06-24T18:09:00.000+02:00,Wednesday,2026-W26,Sprint,,138,Frankfurt,Draußen - Sonnig,🌙 Abend,TRUE,"EL, Gymnastik, 3x6 Hürdenkoordi, 1 x 40m Hinke li/re, 1 Steigerung
4x2x2 Hürdensprünge bb
1 x 30m Kniehebelauf/frequent über Keilchen/Minihürden(~ 51/2-6“)
1 Anlaufkontrolle mit schöner Rhythmisierung
1 x 60m In/Out/In 20/20/20m
P 5‘/8’, SP 12’
Davon 2 Serien
1 x 80m druckvoll rollen lassen. Entspannter hoher  Kniehub",83,97,11.1,3 - Konzentriert,3 - Gut,3 - Normal,1 - Keine,Motiviert,"Heiß, Muskelkater",,,,,,,,,,,,38955485-caa7-809f-b28d-de834498431a,"Kalte Dusche, Physio, Outdoor-Time, Blackroll",⭐⭐ Okay / Im Soll,"Koffein, Elektrolyte, Magnesium, Multivitamin, Zink, Ashwaghanda, Kreatin, Omega-3, Vit D","Freunde, Reisestress","Gelesen, Heiß, Late Meal, Unterbrechung, Anderes Bett, Schlafmaske",,,,,,,,,,,,,,,,,,,,,,,,,
6/23/2026,2026-06-23T18:00:00.000+02:00,Tuesday,2026-W26,Sprung,Absprung,167,Frankfurt,Draußen - Sonnig,🌙 Abend,TRUE,"2x200m EL, Mobi, Kordi
2 Anlaufkontrollen
Einspringen
3x9er
4x13er
2/1 x 3er Sprunglauf
2/1 x 3xPen1 in Grube",91,93,11.1,3 - Konzentriert,3 - Gut,3 - Normal,2 - Wenig,Motiviert,"Sprungelenk L, Heiß","“Macher” anschalten, Brett auseinandernehmen, ersten 4 Schritte schon Kopf hoch und mehr Druck machen.",,,,,,,,,,,38855485-caa7-80d5-bf8b-db4265b59339,"Dehnen, Outdoor-Time, Blackroll",⭐⭐ Okay / Im Soll,"Koffein, Magnesium, Multivitamin, Zink, Ashwaghanda, Kreatin, Omega-3, Vit D","Freunde, Reisestress, Me-Time","Unterbrechung, Bett geteilt, Schlafmaske, Heiß",85.35,13.1,,,,,,,,,,,,,,,,,,,,,,,
6/22/2026,2026-06-22T16:58:00.000+02:00,Monday,2026-W26,Kraft,,79,MTG Halle,Halle,☀️ Nachmittag,FALSE,"Trapbar 4/4/3/3/2 100/110/120/130/140kg
Beuger 12/10 25/30kg + Nordics 8x
Wade 12/10/8 9/10 Einstellung
Armarbeit spezial 3x20 7kg
Aufsteiger schnell 4/3/3/2/2 60/65/70/75/80kg
Hip-Thrust 8/7/6 120kg
Hüftbeuger vertikal 8/7/6 60/70/80kg
Box-Jumps 3x
Tscherbakis 2x6",96,91,15.7,2 - Normal,3 - Gut,2 - Anstrengend,1 - Keine,"Heiß, Schlecht gelaunt","Verdauung, Heiß, Muskelkater",,85.3,144,149.3,,,,,,,,38755485-caa7-8006-aa4b-d22ab52ef814,"Outdoor-Time, Blackroll",⭐⭐ Okay / Im Soll,"Magnesium, Multivitamin, Zink, Ashwaghanda, Kreatin, Omega-3, Vit D","Freunde, Me-Time","Gelesen, Unterbrechung, Bett geteilt",86.2,13.3,,,,,,,,,,,,,,,,,,,,,,,
6/21/2026,2026-06-21,Sunday,2026-W26,Frei,,0,,,,FALSE,,88,82,5,,,,,"Müde, Unfrisch","Kopfschmerzen, Muskelkater",,,,,,,,,,,,38655485-caa7-8055-8463-d6a9f89d59ba,"Outdoor-Time, Verdauungsspaziergang, Blackroll",⭐ Schlecht (Junk Food / Timing),"Koffein, Elektrolyte, Magnesium, Multivitamin, Zink, Ashwaghanda, Kreatin, Omega-3, Vit D","Freunde, Me-Time, Reisestress","Late Meal, Anderes Bett, Schlafmaske",,,,,,,,,,,,,,,,,,,,,,,,,
6/20/2026,2026-06-20T17:37:00.000+02:00,Saturday,2026-W25,Wettkampf,,262,Essen,Draußen - Sonnig,☀️ Nachmittag,FALSE,Weit: 7.72m +0.1m/s,52,87,14.2,3 - Konzentriert,2 - Okay,3 - Normal,1 - Keine,Schlecht gelaunt,,,,,,,7.72,,,,,,38555485-caa7-800a-a10c-eec79516f2ce,"Dehnen, Kalte Dusche, Libido, Outdoor-Time",⭐⭐⭐ Diszipliniert,"Koffein, Elektrolyte, Magnesium, Multivitamin, Zink, Kreatin, Omega-3, Vit D","Freunde, Me-Time","Unterbrechung, Anderes Bett, Schlafmaske",,,,,,,,,,,,,,,,,,,,,,,,,
6/19/2026,2026-06-19T18:02:00.000+02:00,Friday,2026-W25,Auftakt,,30,Essen,Draußen - Sonnig,🌙 Abend,FALSE,"Auftakt auf Steg, 2 Anlaufkontrollen + Sprungkordi",76,96,9,3 - Konzentriert,3 - Gut,3 - Normal,2 - Wenig,"Frisch, Motiviert",Achilles L,,,,,,,,,,,,38455485-caa7-80fc-8dab-ec13e8966f12,"Kalte Dusche, Physio, Outdoor-Time",⭐⭐⭐ Diszipliniert,"Elektrolyte, Magnesium, Multivitamin, Zink, Ashwaghanda, Kreatin, Omega-3, Vit D","Freunde, Me-Time, Reisestress","Bett geteilt, Hot-Shower, Nasenpflaster",85.8,13.1,,,,,,,,,,,,,,,,,,,,,,,
6/18/2026,2026-06-18,Thursday,2026-W25,Frei,,0,,,,FALSE,,60,87,4.1,,,,,,,,,,,,,,,,,,38355485-caa7-801b-85fb-d3cedf783fb1,"Dehnen, Libido, Physio, Outdoor-Time, Blackroll",⭐⭐ Okay / Im Soll,"Koffein, Magnesium, Multivitamin, Zink, Ashwaghanda, Kreatin, Omega-3, B12, Vit D",,"Late Meal, Unterbrechung, Bett geteilt, Hot-Shower, Nasenpflaster",86,13.2,,,,,,,,,,,,,,,,,,,,,,,
6/17/2026,2026-06-17T17:46:00.000+02:00,Wednesday,2026-W25,"Regeneration, Kraft",NI,80,Frankfurt,Draußen - Sonnig,☀️ Nachmittag,TRUE,"EL, Gymnastik, 2x6 Hürdenkoordi
NI-Läufe 3x60/80/100m
P 2‘, SP 6‘
Kraft
Umsetzen 5x2 70/80/90/95/100kg",93,98,7,2 - Normal,2 - Okay,3 - Normal,2 - Wenig,,,,,,,106.7,,,,,,,38255485-caa7-8038-8433-f14936df6dfb,"Lympho, Dehnen, Kalte Dusche, Libido, Outdoor-Time, Blackroll",⭐⭐ Okay / Im Soll,"Koffein, Magnesium, Multivitamin, Zink, Ashwaghanda, Kreatin, Omega-3, B12, Vit D","Freunde, Reisestress","Anderes Bett, Hot-Shower",86,13.2,,,,,,,,,,,,,,,,,,,,,,,
6/16/2026,2026-06-16T16:03:00.000+02:00,Tuesday,2026-W25,"Sprint, Sprung","Koordination, Beschleunigung",113,MTG Halle,Halle,☀️ Nachmittag,TRUE,"2 Runden EL, Mobi, Kordi mit Ringen
2 Steigerungen
3x4 Drop-Jumps
3x3 2/1 Pen 1 auf Matte
40/60/80m 
LP: 10min",77,92,8.8,2 - Normal,3 - Gut,3 - Normal,2 - Wenig,Frisch,,,,,,,,,,,,,38155485-caa7-80b6-9cd1-c31fd3e919fd,"Dehnen, Libido, Outdoor-Time, Blackroll",⭐⭐ Okay / Im Soll,"Elektrolyte, Magnesium, Multivitamin, Zink, Ashwaghanda, Kreatin, Omega-3, B12, Vit D",Freunde,"Late Meal, Anderes Bett, Hot-Shower",85.6,12.9,,,,,,,,,,,,,,,,,,,,,,,
6/15/2026,2026-06-15T18:12:00.000+02:00,Monday,2026-W25,Kraft,,114,Frankfurt,,🌙 Abend,FALSE,"FCT vertikal 3x
(Trapbar 3x 120kg
Drop-Jumps 4x
Hantelsprünge 4x 30kg
Assisted Jumps 4x)
Armarbeit spezial 3x40 5kg
Aufsteiger 3/3/2/2/1/1 60/65/70/75/80/85kg
Beuger 3x8 30kg
Hip-Thrust 3x6 120kg
Hüftbeuger 3x6
Wade 3x8 60/70/80kg
Box-Jumps 3x3",60,84,15.3,2 - Normal,3 - Gut,2 - Anstrengend,1 - Keine,Frisch,,,87.8,144,132,,,,,,,,38055485-caa7-8065-9424-cf6727dbb991,"Dehnen, Outdoor-Time, Blackroll",⭐⭐⭐ Diszipliniert,"Koffein, Magnesium, Multivitamin, Zink, Ashwaghanda, Kreatin, Omega-3, Vit D","Reisestress, Freunde","Late Meal, Unterbrechung, Bett geteilt, Nasenpflaster",86.4,13.1,,,,,,,,,,,,,,,,,,,,,,,
6/14/2026,2026-06-14,Sunday,2026-W25,Frei,,0,,,,FALSE,,67,44,4.4,,,,,,Muskelkater,,,,,,,,,,,,37f55485-caa7-801c-a15c-c4019395a63e,Libido,⭐ Schlecht (Junk Food / Timing),"Koffein, Magnesium, Multivitamin, Zink, Ashwaghanda, Kreatin, Omega-3, B12, Vit D","Me-Time, Reisestress","Late Meal, Unterbrechung, Anderes Bett, Schlafmaske",,,,,,,,,,,,,,,,,,,,,,,,,
6/13/2026,2026-06-13T16:52:00.000+02:00,Saturday,2026-W24,Wettkampf,,338,Innsbruck,Draußen - Sonnig,☀️ Nachmittag,FALSE,"Morgens 15min Auftakt
Ausflug
Weit: 7.70m 0.0m/s",75,100,15.9,,,,,,Verdauung,,,,,,7.70,,,,,,37f55485-caa7-809e-b73c-d981e7652937,"Verdauungsspaziergang, Outdoor-Time, Libido",⭐⭐ Okay / Im Soll,"Koffein, Elektrolyte, Magnesium, Multivitamin, Zink, Ashwaghanda, Kreatin, Omega-3, Vit D","Freunde, Me-Time","Unterbrechung, Schlafmaske, Kopfhörer, Anderes Bett",,,,,,,,,,,,,,,,,,,,,,,,,
6/12/2026,2026-06-12,Friday,2026-W24,Frei,,0,,,,FALSE,,69,94,4.6,,,,,,Sprungelenk L,,,,,,,,,,,,37d55485-caa7-8092-8ebc-cfce2b05b62f,"Verdauungsspaziergang, Outdoor-Time, Dehnen",⭐⭐ Okay / Im Soll,"Magnesium, Multivitamin, Ashwaghanda, Zink, Kreatin, Omega-3, Vit D","Reisestress, Me-Time, Freunde","Bett geteilt, Hot-Shower, Nasenpflaster",86.9,13.2,,,,,,,,,,,,,,,,,,,,,,,
6/11/2026,2026-06-11,Thursday,2026-W24,Frei,,0,,,,FALSE,,70,100,4.6,,,,,,"Verdauung, Sprungelenk L, Unterer Rücken",,,,,,,,,,,,37c55485-caa7-8045-97af-f1b55dfc57a0,"Verdauungsspaziergang, Outdoor-Time, Lympho, Dehnen, Kalte Dusche, Libido, Physio, Blackroll",⭐⭐⭐ Diszipliniert,"Magnesium, Multivitamin, Zink, Ashwaghanda, Kreatin, Omega-3, B12, Vit D","Freunde, Me-Time, Reisestress","Late Meal, Bett geteilt, Hot-Shower, Nasenpflaster",86.9,13.1,,,,,,,,,,,,,,,,,,,,,,,
6/10/2026,2026-06-10T09:34:00.000+02:00,Wednesday,2026-W24,Sprint,Plyos,102,MTG Halle,Halle,,TRUE,"2x100m EL, Mobi, Kordi
Steigerung
4x2 Hürdensprünge
3x3 Drop-Jumps
2x50m, 2x80m, 2x60m
LP: 3-5min, SP: 8min",70,98,7.7,2 - Normal,2 - Okay,2 - Anstrengend,3 - Mittel,Unfrisch,"Sprungelenk L, Unterer Rücken",Armschwung nach vorne auch im Sprint wichtig,,,,,,,,,,,37b55485-caa7-8005-b0f1-f1f0dd8b8ee6,"Dehnen, Physio, Outdoor-Time, Blackroll",⭐⭐ Okay / Im Soll,"Koffein, Magnesium, Multivitamin, Zink, Ashwaghanda, Kreatin, Omega-3, B12, Vit D","Freunde, Reisestress","Gelesen, Bett geteilt, Hot-Shower, Nasenpflaster",86.65,13.3,,,,,,,,,,,,,,,,,,,,,,,
6/9/2026,2026-06-09T16:10:00.000+02:00,Tuesday,2026-W24,Sprung,,107,Mannheim,Draußen - Sonnig,☀️ Nachmittag,TRUE,"2x200m EL, Mobi, Kordi
Steigerung, Ablauf
2 Anlaufkontrollen
Einspringen
2x9er
2x11er
3x5er Sprunglauf
2/1 Pen1",52,93,9.1,2 - Normal,2 - Okay,3 - Normal,2 - Wenig,Motiviert,Sprungelenk L,,,,,,,,,,,,37a55485-caa7-805e-9770-c6ee6ae3d415,"Dehnen, Outdoor-Time, Blackroll",⭐⭐⭐ Diszipliniert,"Magnesium, Multivitamin, Zink, Ashwaghanda, Kreatin, Omega-3, B12, Vit D",Freunde,"Gelesen, Unterbrechung, Bett geteilt, Zahnspange, Hot-Shower, Nasenpflaster",86.65,13.3,,,,,,,,,,,,,,,,,,,,,,,
6/8/2026,2026-06-08T16:02:00.000+02:00,Monday,2026-W24,Kraft,,106,MTG Halle,Halle,☀️ Nachmittag,FALSE,"FCT vertikal 3x
(3x Trapbar 120kg
4x Drop-Jumps
4x Hantelsprünge 30kg
4x Assisted Jumps)
Armarbeit spezial 3x20 7kg
Aufsteiger schnell 25cm 2/2/2/2/1/1 60/65/70/75/80/85kg
Wade 3x8 120/135/150kg
Hip-Thrust 3x6 120kg
Hüftbeuger vertikal 3x6 60/70/70kg
Beuger 2x8 25/30kg + Nordics 8x
Pogos 3x6",52,93,15.4,3 - Konzentriert,3 - Gut,3 - Normal,1 - Keine,Frisch,,,87.8,144,132,,,,,,,,37955485-caa7-80f2-a9f3-f11083c71e15,"Dehnen, Libido, Outdoor-Time, Verdauungsspaziergang, Blackroll",⭐⭐ Okay / Im Soll,"Elektrolyte, Magnesium, Multivitamin, Zink, Ashwaghanda, Kreatin, Omega-3, B12, Vit D",Reisestress,"Gelesen, Unterbrechung, Bett geteilt, Hot-Shower, Nasenpflaster",86.15,13.1,,,,,,,,,,,,,,,,,,,,,,,
6/7/2026,2026-06-07T17:30:00.000+02:00,Sunday,2026-W24,Regeneration,,68,Franklin,Draußen - Sonnig,☀️ Nachmittag,FALSE,"EL, Gymnastik, 4x6 Hürdenkoordi
Hürdensprünge beidbeinig
3x3x4 direkt weiter - Höhe steigern
NI-Laufe
3x3x100m locker rollen
P 2’/SP 8’",60,86,8.6,2 - Normal,2 - Okay,3 - Normal,2 - Wenig,Unmotiviert,"Erschöpft, Unterer Rücken, Sprungelenk L",,,,,,,,,,,,37855485-caa7-80a9-a176-c1b387ddb13f,"Dehnen, Kalte Dusche, Outdoor-Time, Blackroll",⭐⭐ Okay / Im Soll,"Magnesium, Multivitamin, Zink, Ashwaghanda, Kreatin, Omega-3, B12, Vit D",Me-Time,"Late Meal, Hot-Shower, Anderes Bett",86.65,13.3,,,,,,,,,,,,,,,,,,,,,,,
6/6/2026,2026-06-06,Saturday,2026-W23,Frei,,0,,,,FALSE,,88,90,4.3,,,,,,Unterer Rücken,,,,,,,,,,,,37755485-caa7-80bb-9007-d382da9d8989,Outdoor-Time,⭐ Schlecht (Junk Food / Timing),"Koffein, Magnesium, Multivitamin, Zink, Ashwaghanda, Kreatin","Reisestress, Freunde","Unterbrechung, Anderes Bett, Bett geteilt, Hot-Shower",,,,,,,,,,,,,,,,,,,,,,,,,
6/5/2026,2026-06-05T09:08:00.000+02:00,Friday,2026-W23,Kraft,,66,MTG Halle,Halle,,FALSE,"Beuger spezial 3x6
Umsetzen 4x2 90/100/105/110kg
Armarbeit 3x30 2kg
Adduktor 3x8 60kg
Abduktor 3x8 60kg
Front Squat 3/2/2/2/1 70/75/80/85/90kg
Hantelsprünge 3x3 40/50/60kg",88,97,10.7,2 - Normal,2 - Okay,3 - Normal,3 - Mittel,,Unterer Rücken,,,,,117.3,,,,,,,37655485-caa7-80fc-8d1c-cd8e1b70e273,"Outdoor-Time, Urlaub",⭐⭐ Okay / Im Soll,"Koffein, Magnesium, Kreatin, Omega-3, Vit D","Freunde, Reisestress, Me-Time","Gelesen, Unterbrechung, Bett geteilt, Hot-Shower, Nasenpflaster",86.4,13.2,,,,,,,,,,,,,,,,,,,,,,,
6/4/2026,2026-06-04T16:16:00.000+02:00,Thursday,2026-W23,"Sprint, Sprung","Koordination, ZWL",138,MTG Halle,Halle,☀️ Nachmittag,FALSE,"EL, Gymnastik, 5 Koordi-Übungen(am Berg) Skippings, Zieher, Frankies, KHL, Hinke(li+re)
Sprungprogramm bergauf
2x3x4 Wechselsprünge über 3 aufeinanderliegenden Schaumstoffteile(Abstand 14-15”)
3x20m Sprunglauf
3x3 Pen1(li+re) über die gleichen Teichchen wie bei den Wechselsprüngen.
Sprintprogramm
60m ZWL - 100m P 6’/SP 12’
50m ZWL - 80m P 6’/SP 10’
40m ZWL - 60m P 6’",79,95,9.9,2 - Normal,2 - Okay,3 - Normal,3 - Mittel,Unmotiviert,Sprungelenk L,,,,,,,,,,,,37555485-caa7-8054-a4c1-c0095ec9c02c,"Dehnen, Kalte Dusche, Libido, Outdoor-Time, Blackroll",⭐⭐ Okay / Im Soll,"Magnesium, Multivitamin, Zink, Ashwaghanda, Kreatin, Omega-3, B12, Vit D","Reisestress, Me-Time","Gelesen, Bett geteilt, Hot-Shower, Nasenpflaster",86.65,13.3,,,,,,,,,,,,,,,,,,,,,,,
6/3/2026,2026-06-03T14:04:00.000+02:00,Wednesday,2026-W23,Sprung,Absprung,129,MTG Halle,Halle,☀️ Nachmittag,TRUE,"warm-up
20m Kordi mit Ringen
Hopser, HPL mit Ringen
60m Steigerung mit Ringen
Einspringen 3er L/R Takeoff
5er Takeoff
2x9er
2x13er
4x15er
3x 5er Sprunglauf 21m?
3/2 Pen1 19m?",90,85,10.2,4 - Flow,4 - Super,3 - Normal,2 - Wenig,"Frisch, Motiviert",Sprungelenk L,"Wirklich gute Sprünge, immer noch wenig Höhe
Hohe Hüfte durch prominenten Armschwung, Frequenzerhöhung am Ende",,,,,,,,,,,37455485-caa7-802f-ae2f-c3faa013f93a,"Lympho, Dehnen, Kalte Dusche, Physio, Outdoor-Time, Blackroll",⭐⭐⭐ Diszipliniert,"Magnesium, Multivitamin, Zink, Ashwaghanda, Kreatin, Omega-3, B12, Vit D","Freunde, Me-Time","Bett geteilt, Nasenpflaster",86.65,13.3,,,,,,,,,,,,,,,,,,,,,,,
6/2/2026,2026-06-02T15:45:00.000+02:00,Tuesday,2026-W23,Kraft,,71,MTG Halle,Halle,☀️ Nachmittag,FALSE,"FCT vertikal 3x
(Trapbar 3x 140kg
Drop-Jumps 4x
Hantelsprünge 4x 30kg
Assisted Jumps 4x)
Armarbeit 3x20 7kg
Aufsteiger 3/3/2/2/1/1 70/70/80/80/90/100kg
Hüftbeuger vertikal 8/6/6 70/80/80kg
Hip-Thrust 3x6 120kg
Wade 10/8/6 120/135/150kg
Beuger 10/8 25/30kg Nordics 6x
Box-Jump 3x3",82,100,15.6,2 - Normal,3 - Gut,3 - Normal,2 - Wenig,,Unterer Rücken,,103.3,144,154,,,,,,,,37355485-caa7-8016-a0e5-db53f09e8832,"Dehnen, Kalte Dusche, Outdoor-Time, Blackroll",⭐⭐ Okay / Im Soll,"Magnesium, Multivitamin, Zink, Ashwaghanda, Kreatin, Omega-3, B12, Vit D",Reisestress,"Unterbrechung, Gelesen, Bett geteilt, Nasenpflaster",86.4,13.2,,,,,,,,,,,,,,,,,,,,,,,
6/1/2026,2026-06-01,Monday,2026-W23,Frei,,0,,,,FALSE,,79,94,3.1,,,,,,"Unterer Rücken, Erschöpft",,,,,,,,,,,,37255485-caa7-80a8-904c-ff458bdbf804,"Dehnen, Kalte Dusche, Libido, Outdoor-Time, Blackroll",⭐⭐ Okay / Im Soll,"Koffein, Magnesium, Multivitamin, Zink, Ashwaghanda, Kreatin, Omega-3, Vit D",,"Unterbrechung, Gelesen, Bett geteilt, Nasenpflaster, Hot-Shower, Kopfhörer, Late Meal",86.1,13.3,,,,,,,,,,,,,,,,,,,,,,,
5/31/2026,2026-05-31T16:09:00.000+02:00,Sunday,2026-W23,Sprint,"ZWL, MaxV",129,MTG Halle,Halle,☀️ Nachmittag,FALSE,"EL, Gymnastik, Koordination
2 lockere Roller in Turnschuhen
Hürdensprünge beidbeinig
3x2x4 Hürden ohne Zwischenhopser, Höhen pro DG steigern bis Männerhöhe.
10/80
2-3 Serien
30m ZWL 8kg
50m ZWL 4kg
50m ZUL 11.5 m/s 3/4kg
Pausen 5‘/8‘ SP 12‘",98,100,11.3,3 - Konzentriert,3 - Gut,2 - Anstrengend,2 - Wenig,Frisch,Unterer Rücken,,,,,,,,,,,,37155485-caa7-8017-b038-cb8de1c024ff,"Dehnen, Outdoor-Time, Blackroll",⭐⭐ Okay / Im Soll,"Koffein, Magnesium, Multivitamin, Zink, Ashwaghanda, Kreatin, Omega-3, Vit D","Freunde, Me-Time","Gelesen, Bett geteilt, Hot-Shower, Nasenpflaster, Late Meal",85.85,13.1,,,,,,,,,,,,,,,,,,,,,,,
5/30/2026,2026-05-30T15:28:00.000+02:00,Saturday,2026-W22,Kraft,,71,MTG Halle,Halle,☀️ Nachmittag,FALSE,"Armarbeit 3x30 2kg
Umsetzen 3/3/2/2/1/1 70/80/90/100/110/115kg
Beuger spezial 3x6
Adduktor 3x10 60kg
Abduktor 3x10 60kg
Front Squat 3/2/2/1 70/80/90/100kg
Hantelsprünge 3x3 45/50/55kg
Tscherbakis 3x4",92,100,11.8,3 - Konzentriert,3 - Gut,3 - Normal,2 - Wenig,Motiviert,Unterer Rücken,,,,,118.8,,,,,,,37055485-caa7-8076-85a7-c51b13215d77,"Dehnen, Kalte Dusche, Blackroll",⭐⭐ Okay / Im Soll,"Magnesium, Multivitamin, Zink, Ashwaghanda, Kreatin, Omega-3, B12, Vit D",Freunde,"Gelesen, Bett geteilt, Hot-Shower, Nasenpflaster, Zahnspange",85.85,13.1,,,,,,,,,,,,,,,,,,,,,,,
5/29/2026,2026-05-29,Friday,2026-W22,Frei,,0,,,,FALSE,,91,100,4.2,,,,,,Unterer Rücken,,,,,,,,,,,,36f55485-caa7-808a-94eb-ff86d39fc5ee,"Libido, Verdauungsspaziergang, Outdoor-Time, Blackroll",⭐⭐ Okay / Im Soll,"Koffein, Magnesium, Multivitamin, Zink, Ashwaghanda, Kreatin, Omega-3, B12, Vit D",,"Bett geteilt, Hot-Shower, Nasenpflaster, Late Meal",86.1,13.3,,,,,,,,,,,,,,,,,,,,,,,
5/28/2026,2026-05-28T18:01:00.000+02:00,Thursday,2026-W22,Regeneration,NI,90,Frankfurt,Draußen - Sonnig,🌙 Abend,TRUE,"EL, Gymnastik, 4x8 HüKoordi
NI-Läufe
3x80/100/120m 2‘ P/6‘ SP",83,100,7.2,2 - Normal,3 - Gut,3 - Normal,2 - Wenig,,Unterer Rücken,,,,,,,,,,,,36e55485-caa7-805d-b9c2-e08c526167fe,"Libido, Outdoor-Time",⭐⭐⭐ Diszipliniert,"Magnesium, Multivitamin, Zink, Ashwaghanda, Kreatin, Omega-3, B12, Vit D","Freunde, Reisestress","Bett geteilt, Hot-Shower, Nasenpflaster",85.65,13.1,,,,,,,,,,,,,,,,,,,,,,,
5/27/2026,2026-05-27T14:05:00.000+02:00,Wednesday,2026-W22,"Sprint, Sprung","Koordination, ZWL",130,Mannheim,Draußen - Sonnig,☀️ Nachmittag,TRUE,"4x100m EL, Mobi
Kordi am Berg
Sprungkordi am Berg 3x (HPL, SPL, Pen1, Einbeinsprünge)
1 Steigerung am Berg
80m ZWL 3,25kg / 120m frei
60m ZWL 2kg / 100m frei
50m ZWL 2kg / 60m frei
LP: 4min SP: 10min",86,100,11.9,2 - Normal,3 - Gut,2 - Anstrengend,3 - Mittel,,"Unterer Rücken, Sprungelenk L, Achilles L",,,,,,,,,,,,36d55485-caa7-804b-bcab-fde59a5cd319,"Dehnen, Lympho, Outdoor-Time, Blackroll",⭐⭐⭐ Diszipliniert,"Elektrolyte, Probiotika, Magnesium, Multivitamin, Zink, Ashwaghanda, Kreatin, Omega-3, Vit D","Freunde, Beziehungsstress, Reisestress","Unterbrechung, Gelesen, Bett geteilt, Zahnspange, Hot-Shower, Late Meal",86.6,13.2,,,,,,,,,,,,,,,,,,,,,,,
5/26/2026,2026-05-26T17:49:00.000+02:00,Tuesday,2026-W22,"Regeneration, Kraft",,84,MTG Halle,,☀️ Nachmittag,FALSE,"NI-LäufeAufroller 2x6
Trapbar 4/3/3/2 70/80/90/100kg
Wade 2x10 9 stehend/sitzend
Beuger 2x10 25kg
Aufsteiger 4/3/3/2 70/80/90/100kg
Hüftbeuger 3x6 70/80/90kg
Box-Jump 3x3",80,100,12.7,2 - Normal,2 - Okay,2 - Anstrengend,2 - Wenig,,"Unterer Rücken, Sprungelenk L",,106.7,,106.7,,,,,,,,36c55485-caa7-80b0-86e3-d3a61f40bd5d,"Dehnen, Outdoor-Time, Blackroll",,"Magnesium, Multivitamin, Zink, Ashwaghanda, Kreatin, Omega-3, B12, Vit D","Me-Time, Freunde","Gelesen, Bett geteilt, Nasenpflaster",86.6,13.3,,,,,,,,,,,,,,,,,,,,,,,
5/25/2026,2026-05-25T11:21:00.000+02:00,Monday,2026-W22,Wettkampf,,279,Mannheim,Draußen - Sonnig,🌅 Vormittag,TRUE,"Weit: 7.23m
100m: 11.11s -0.3m/s",77,91,13.9,2 - Normal,1 - Schlecht,2 - Anstrengend,3 - Mittel,,Unterer Rücken,,,,,,7.23,,,,,11.11,36b55485-caa7-8038-9017-d53473325d2d,"Dehnen, Kalte Dusche, Libido, Outdoor-Time, Blackroll",⭐⭐ Okay / Im Soll,"Koffein, Elektrolyte, Magnesium, Zink, Ashwaghanda",Freunde,"Unterbrechung, Gelesen, Bett geteilt, Hot-Shower, Nasenpflaster",86.3,13.2,,,,,,,,,,,,,,,,,,,,,,,
5/24/2026,2026-05-24,Sunday,2026-W22,Frei,,0,,,,FALSE,,60,98,4.1,,,,,,"Sprungelenk L, Unterer Rücken",,,,,,,,,,,,36a55485-caa7-805e-ba42-c1086d4cca67,"Dehnen, Outdoor-Time, Blackroll",⭐⭐⭐ Diszipliniert,"Magnesium, Multivitamin, Zink, Ashwaghanda, Kreatin, Omega-3, Vit D",Beziehungsstress,"Anderes Bett, Unterbrechung, Gelesen, Nasenpflaster",86.3,13.4,,,,,,,,,,,,,,,,,,,,,,,
5/23/2026,2026-05-23T12:11:00.000+02:00,Saturday,2026-W21,Wettkampf,,144,Weinheim,Draußen - Sonnig,🌅 Vormittag,TRUE,Weit: 7.74m +0.0m/s,60,100,15.3,3 - Konzentriert,3 - Gut,3 - Normal,2 - Wenig,"Gut gelaunt, Motiviert","Sprungelenk L, Unterer Rücken",,,,,,7.74,,,,,,36955485-caa7-80fe-bd48-dc01423ee903,"Libido, Kalte Dusche, Blackroll, Dehnen, Outdoor-Time",⭐⭐⭐ Diszipliniert,"Koffein, Magnesium, Multivitamin, Zink, Ashwaghanda, Kreatin, Omega-3, Vit D, Elektrolyte, Probiotika","Freunde, Beziehungsstress","Unterbrechung, Bett geteilt, Hot-Shower, Nasenpflaster",85.85,13.3,,,,,,,,,,,,,,,,,,,,,,,
5/22/2026,2026-05-22T14:58:00.000+02:00,Friday,2026-W21,Auftakt,,63,Mannheim,Draußen - Sonnig,☀️ Nachmittag,FALSE,"2x100m EL, Mobi, Kordi
30m Ablauf
Sprungkordi
4x2 Hürdensprünge
Aufsteiger 3x3 60/70/80kg",86,100,9.2,2 - Normal,2 - Okay,3 - Normal,2 - Wenig,"Motiviert, Frisch","Unterer Rücken, Sprungelenk L, Achilles L",,88,,,,,,,,,,36855485-caa7-803a-845d-c6c9559376b4,"Dehnen, Outdoor-Time, Blackroll",⭐⭐⭐ Diszipliniert,"Elektrolyte, Magnesium, Multivitamin, Zink, Ashwaghanda, Kreatin, Omega-3, Vit D",,"Bett geteilt, Hot-Shower, Nasenpflaster, Late Meal",86.55,13.3,,,,,,,,,,,,,,,,,,,,,,,
5/21/2026,2026-05-21,Thursday,2026-W21,Frei,,0,,,,FALSE,,68,100,4,,,,,,"Unterer Rücken, Sprungelenk L, Achilles L",,,,,,,,,,,,36755485-caa7-805c-8b2c-eafb5b1957e5,"Neuroathletik, Blackroll, Dehnen, Physio, Outdoor-Time",⭐⭐ Okay / Im Soll,"Magnesium, Multivitamin, Zink, Ashwaghanda, Kreatin, Omega-3, B12, Vit D, Probiotika",,"Unterbrechung, Bett geteilt, Hot-Shower, Late Meal",86.55,13,,,,,,,,,,,,,,,,,,,,,,,
5/20/2026,2026-05-20T17:41:00.000+02:00,Wednesday,2026-W21,Sprung,Absprung,140,Frankfurt,Draußen - Regen,☀️ Nachmittag,TRUE,"2x150m EL, Gymnastik, Koordi
2 lockere Steigerungen
2x2x3 Hürdensprünge beidbeinig ohne Zwischenhopser
40/50/60m Ablauf - 4-5‘ P
2x 9er Techniksprünge
4x 11er Techniksprünge
3-5 Techniksprünge 9-11 ALS",91,100,10,3 - Konzentriert,2 - Okay,3 - Normal,2 - Wenig,Gut gelaunt,"Unterer Rücken, Sprungelenk L",,,,,,,,,,,,36655485-caa7-80a5-be00-f6dade5dc189,"Physio, Outdoor-Time",⭐⭐ Okay / Im Soll,"Koffein, Elektrolyte, Magnesium, Multivitamin, Zink, Ashwaghanda, Kreatin, Omega-3, B12, Vit D","Freunde, Reisestress","Unterbrechung, Gelesen, Bett geteilt, Hot-Shower, Nasenpflaster, Kopfhörer",86.55,13.3,,,,,,,,,,,,,,,,,,,,,,,
5/19/2026,2026-05-19T11:38:00.000+02:00,Tuesday,2026-W21,Kraft,,89,MTG Halle,Halle,🌅 Vormittag,FALSE,"FCT vertikal 3x
(Trapbar 3x 140kg
Drop-Jumps 4x
Hantelsprünge 4x 30kg
Assisted Jumps 4x)
Wade 10/8/6 9 stehend/sitzend
Splitsquat 3/2/2/2/1 70/75/80/85/90kg
Armarbeit spezial 3x20 7kg
Hip-Thrust 3x6 120kg
Hüftbeuger 8/7/6 70/80/90kg
Beuger 10x 25kg Nordics 8/6
Kastensprünge 3x3",61,100,15.7,2 - Normal,2 - Okay,2 - Anstrengend,2 - Wenig,,"Unterer Rücken, Sprungelenk L",,,144,154,,,,,,,,36555485-caa7-8023-be47-dad1937d3c04,"Blackroll, Verdauungsspaziergang, Dehnen, Outdoor-Time",⭐⭐ Okay / Im Soll,"Magnesium, Multivitamin, Zink, Ashwaghanda, Kreatin, Omega-3, B12, Vit D, Probiotika",,"Unterbrechung, Bett geteilt, Hot-Shower, Nasenpflaster",86.75,13.2,,,,,,,,,,,,,,,,,,,,,,,
5/18/2026,2026-05-18,Monday,2026-W21,Frei,,0,,,,FALSE,,48,89,4.9,,,,,Müde,"Sprungelenk L, Unterer Rücken",,,,,,,,,,,,36455485-caa7-8059-aa6a-e5a113725953,"Libido, Blackroll, Dehnen, Outdoor-Time, Nap",⭐⭐⭐ Diszipliniert,"Magnesium, Multivitamin, Zink, Ashwaghanda, Kreatin, Omega-3, B12, Vit D",,"Bett geteilt, Hot-Shower",86,13.3,,,,,,,,,,,,,,,,,,,,,,,
5/17/2026,2026-05-17T13:58:00.000+02:00,Sunday,2026-W21,Wettkampf,,160,Pliezhausen,Draußen - Kalt,☀️ Nachmittag,TRUE,"80m: 8.72s +0.3m/s
150m: 15.91s +1.1m/s",77,100,14.3,2 - Normal,3 - Gut,2 - Anstrengend,2 - Wenig,,"Sprungelenk L, Unterer Rücken",,,,,,,,,,,,36455485-caa7-8060-8899-f0f27e4e45a3,"Blackroll, Dehnen, Outdoor-Time",⭐⭐ Okay / Im Soll,"Koffein, Magnesium, Multivitamin, Zink, Ashwaghanda, Kreatin, Omega-3, B12, Vit D, Elektrolyte, Probiotika",Freunde,"Gelesen, Bett geteilt, Hot-Shower, Nasenpflaster",86.55,13.3,,,,,,,,,,,,,,,,,,,,,,,
5/16/2026,2026-05-16T09:29:00.000+02:00,Saturday,2026-W20,"Auftakt, Kraft",,88,MTG Halle,Halle,,FALSE,"3x100m EL, Mobi, Kordi
3 Starts
Umsetzen 4x2 70/80/85/90kg
Armarbeit 2x30 2kg
Beuger spezial 2x6
Aufsteiger 3x3 60/70/80kg
Box-Jumps 2x3",92,99,9.1,2 - Normal,2 - Okay,3 - Normal,3 - Mittel,"Unfrisch, Müde","Unterer Rücken, Sprungelenk L, Achilles L",,88,,,96,,,,,,,36255485-caa7-8067-91ae-c6533bb7136c,"Blackroll, Dehnen",⭐⭐⭐ Diszipliniert,"Magnesium, Multivitamin, Zink, Ashwaghanda, Kreatin, Omega-3, Vit D",,"Gelesen, Bett geteilt, Hot-Shower, Nasenpflaster",87.05,13.3,,,,,,,,,,,,,,,,,,,,,,,
5/15/2026,2026-05-15,Friday,2026-W20,Frei,,0,,,,FALSE,,79,94,4.2,,,,,,Unterer Rücken,,,,,,,,,,,,36155485-caa7-802a-a1a8-f0229e78d294,"Neuroathletik, Kalte Dusche, Blackroll, Sauna, Dehnen",⭐⭐⭐ Diszipliniert,"Magnesium, Multivitamin, Zink, Ashwaghanda, Kreatin, Omega-3, B12, Vit D",,"Unterbrechung, Gelesen, Bett geteilt, Nasenpflaster",86.8,13.2,,,,,,,,,,,,,,,,,,,,,,,
5/14/2026,2026-05-14T12:04:00.000+02:00,Thursday,2026-W20,Wettkampf,,150,Wiesbaden,Draußen - Regen,🌅 Vormittag,FALSE,Weit: 7.60 +1.1m/s,86,99,14,3 - Konzentriert,1 - Schlecht,2 - Anstrengend,3 - Mittel,"Motiviert, Gut gelaunt","Unterer Rücken, Sprungelenk L",,,,,,7.60,,,,,,36055485-caa7-80c9-bcd3-d5dc15b32793,"Kalte Dusche, Blackroll, Dehnen, Outdoor-Time",⭐⭐ Okay / Im Soll,"Koffein, Magnesium, Multivitamin, Zink, Ashwaghanda, Kreatin, Omega-3, B12, Vit D, Elektrolyte","Freunde, Reisestress","Unterbrechung, Bett geteilt, Gelesen, Hot-Shower, Nasenpflaster",87.05,13.4,,,,,,,,,,,,,,,,,,,,,,,
5/13/2026,2026-05-13T12:52:00.000+02:00,Wednesday,2026-W20,Auftakt,,60,MTG Halle,Halle,🌅 Vormittag,FALSE,"1 Runde EL, 2 Steigerungen, Mobi, Kordi
9er
2x Anlaufkontrollen
3x2 Hürdensprünge",81,97,9.7,2 - Normal,2 - Okay,3 - Normal,2 - Wenig,Motiviert,"Sprungelenk L, Unterer Rücken",,,,,,,,,,,,35f55485-caa7-80a2-8a54-f206546000a2,"Blackroll, Dehnen, Lympho, Physio, Outdoor-Time",⭐⭐⭐ Diszipliniert,"Magnesium, Multivitamin, Zink, Ashwaghanda, Kreatin, Omega-3, B12, Vit D, Elektrolyte",,"Unterbrechung, Gelesen, Bett geteilt, Hot-Shower, Nasenpflaster",86.75,13.2,,,,,,,,,,,,,,,,,,,,,,,
5/12/2026,2026-05-12,Tuesday,2026-W20,Frei,,0,,,,FALSE,,61,88,4.4,,,,,,Unterer Rücken,,,,,,,,,,,,35e55485-caa7-80aa-9624-cc7bd5fc71bd,"Kalte Dusche, Blackroll, Verdauungsspaziergang, Dehnen, Outdoor-Time",⭐⭐⭐ Diszipliniert,"Magnesium, Multivitamin, Zink, Ashwaghanda, Kreatin, Omega-3, B12, Vit D","Reisestress, Me-Time","Unterbrechung, Bett geteilt, Hot-Shower, Nasenpflaster",86.75,13.3,,,,,,,,,,,,,,,,,,,,,,,
5/11/2026,2026-05-11T11:25:00.000+02:00,Monday,2026-W20,Kraft,,74,MTG Halle,Halle,🌅 Vormittag,FALSE,"Trapbar 4/3/3/3/2 100/105/110/115/120kg
Hüftbeuger 2x6 90kg
Lat-Pulldown 2x8 50kg
Wade 2x10 (stehend/sitzend) 9
Splitsquat 4/3/3/2 70/75/80/85kg
Beuger 2x10 25kg
Hip-Thrust 2x6 120kg
Kastenwechselsprünge 2x4",89,95,13.2,2 - Normal,2 - Okay,2 - Anstrengend,2 - Wenig,Unfrisch,"Unterer Rücken, Sprungelenk L",,,144,128,,,,,,,,35d55485-caa7-8092-a1b7-d3a060629d7d,"Sauna, Kalte Dusche, Blackroll, Dehnen",⭐⭐⭐ Diszipliniert,"Koffein, Magnesium, Multivitamin, Zink, Ashwaghanda, Kreatin, Omega-3, B12, Vit D",,"Anderes Bett, Unterbrechung, Hot-Shower",86.3,13.3,,,,,,,,,,,,,,,,,,,,,,,
5/10/2026,2026-05-10,Sunday,2026-W20,Frei,,0,,,,FALSE,,67,87,4.7,,,,,,,,,,,,,,,,,,35c55485-caa7-8005-a026-dcc789858289,"Blackroll, Dehnen, Lympho, Outdoor-Time",⭐⭐ Okay / Im Soll,"Magnesium, Multivitamin, Zink, Ashwaghanda, Kreatin, Omega-3, B12, Vit D",,"Unterbrechung, Bett geteilt, Zahnspange, Hot-Shower",87.2,13.4,,,,,,,,,,,,,,,,,,,,,,,
5/9/2026,2026-05-09T15:12:00.000+02:00,Saturday,2026-W19,Regeneration,NI,64,MTG Halle,Halle,☀️ Nachmittag,FALSE,"3x100m EL, Mobi
4 Kordiübungen
3x80m / 3x120m / 3x100m NI
LP: 2min SP: 6min",79,86,6.1,2 - Normal,2 - Okay,3 - Normal,2 - Wenig,Unfrisch,Sprungelenk L,,,,,,,,,,,,35b55485-caa7-803d-bae1-d2841e345d6e,"Libido, Blackroll, Dehnen, Outdoor-Time",⭐ Schlecht (Junk Food / Timing),"Magnesium, Multivitamin, Zink, Ashwaghanda, Kreatin, Omega-3, B12",Freunde,"Unterbrechung, Bett geteilt, Hot-Shower, Nasenpflaster, Late Meal",86.6,13.3,,,,,,,,,,,,,,,,,,,,,,,
5/8/2026,2026-05-08,Friday,2026-W19,Frei,,0,,,,FALSE,,70,87,4.4,,,,,,,,,,,,,,,,,,35a55485-caa7-80cd-a59c-e5133355556c,Blackroll,⭐⭐ Okay / Im Soll,"Koffein, Magnesium, Multivitamin, Zink, Ashwaghanda, Kreatin, Omega-3",Reisestress,"Bett geteilt, Hot-Shower, Nasenpflaster",87.25,13.4,,,,,,,,,,,,,,,,,,,,,,,
5/7/2026,2026-05-07,Thursday,2026-W19,Frei,,0,,,,FALSE,,39,77,5.7,,,,,Müde,,,,,,,,,,,,,35a55485-caa7-80a0-a64a-c817b5a01100,Blackroll,,"Multivitamin, Magnesium, Koffein, Zink, Ashwaghanda","Freunde, Reisestress","Anderes Bett, Unterbrechung, Schlafmaske, Kopfhörer",,,,,,,,,,,,,,,,,,,,,,,,,
5/6/2026,2026-05-06T10:07:00.000+03:00,Wednesday,2026-W19,"Diagnostik, Sprung",Absprung,155,Belek,Draußen - Sonnig,,TRUE,"1 Runde EL, Mobi, Kordi
50m Steigern
Einspringen
7er/9er
2x13er
4x15er
3x5er Sprunglauf
2x jede Seite Einbeinsprünge 20m
2x jede Seite Pen1",55,89,16.3,2 - Normal,2 - Okay,2 - Anstrengend,2 - Wenig,"Unfrisch, Motiviert","Muskelkater, Unterer Rücken, Sprungelenk L, Achilles L",,,,,,,,,,,,35855485-caa7-809d-9243-fede5b34bdb2,"Libido, Eisbad, Physio, Outdoor-Time, Urlaub",⭐⭐⭐ Diszipliniert,"Koffein, Multivitamin, Ecdysteron, Kreatin, Omega-3, Magnesium, Zink, Vit D, Elektrolyte",Freunde,"Anderes Bett, Unterbrechung, Schlafmaske, Kopfhörer",,,,,,,,,,,,,,,,,,,,,,,,,
5/6/2026,2026-05-06T16:22:00.000+02:00,Wednesday,2026-W19,Tempos,Tempos,96,Belek,Draußen - Sonnig,☀️ Nachmittag,TRUE,"1 Runde EL, Mobi, Kordi
Hürdensprünge 4x2x4
1 Steigerung
2x150m LP: 6min
SP: 20min
2x100m ZWL 3,75kg LP: 6min
2x50m NI",55,89,16.3,2 - Normal,2 - Okay,1 - Hoch,2 - Wenig,"Motiviert, Unfrisch","Lauftechnik, Erschöpft, Laktat",,,,,,,,,,,,35a55485-caa7-8044-921f-e0b25408f76c,,,Elektrolyte,,,,,,,,,,,,,,,,,,,,,,,,,,,
5/5/2026,2026-05-05T10:05:00.000+03:00,Tuesday,2026-W19,Kraft,,113,Belek,Halle,,TRUE,"Umsetzen 3/3/2/2/1/1 90/100/105/110/115/120kg
Armarbeit 3x50 2kg
Adduktor 3x10 45kg
Abduktor 3x10 70kg
Hüftbeuger 3x8 30kg
Aufroller 4x6 2kg
Beuger spezial 3x8 2kg
Front Squat 4/4/3/3/2 60/70/80/90/100kg
Box-Jump 2x3",31,88,13.9,2 - Normal,2 - Okay,1 - Hoch,2 - Wenig,Unfrisch,"Unterer Rücken, Sprungelenk L, Psoas R",,,,,124,,,,,,,35755485-caa7-8093-811b-d0a7e8c1df0b,"Libido, Outdoor-Time, Urlaub, Kryokammer",⭐⭐⭐ Diszipliniert,"Koffein, Magnesium, Multivitamin, Zink, Ecdysteron, Ashwaghanda, Kreatin, Omega-3, Vit D","Freunde, Me-Time","Anderes Bett, Unterbrechung, Schlafmaske, Kopfhörer",,,,,,,,,,,,,,,,,,,,,,,,,
5/4/2026,2026-05-04T10:07:00.000+03:00,Monday,2026-W19,Sprint,Beschleunigung,76,Belek,Draußen - Windig,,TRUE,"1 Runde EL, Mobi
Kordi 25m am Berg
3x 30/40/50m berg auf
LP: 3 SP: 8min",47,98,13.7,2 - Normal,2 - Okay,3 - Normal,3 - Mittel,Gut gelaunt,"Sprungelenk L, Beuger R, Unterer Rücken",,,,,,,,,,,,35655485-caa7-80d0-87e5-da1b34cb8896,"Libido, Physio, Outdoor-Time, Urlaub",⭐⭐⭐ Diszipliniert,"Koffein, Magnesium, Multivitamin, Zink, Ecdysteron, Ashwaghanda, Kreatin, Omega-3, Vit D","Freunde, Me-Time","Anderes Bett, Unterbrechung, Schlafmaske, Kopfhörer",,,,,,,,,,,,,,,,,,,,,,,,,
5/4/2026,2026-05-04T17:05:00.000+03:00,Monday,2026-W19,Regeneration,NI,39,Belek,Draußen - Windig,☀️ Nachmittag,TRUE,"1 Runde EL, Mobi
20m Rasenkordi Skippings, KHL, Hopser",47,98,13.7,2 - Normal,2 - Okay,3 - Normal,3 - Mittel,,Sprungelenk L,,,,,,,,,,,,35755485-caa7-80c0-a453-eebd0d1ea926,,,,,,,,,,,,,,,,,,,,,,,,,,,,,,
5/3/2026,2026-05-03T09:49:00.000+03:00,Sunday,2026-W19,Kraft,,93,Belek,Halle,,TRUE,"FCT vertikal 3x
(Trapbar 3x 150kg
Drop-Jumps 4x
Hantelsprünge 4x 30kg
Assisted Jumps 4x)
Wade 3x10 105kg
Nordics 3x6
Lat-Pulldown 3x10 40kg
Aufroller exzentrisch 3x10 2kg
Hip-Thrust 3x6 30kg
Splitsquat 4/3/3/3/2 70/75/75/75/80kg
Kastenwechselsprünge 2x3",67,93,15.5,2 - Normal,2 - Okay,2 - Anstrengend,2 - Wenig,Unfrisch,"Unterer Rücken, Achilles L",,,36,165,,,,,,,,35555485-caa7-80ac-800b-c26b67612674,"Kalte Dusche, Blackroll, Sauna, Dehnen, Outdoor-Time, Urlaub",⭐⭐⭐ Diszipliniert,,"Freunde, Me-Time","Unterbrechung, Schlafmaske, Kopfhörer",85.8,,,,,,,,,,,,,,,,,,,,,,,,
5/2/2026,2026-05-02T09:50:00.000+03:00,Saturday,2026-W18,Sprung,"Absprung, Koordination",160,Belek,Draußen - Sonnig,,TRUE,"Achilles, Mobi, 3x100m EL
Kordi
50m Steigerung
Einspringen (3er/5er)
1x7er
3x9er
3/4x11er
2x30m SPL bergauf
2x jede Seite EBS bergauf
2x jede Seite Pen1 bergauf",83,100,13.5,3 - Konzentriert,3 - Gut,2 - Anstrengend,3 - Mittel,Motiviert,"Achilles L, Gesessen, Schultern",,,,,,,,,,,,35455485-caa7-80be-b5a1-f392a6d1757b,"Libido, Blackroll, Dehnen, Physio, Outdoor-Time, Urlaub",⭐⭐⭐ Diszipliniert,"Koffein, Magnesium, Multivitamin, Zink, Ecdysteron, Ashwaghanda, Kreatin, Omega-3, Vit D, Elektrolyte","Freunde, Me-Time","Anderes Bett, Schlafmaske, Kopfhörer",86.1,,,,,,,,,,,,,,,,,,,,,,,,
5/2/2026,2026-05-02T16:09:00.000+03:00,Saturday,2026-W18,Regeneration,Koordination,72,Belek,Draußen - Sonnig,☀️ Nachmittag,TRUE,"warm-up, mobi,
Driblings, skippings, KHL, Gehen,
2x (2x40/2x50/2x60m) Hinke bergauf 750g Manschette",83,100,13.5,2 - Normal,2 - Okay,3 - Normal,2 - Wenig,,Beuger R,,,,,,,,,,,,35555485-caa7-8044-bf17-eb1ca25aa47d,,,,,,,,,,,,,,,,,,,,,,,,,,,,,,
5/1/2026,2026-05-01,Friday,2026-W18,Frei,,0,,,,FALSE,,52,88,7.2,,,,,,"Achilles L, Muskelkater",,,,,,,,,,,,35355485-caa7-8033-9506-ea47af309aa6,"Outdoor-Time, Urlaub, Libido, Kalte Dusche, Blackroll, Sauna, Dehnen, Eisbad, Schwimmen",⭐⭐⭐ Diszipliniert,"Koffein, Magnesium, Multivitamin, Zink, Ecdysteron, Ashwaghanda, Kreatin, Omega-3, Vit D","Freunde, Me-Time","Anderes Bett, Unterbrechung, Schlafmaske, Kopfhörer",85.9,,,,,,,,,,,,,,,,,,,,,,,,
4/30/2026,2026-04-30T10:05:00.000+03:00,Thursday,2026-W18,Tempos,"Tempos, Koordination",174,Belek,Draußen - Sonnig,,TRUE,"Achilles-Programm
1 Runde EL, Mobi
4x Hürdenkordi
4x2x4 Hürdensprünge
3x2x6 Links/links/rechts/rechts bergauf
1 Steigerung bergauf
200/200m
150/150m
120/120m
100/100m
LP: 6 SP: 20",71,91,17.3,2 - Normal,3 - Gut,1 - Hoch,2 - Wenig,,Achilles L,,,,,,,,,,,,35255485-caa7-80f3-9312-ecddb5986ede,"Eisbad, Blackroll, Dehnen, Physio, Outdoor-Time, Urlaub",⭐⭐⭐ Diszipliniert,"Magnesium, Multivitamin, Koffein, Zink, Ecdysteron, Ashwaghanda, Kreatin, Omega-3, Vit D, Elektrolyte",Freunde,"Anderes Bett, Unterbrechung, Schlafmaske, Kopfhörer",85.4,,,,,,,,,,,,,,,,,,,,,,,,
4/30/2026,2026-04-30T16:02:00.000+03:00,Thursday,2026-W18,Kraft,,112,Belek,Halle,☀️ Nachmittag,TRUE,"Umsetzen 4/4/3/3/2/1 90/100/105/110/115/120kg
Armarbeit 3x50 2kg
Adduktor 2x10 Kabelzug 7,5kg 1x10 45kg
Abduktor 1x10 Kabelzug 7,5kg 2x10 70kg
Hüftbeuger 3x8 25/20/20kg
Aufroller 4x6 2kg (2x gerade, 2x diagonal)
Beuger spezial 3x8 2kg
Front Squat 5/4/4/3/2 60/70/80/90/100kg
Box-Jump 2x3",71,91,17.3,2 - Normal,3 - Gut,1 - Hoch,2 - Wenig,Schlecht gelaunt,,,,,,124,,,,,,,35255485-caa7-8065-9ba2-f76186f53e37,,,,,,,,,,,,,,,,,,,,,,,,,,,,,,
4/29/2026,2026-04-29T11:05:00.000+03:00,Wednesday,2026-W18,"Sprint, Diagnostik",MaxV,135,Belek,Draußen - Sonnig,🌅 Vormittag,TRUE,"4x100m EL, Mobi
Kordi 20m
2x50m Steigerung
2x (50m ZWL 3,75kg + 60m Diagnostik)
60m ZWL 3,75kg
80m frei",71,84,12.2,3 - Konzentriert,3 - Gut,2 - Anstrengend,2 - Wenig,,,,,,,,,,,,,,35155485-caa7-808f-8431-eced70e697be,"Libido, Blackroll, Sauna, Dehnen, Kalte Dusche, Outdoor-Time, Urlaub",⭐⭐⭐ Diszipliniert,"Magnesium, Multivitamin, Zink, Ecdysteron, Ashwaghanda, Kreatin, Omega-3, Vit D, Elektrolyte","Freunde, Me-Time","Anderes Bett, Unterbrechung, Schlafmaske, Kopfhörer",85.4,,,,,,,,,,,,,,,,,,,,,,,,
4/28/2026,2026-04-28T10:33:00.000+02:00,Tuesday,2026-W18,Sprint,"Beschleunigung, Koordination",86,Belek,Draußen - Sonnig,🌅 Vormittag,TRUE,"4x100m EL, Mobi
Kordi am Berg 20m
3x HPL, 3xSPL, 3x SL-Sprünge (10/10m), Pen1 (2x jede Seite)
2x 30/40/50m bergauf 
LP: 2min SP: 8min",60,81,17,3 - Konzentriert,3 - Gut,3 - Normal,2 - Wenig,Gut gelaunt,"Verdauung, Kopfschmerzen, Achilles L, Hüfte",,,,,,,,,,,,35055485-caa7-8018-adc2-ca064846442c,"Libido, Physio, Outdoor-Time, Urlaub",⭐⭐⭐ Diszipliniert,"Magnesium, Multivitamin, Zink, Ecdysteron, Ashwaghanda, Kreatin, Omega-3, Vit D","Freunde, Me-Time","Anderes Bett, Unterbrechung, Kopfhörer",,,,,,,,,,,,,,,,,,,,,,,,,
4/28/2026,2026-04-28T16:04:00.000+02:00,Tuesday,2026-W18,Kraft,,111,Belek,Halle,☀️ Nachmittag,TRUE,"FCT vertikal 3x
(Trapbar 3x 140/140/150kg
Drop-Jump 4x
Hantelsprünge 4x 30kg
Assisted Jumps 4x)
Beuger Nordics 7/6/6
Wade 3x10 100kg
Lat-Pulldown 3x10 40kg
Splitsquat 4/4/3/3/2 70/70/75/75/80kg
Aufroller exzentrisch 3x10 2kg
Hip-Thrust 3x6 30kg
Kastenwechselsprünge 2x3",60,81,17,2 - Normal,3 - Gut,2 - Anstrengend,2 - Wenig,"Schlecht gelaunt, Frisch",Achilles L,,,36,165,,,,,,,,35055485-caa7-806e-a11f-e47ad59cf4db,,,,,,,,,,,,,,,,,,,,,,,,,,,,,,
4/27/2026,2026-04-27,Monday,2026-W18,Frei,,0,,,,FALSE,,79,90,4.7,,,,,,"Krank, Verdauung, Allergie, Kopfschmerzen",,,,,,,,,,,,34f55485-caa7-8011-a4c6-e58886d32b35,Urlaub,,"Multivitamin, Kreatin, Omega-3, Vit D","Freunde, Reisestress","Anderes Bett, Unterbrechung, Gelesen, Zahnspange, Hot-Shower, Nasenpflaster, Nap",85.85,13.2,,,,,,,,,,,,,,,,,,,,,,,
4/26/2026,2026-04-26,Sunday,2026-W18,Frei,,0,,,,FALSE,,64,98,5.6,,,,,,Allergie,,,,,,,,,,,,34e55485-caa7-80b4-a722-f5b9c1b71258,"Kalte Dusche, Blackroll, Sauna, Dehnen, Outdoor-Time",⭐⭐ Okay / Im Soll,"Magnesium, Koffein, Multivitamin, Zink, Ashwaghanda, Kreatin, Omega-3, B12, Vit D",,"Anderes Bett, Unterbrechung, Gelesen, Hot-Shower, Nasenpflaster",86.25,13.1,,,,,,,,,,,,,,,,,,,,,,,
4/25/2026,2026-04-25T10:59:00.000+02:00,Saturday,2026-W17,Regeneration,Koordination,112,Frankfurt,Draußen - Sonnig,🌅 Vormittag,TRUE,"EL, Gymnastik, Koordi
1x50m Roller
Hinkeläufe mit Manschette 0,5kg
1x40/60/80/50m li + re
P 3-4‘, SP 10‘",51,98,9.2,2 - Normal,2 - Okay,2 - Anstrengend,1 - Keine,"Unmotiviert, Müde",Allergie,,,,,,,,,,,,34d55485-caa7-807e-a057-eb161314ae45,"Libido, Blackroll, Verdauungsspaziergang, Outdoor-Time, Dehnen",⭐ Schlecht (Junk Food / Timing),"Magnesium, Multivitamin, Zink, Ashwaghanda, Kreatin, Omega-3, B12, Vit D",Freunde,"Unterbrechung, Gelesen, Bett geteilt, Hot-Shower, Nasenpflaster, Late Meal",85.6,13.2,,,,,,,,,,,,,,,,,,,,,,,
4/24/2026,2026-04-24T15:09:00.000+02:00,Friday,2026-W17,Sprint,,108,Mannheim,Draußen - Sonnig,☀️ Nachmittag,TRUE,"1 Runde EL, Mobi, Kordi
1x50m + 1x30m Ablauf
Sprints 90-95%
60m Steigerung
80m In and Out
LP: 4 SP: 10
2x80m ZWL 3,75kg
LP: 5 SP: 10
2x10m frei
LP: 8",85,100,12.8,2 - Normal,2 - Okay,3 - Normal,,"Stress, Schlecht gelaunt",Allergie,,,,,,,,,,,,34c55485-caa7-8086-a6f8-f6f5b27ce557,"Blackroll, Outdoor-Time, Dehnen",,"Magnesium, Multivitamin, Zink, Ashwaghanda, Kreatin, Omega-3, B12, Vit D","Beziehungsstress, Freunde","Anderes Bett, Unterbrechung, Hot-Shower, Nasenpflaster",85.15,13.1,,,,,,,,,,,,,,,,,,,,,,,
4/23/2026,2026-04-23T16:43:00.000+02:00,Thursday,2026-W17,Kraft,,73,MTG Halle,Halle,☀️ Nachmittag,FALSE,"Umsetzen 5/4/3/2 80/90/100/100kg
Armarbeit 2x50 skg
Sprintmaschine 2x6 30/40kg
Front Squat 5/4/3/2 65/75/85/95kg
Aufroller 2x6 2/4kg Hantel (1x gerade 1x diagonal)
Beuger spezial 3x8 2kg Hantel
Adduktor 2x12 60kg
Abduktor 2x12 60kg
Box-Jump 2x3",62,96,13.2,3 - Konzentriert,3 - Gut,3 - Normal,1 - Keine,"Unmotiviert, Frisch",Unterer Rücken,,,,,117.3,,,,,,,34b55485-caa7-8092-a752-d1daeb3fccd5,"Blackroll, Dehnen, Outdoor-Time",⭐⭐ Okay / Im Soll,"Magnesium, Multivitamin, Zink, Ashwaghanda, Kreatin, Omega-3, B12, Vit D",,"Gelesen, Bett geteilt, Hot-Shower, Nasenpflaster",85.15,12.9,,,,,,,,,,,,,,,,,,,,,,,
4/22/2026,2026-04-22T10:24:00.000+02:00,Wednesday,2026-W17,Tempos,Tempos,92,Mannheim,Draußen - Sonnig,🌅 Vormittag,TRUE,"4x100m NI
Mobi
Hürdenkordi 2x6
Hürdensprünge mit Zwischenhopser 3x2x4
1x50m Steigerung
2x200, 2x150, 2x100m
LP 4min
SP: 10min",89,93,9.3,2 - Normal,2 - Okay,2 - Anstrengend,2 - Wenig,,Achilles L,Getrenntes Training wäre heute besser gewesen,,,,,,,,,,,34a55485-caa7-80a7-91e1-f7c8f2f0b8f5,"Libido, Blackroll, Dehnen, Outdoor-Time",⭐⭐ Okay / Im Soll,"Magnesium, Multivitamin, Zink, Ashwaghanda, Kreatin, Omega-3, B12, Vit D, Elektrolyte","Freunde, Beziehungsstress","Bett geteilt, Gelesen, Hot-Shower, Nasenpflaster",84.95,12.9,,,,,,,,,,,,,,,,,,,,,,,
4/21/2026,2026-04-21T14:12:00.000+02:00,Tuesday,2026-W17,Sprung,Absprung,114,MTG Halle,Halle,☀️ Nachmittag,TRUE,"3x150m EL, Mobi
Kordi + Sprungkordi am Berg
2x60 Steigerung
40/50/60m
Einspringen
2x7er
2x9er
3x4 Drop-Jumps",91,90,10.3,3 - Konzentriert,3 - Gut,3 - Normal,2 - Wenig,"Gut gelaunt, Frisch",,,,,,,,,,,,,34955485-caa7-8096-959d-e39bdf97274c,"Blackroll, Dehnen, Outdoor-Time",⭐⭐ Okay / Im Soll,"Koffein, Magnesium, Multivitamin, Zink, Ashwaghanda, Kreatin, Omega-3, B12, Vit D, Elektrolyte",Freunde,"Gelesen, Bett geteilt, Hot-Shower, Nasenpflaster",85.25,12.9,,,,,,,,,,,,,,,,,,,,,,,
4/20/2026,2026-04-20T17:42:00.000+02:00,Monday,2026-W17,Kraft,,67,MTG Halle,Halle,☀️ Nachmittag,FALSE,"Trapbar 5/4/3/2 90/100/110/120kg
Lat-Pulldown 2x10 50kg
Hüftbeuger 2x8 70/80kg
Beuger 2x12 (6x Nordics + 6x 25kg)
Splitsquat 5/4/3/2 70/75/80/85kg
Wade 2x12 9 stehend/sitzend
Hip-Thrust 2x8 100/120kg
Kastenwechselsprünge 2x3 je Seite",81,82,12.5,2 - Normal,2 - Okay,2 - Anstrengend,1 - Keine,"Unfrisch, Müde",Erschöpft,,,152,128,,,,,,,,34855485-caa7-80d7-bb27-d454a65d7842,"Blackroll, Dehnen",⭐⭐ Okay / Im Soll,"Magnesium, Zink, Ashwaghanda",,"Bett geteilt, Hot-Shower",84.95,12.6,,,,,,,,,,,,,,,,,,,,,,,
4/19/2026,2026-04-19T12:01:00.000+02:00,Sunday,2026-W17,Regeneration,Koordination,83,Münster,Draußen - Regen,🌅 Vormittag,FALSE,"EL, Gymnastik, Koordi
2x50m Roller
Hinkeläufe mit Manschette
2x60/80/100m li + re
P 3-4‘, SP 10‘",95,98,12.6,2 - Normal,2 - Okay,3 - Normal,1 - Keine,"Unmotiviert, Unfrisch",Achilles L,,,,,,,,,,,,34755485-caa7-8027-b84e-ca40f3572b50,"Libido, Outdoor-Time",⭐ Schlecht (Junk Food / Timing),,"Freunde, Reisestress","Anderes Bett, Unterbrechung, Hot-Shower, Late Meal",,,,,,,,,,,,,,,,,,,,,,,,,
4/18/2026,2026-04-18,Saturday,2026-W16,Frei,,0,,,,FALSE,,70,85,7.3,,,,,,Achilles L,,,,,,,,,,,,34755485-caa7-80fe-8f2b-d69a40ef235e,Libido,⭐ Schlecht (Junk Food / Timing),,"Freunde, Me-Time, Reisestress","Anderes Bett, Unterbrechung, Hot-Shower, Late Meal",,,,,,,,,,,,,,,,,,,,,,,,,
4/17/2026,2026-04-17T10:41:00.000+02:00,Friday,2026-W16,Sprint,ZWL,146,MTG Halle,Halle,🌅 Vormittag,TRUE,"3 C EL, Mobi
Kordi 20m
2x60m Steigerung
Sprints 90-95%
3x60m (2x Steigerung, 1x In and Out)
3x80m ZWL 3,75kg
3x100m frei
LP: 5min
SP: 10min",94,88,11.8,3 - Konzentriert,2 - Okay,2 - Anstrengend,2 - Wenig,Unfrisch,Muskelkater,,,,,,,,,,,,34555485-caa7-80a7-be4e-fcd1391155ee,Libido,⭐⭐ Okay / Im Soll,"Multivitamin, Kreatin, Omega-3, Vit D","Freunde, Me-Time, Reisestress","Unterbrechung, Gelesen, Bett geteilt, Nasenpflaster, Kopfhörer",,,,,,,,,,,,,,,,,,,,,,,,,
4/16/2026,2026-04-16T16:53:00.000+02:00,Thursday,2026-W16,Kraft,,106,MTG Halle,Halle,☀️ Nachmittag,FALSE,"Umsetzen 5/4/4/3/2/1 70/80/90/100/100/100kg
Armarbeit 3x50 2kg
Sprintkraftmaschine 3x8 30/40kg
Beuger spezial 3x8 2kg
Adduktor 3x12 60kg
Abduktor 3x12 60kg
Front Squat 5/5/4/4/3/3 60/70/75/80/85/90kg
Aufroller 4x6 2kg (2x gerade, 2x diagonal)
Box-Jump 3x3",61,100,61,2 - Normal,2 - Okay,2 - Anstrengend,2 - Wenig,Unfrisch,Erschöpft,,,,,103.3,,,,,,,34455485-caa7-8099-af93-e0e83d618b1e,"Kalte Dusche, Blackroll, Dehnen, Physio, Outdoor-Time",⭐⭐ Okay / Im Soll,"Magnesium, Multivitamin, Zink, Ashwaghanda, Kreatin, Omega-3, B12, Vit D",,"Unterbrechung, Gelesen, Bett geteilt, Hot-Shower, Nasenpflaster",84.4,12.7,,,,,,,,,,,,,,,,,,,,,,,
4/15/2026,2026-04-15T16:08:00.000+02:00,Wednesday,2026-W16,Tempos,Tempos,148,Mannheim,Draußen - Sonnig,☀️ Nachmittag,TRUE,"1 Runde EL, Mobi
4x6 Hürdenkordi + Special
4x2x4 Hürdensprünge mit Zwischenhopser
4x2x4 links/links/rechts/rechts
200/200m
150/150m
120/120m
100/100m
LP: 4-5min
SP: 15min",75,100,13.3,2 - Normal,3 - Gut,2 - Anstrengend,2 - Wenig,,Achilles L,,,,,,,,,,,,34355485-caa7-805d-83fe-dcc1c5d6197a,"Blackroll, Dehnen, Outdoor-Time",⭐⭐⭐ Diszipliniert,"Magnesium, Multivitamin, Zink, Ashwaghanda, Kreatin, Omega-3, B12, Vit D, Elektrolyte","Freunde, Beziehungsstress","Anderes Bett, Unterbrechung, Hot-Shower",84.4,13,,,,,,,,,,,,,,,,,,,,,,,
4/14/2026,2026-04-14T16:06:00.000+02:00,Tuesday,2026-W16,"Sprint, Sprung","Koordination, Beschleunigung",131,MTG Halle,Halle,☀️ Nachmittag,TRUE,"1 Runde EL, Mobi
Kordi am Berg
4x Sprungkordi (HPL, SPL, Einbeinsprünge, Pen1)
3x60m NI
2x 20/30/40 
2x 40/50/60
LP: zurückgehen
SP: 6min",61,100,13.1,3 - Konzentriert,3 - Gut,3 - Normal,2 - Wenig,,Achilles L,,,,,,,,,,,,34255485-caa7-80fc-b674-e607d48217e9,"Libido, Outdoor-Time",⭐⭐⭐ Diszipliniert,"Magnesium, Koffein, Multivitamin, Zink, Ashwaghanda, Kreatin, Omega-3, Vit D","Freunde, Beziehungsstress","Anderes Bett, Unterbrechung, Gelesen, Zahnspange, Nasenpflaster",84.4,12.9,,,,,,,,,,,,,,,,,,,,,,,
4/13/2026,2026-04-13T14:32:00.000+02:00,Monday,2026-W16,Kraft,,90,MTG Halle,Halle,☀️ Nachmittag,FALSE,"RDL 6/5/5/4/4/3 60/70/75/80/85/90kg
Lat Pulldown 3x12 50kg
Wade 3x15 60kg
Aufroller exzentrisch 3x10
Splitsquat 6/5/4/4/3/2 60/65/70/75/80/85kg
Beuger 3x (5x Nordics 10x 25kg)
Hip-Thrust 3x8 90/100/110kg
3x6 Kastenwechselsprünge",62,99,16.6,2 - Normal,3 - Gut,3 - Normal,1 - Keine,Schlecht gelaunt,,,,139.3,,,,,,,,,34155485-caa7-8041-bad7-eceebba0f910,"Blackroll, Dehnen, Outdoor-Time",⭐⭐⭐ Diszipliniert,"Magnesium, Multivitamin, Zink, Ashwaghanda, Kreatin, Omega-3, B12, Vit D",Beziehungsstress,"Unterbrechung, Gelesen, Bett geteilt, Hot-Shower, Nasenpflaster",85.65,13.1,,,,,,,,,,,,,,,,,,,,,,,
4/12/2026,2026-04-12,Sunday,2026-W16,Frei,,0,,,,FALSE,,83,95,4.6,,,,,,,,,,,,,,,,,,34055485-caa7-803e-b3ca-e44d9b9c3310,"Kalte Dusche, Outdoor-Time, Flowlife",,,Beziehungsstress,"Unterbrechung, Gelesen, Bett geteilt, Nasenpflaster",85.3,12.9,,,,,,,,,,,,,,,,,,,,,,,
4/11/2026,2026-04-11T15:35:00.000+02:00,Saturday,2026-W15,Sprint,Koordination,60,Franklin,Draußen - Sonnig,☀️ Nachmittag,FALSE,"EL, Gymnastik, Koordination
Hinkeläufe mit leichter Manschette 2x500gr.
2x60/70/80m li + re
P 4‘/5‘, SP 8‘",92,96,9.4,2 - Normal,2 - Okay,3 - Normal,2 - Wenig,"Unmotiviert, Unfrisch",Achilles L,,,,,,,,,,,,33f55485-caa7-80bf-9210-cb4164ec342e,"Blackroll, Dehnen, Outdoor-Time",⭐⭐ Okay / Im Soll,"Magnesium, Multivitamin, Zink, Ashwaghanda, Kreatin, Omega-3, B12, Vit D",Beziehungsstress,"Bett geteilt, Hot-Shower, Nasenpflaster",,,,,,,,,,,,,,,,,,,,,,,,,
4/10/2026,2026-04-10T15:52:00.000+02:00,Friday,2026-W15,Sprint,MaxV,111,MTG Halle,Halle,☀️ Nachmittag,FALSE,"EL, Gymnastik, Koordination
2 lockere Steigerungen 60m
1 x 50m druckvoll in Turnschuhen
Sprints - 90-95%
1. Serie
60m - In/Out/In - 25/15/20m
60m - steigernd
60m - In/Out/In - 25/15/20m
P 6‘, SP 12
1. Serie
ZWL 3,75kg Männer
3x70m
P 10‘
SP 12‘
1. Serie
2x100m technisch sauber Rollen, hinten raus etwas mehr Druck machen.
P 10‘",91,93,10.5,2 - Normal,2 - Okay,2 - Anstrengend,2 - Wenig,"Unmotiviert, Schlecht gelaunt, Unfrisch",Achilles L,,,,,,,,,,,,33e55485-caa7-8088-800f-e7f381527f7c,"Libido, Blackroll, Dehnen",⭐⭐ Okay / Im Soll,"Koffein, Magnesium, Multivitamin, Zink, Ashwaghanda, Kreatin, Omega-3, B12, Vit D",Beziehungsstress,"Unterbrechung, Gelesen, Bett geteilt, Hot-Shower, Nasenpflaster",85.05,12.9,,,,,,,,,,,,,,,,,,,,,,,
4/9/2026,2026-04-09T14:49:00.000+02:00,Thursday,2026-W15,Kraft,,106,MTG Halle,Halle,☀️ Nachmittag,FALSE,"Umsetzen 5/4/4/4/3/1 70/90/90/100/105/105kg
Armarbeit 3x50 2kg
Sprintmaschine 3x8 40/30kg
Adduktor 3x15 60kg
Abduktor 3x15 60kg
Front Squat 6/5/5/4/3 60/70/75/80/85kg
Aufroller 3x6 2kg
Beuger auf Kasten 3x8 12kg
Box-Jump 3x3",91,92,15.7,1 - Unkonzentriert,2 - Okay,2 - Anstrengend,2 - Wenig,Schlecht gelaunt,Achilles L,,,,,108.5,,,,,,,33d55485-caa7-8092-93c5-dda0dbb6107e,"Libido, Blackroll, Dehnen, Physio, Outdoor-Time",⭐⭐ Okay / Im Soll,"Magnesium, Multivitamin, Zink, Ashwaghanda, Kreatin, Omega-3, B12, Vit D",,"Bett geteilt, Hot-Shower, Nasenpflaster",85.05,13,,,,,,,,,,,,,,,,,,,,,,,
4/8/2026,2026-04-08T13:15:00.000+02:00,Wednesday,2026-W15,"Sprint, Sprung","Koordination, Tempos",131,Mannheim,Draußen - Sonnig,☀️ Nachmittag,FALSE,,81,92,13,2 - Normal,2 - Okay,1 - Hoch,2 - Wenig,Unfrisch,Erschöpft,,,,,,,,,,,,33c55485-caa7-8089-90bc-e9a70badbc12,"Libido, Physio, Outdoor-Time",⭐⭐ Okay / Im Soll,"Koffein, Magnesium, Multivitamin, Zink, Ashwaghanda, Kreatin, Omega-3, B12, Vit D","Freunde, Beziehungsstress","Unterbrechung, Bett geteilt, Nasenpflaster",86.15,13.1,,,,,,,,,,,,,,,,,,,,,,,
4/7/2026,2026-04-07,Tuesday,2026-W15,Frei,,0,,,,FALSE,,79,82,5,,,,,,,,,,,,,,,,,,33b55485-caa7-8014-97e0-ef81f4995deb,"Kalte Dusche, Verdauungsspaziergang, Dehnen, Outdoor-Time",⭐ Schlecht (Junk Food / Timing),"Koffein, Magnesium, Multivitamin, Zink, Ashwaghanda, Omega-3, Vit D","Reisestress, Me-Time","Gelesen, Bett geteilt, Hot-Shower, Nasenpflaster",85.15,13,,,,,,,,,,,,,,,,,,,,,,,
4/6/2026,2026-04-06T14:20:00.000+02:00,Monday,2026-W15,"Sprint, Sprung, Kraft","Koordination, Beschleunigung",128,Mannheim,Draußen - Sonnig,☀️ Nachmittag,FALSE,"EL, Gymnastik, Sprünge Koordination am Berg.
Von der Treppe bis an das Schild.
3xHPL, 1xSkippings, 3xSPL, 1xZieher, 3xEinbeinsprünge(1/2li, 1/2re)
1xKHL, 2xPen1 li+re
1 Steigerung
Abläufe 30/40/50/60m
Kraft
RDL 6/5/5/4 70/75/80/85kg
Beuger 2x (5x Nordics + 10x 25kg)
Waden auf Schräge 2x15 60kg
LatPull 2x12 50kg
Splitsquad 6/5/4/3 50/60/70/80kg
Aufroller 2x10 exzentrisch im Stütz
HipTrust 3x8 80/90/100kg
2x6 Pogos",54,100,15.8,2 - Normal,2 - Okay,2 - Anstrengend,2 - Wenig,Müde,Achilles L,,,126.7,,,,,,,,,33a55485-caa7-8052-a873-e2a4aed09e8e,"Libido, Blackroll, Outdoor-Time, Dehnen",⭐⭐⭐ Diszipliniert,"Magnesium, Multivitamin, Zink, Ashwaghanda, Omega-3, B12, Vit D",,"Gelesen, Bett geteilt, Hot-Shower, Nasenpflaster",85.15,13.1,,,,,,,,,,,,,,,,,,,,,,,
4/5/2026,2026-04-05,Sunday,2026-W15,Frei,,0,,,,FALSE,,97,100,5.8,,,,,,,,,,,,,,,,,,33955485-caa7-80fc-a19b-dd6f463c18a9,"Outdoor-Time, Verdauungsspaziergang, Kalte Dusche, Blackroll, Dehnen",,"Magnesium, Multivitamin, Zink, Ashwaghanda, Omega-3, B12, Vit D",,"Unterbrechung, Gelesen, Bett geteilt, Hot-Shower, Nasenpflaster",84.85,13.1,,,,,,,,,,,,,,,,,,,,,,,
4/4/2026,2026-04-04T16:33:00.000+02:00,Saturday,2026-W14,Sprint,Koordination,53,Franklin,Draußen - Windig,☀️ Nachmittag,FALSE,"2x100m EL, Mobi, Kordi
2x2x40/50/60m Hinke mit 500g Manschetten
LP: 4/5min
SP: 8min",71,100,6.9,2 - Normal,2 - Okay,2 - Anstrengend,3 - Mittel,Unmotiviert,Achilles L,,,,,,,,,,,,33855485-caa7-8008-ad26-f4a9bd90c7df,"Blackroll, Dehnen, Outdoor-Time",⭐⭐⭐ Diszipliniert,"Magnesium, Multivitamin, Zink, Ashwaghanda, Omega-3, Vit D",,"Unterbrechung, Bett geteilt, Hot-Shower, Nasenpflaster",85.65,13.1,,,,,,,,,,,,,,,,,,,,,,,
4/3/2026,2026-04-03T15:11:00.000+02:00,Friday,2026-W14,Sprint,MaxV,132,MTG Halle,Halle,☀️ Nachmittag,FALSE,"2 Runden EL, Mobi, Kordi
100/80/60m NI 60/70/80%
60m Steigerung
60m InOuts 25/15/20m
60m Steigerung
LP: 6’ SP: 12’
2x80m 1080 3 / 3,5kg
LP: 10’ SP: 12’
2x100m 
LP: 10’",52,88,9.5,2 - Normal,2 - Okay,2 - Anstrengend,2 - Wenig,Gut gelaunt,Achilles L,,,,,,,,,,,,33755485-caa7-80b3-b479-c9b444a85062,"Blackroll, Dehnen",⭐⭐ Okay / Im Soll,"Magnesium, Zink, Ashwaghanda",Freunde,"Unterbrechung, Gelesen, Bett geteilt, Hot-Shower, Nasenpflaster, Schlafmaske",85.65,13,,,,,,,,,,,,,,,,,,,,,,,
4/2/2026,2026-04-02T16:59:00.000+02:00,Thursday,2026-W14,Kraft,,66,MTG Halle,Halle,☀️ Nachmittag,FALSE,"Umsetzen 5/5/4/4/3 70/80/90/95/100kg
Armarbeit 3x50 2kg
Adduktor 3x15 60kg
Abduktor 3x15 60kg
Front-Squat 50/60/65/70/75kg
Sprintmaschine 3x8 40/30kg
Beuger spezial 3x8
Box-Jump 3x3",64,97,16.1,2 - Normal,3 - Gut,2 - Anstrengend,1 - Keine,,Muskelkater,,,,,110,,,,,,,33655485-caa7-80db-b9ad-c599366a9033,"Libido, Physio, Outdoor-Time",⭐ Schlecht (Junk Food / Timing),"Koffein, Magnesium, Multivitamin, Zink, Ashwaghanda, Omega-3, Vit D",,"Gelesen, Bett geteilt, Nasenpflaster, Schlafmaske",84.85,12.9,,,,,,,,,,,,,,,,,,,,,,,
4/1/2026,2026-04-01T14:02:00.000+02:00,Wednesday,2026-W14,Tempos,Tempos,138,MTG Halle,Halle,☀️ Nachmittag,TRUE,"3x150m EL, Mobi
Kordi
Sprungkordi über Keilchen
3x60m Steigern
2x200, 2x150, 2x120, 2x100m
LP: 2min SP: 8-10min
28”, 18”, 15”, 13”?",40,80,13,3 - Konzentriert,3 - Gut,1 - Hoch,2 - Wenig,Gut gelaunt,Muskelkater,,,,,,,,,,,,33555485-caa7-8037-9e81-fc3c101a497b,"Kalte Dusche, Blackroll, Dehnen",⭐⭐ Okay / Im Soll,"Magnesium, Multivitamin, Zink, Ashwaghanda, Omega-3, Vit D",Freunde,"Unterbrechung, Gelesen, Bett geteilt, Nasenpflaster",85.2,13,,,,,,,,,,,,,,,,,,,,,,,
3/31/2026,2026-03-31T16:18:00.000+02:00,Tuesday,2026-W14,"Sprint, Sprung","Beschleunigung, Koordination",110,MTG Halle,Halle,☀️ Nachmittag,TRUE,"3x200m EL, Mobi
Kordi + Sprungkordi am Berg
2x100m NI
3x30/40/50m 
1x200m 34”",64,92,12.9,3 - Konzentriert,3 - Gut,3 - Normal,2 - Wenig,Stress,"Muskelkater, Achilles L",,,,,,,,,,,,33455485-caa7-8054-a2e7-cc847e50170a,"Kalte Dusche, Blackroll, Outdoor-Time",⭐⭐⭐ Diszipliniert,"Magnesium, Multivitamin, Zink, Ashwaghanda, Omega-3, Vit D","Arbeitsstress, Beziehungsstress, Freunde","Unterbrechung, Bett geteilt, Zahnspange, Hot-Shower, Schlafmaske",85.2,,,,,,,,,,,,,,,,,,,,,,,,
3/30/2026,2026-03-30T17:12:00.000+02:00,Monday,2026-W14,Kraft,,81,MTG Halle,Halle,☀️ Nachmittag,FALSE,"RDL 6/6/5/5/4 50/60/70/75/80kg
Aufroller 3x10 im Stütz
Wade 3x15 9 stehend sitzend
Beuger 3x15 25kg
Splitsquat 6/5/5/4/4 50/55/60/65/70kg
Hip-Thrust 3x8 80/90/100kg
Lat-Pulldown 3x12 50kg
Pogos 3x6",48,90,15.8,2 - Normal,3 - Gut,2 - Anstrengend,2 - Wenig,Frisch,Achilles L,,,126.7,,,,,,,,,33355485-caa7-806b-89c9-c09621f5018b,"Libido, Blackroll, Dehnen",⭐⭐⭐ Diszipliniert,"Magnesium, Multivitamin, Zink, Ashwaghanda, Omega-3, Vit D",,"Anderes Bett, Unterbrechung, Gelesen, Nasenpflaster",84.9,12.9,,,,,,,,,,,,,,,,,,,,,,,
3/29/2026,2026-03-29,Sunday,2026-W14,Frei,,0,,,,FALSE,,65,95,4.4,,,,,,,,,,,,,,,,,,33255485-caa7-8022-b81b-ea210fa22078,"Blackroll, Dehnen, Outdoor-Time, Zocken",⭐⭐⭐ Diszipliniert,"Multivitamin, Zink, Ashwaghanda",,"Anderes Bett, Gelesen, Nasenpflaster",84.9,13.1,,,,,,,,,,,,,,,,,,,,,,,
3/28/2026,2026-03-28T15:30:00.000+01:00,Saturday,2026-W13,Regeneration,Stabi,60,MTG Halle,Halle,☀️ Nachmittag,FALSE,"Achillesisometrik
5min Radergo
3x Core Zirkel
Goodmornings, reverse crunch, side plank, dead bug, russian twists",48,95,45,2 - Normal,2 - Okay,4 - Regenerativ,1 - Keine,,,,,,,,,,,,,,33155485-caa7-80c4-8ec8-d365a6bcdc5c,"Libido, Kalte Dusche, Blackroll, Sauna, Dehnen",⭐⭐ Okay / Im Soll,"Multivitamin, Zink, Ashwaghanda",,"Unterbrechung, Gelesen, Bett geteilt, Hot-Shower, Kopfhörer",85.75,13,,,,,,,,,,,,,,,,,,,,,,,
3/27/2026,2026-03-27T15:24:00.000+01:00,Friday,2026-W13,Regeneration,NI,105,MTG Halle,Halle,☀️ Nachmittag,FALSE,"2 Runden EL, Mobi, Kordi
60 Medbälle
3x100/150/200m NI
20”/100m
LP: 2’ SP: 8’",81,100,9.3,2 - Normal,2 - Okay,4 - Regenerativ,2 - Wenig,Unmotiviert,Achilles L,,,,,,,,,,,,33055485-caa7-806d-98a2-f19bed46c852,"Blackroll, Dehnen",⭐ Schlecht (Junk Food / Timing),"Koffein, Multivitamin, Zink, Ashwaghanda",,"Anderes Bett, Unterbrechung, Gelesen, Hot-Shower, Nasenpflaster",85.15,12.9,,,,,,,,,,,,,,,,,,,,,,,
3/26/2026,2026-03-26T14:36:00.000+01:00,Thursday,2026-W13,Kraft,,58,MTG Halle,Halle,☀️ Nachmittag,FALSE,"Umsetzen 5/4/4/3 60/70/80/90kg
Armarbeit 2x50 2kg
Adduktor 2x12 60kg
Abduktor 2x12 60kg
Front Squat 6/5/5/4 50/60/65/70kg
Hüftbeuger 10/8 70/80kg
Beuger spezial 2x8",76,95,13.3,2 - Normal,2 - Okay,3 - Normal,1 - Keine,,,,,,,99,,,,,,,32f55485-caa7-8038-ba1d-f527ee2324a3,"Blackroll, Physio, Outdoor-Time",⭐⭐ Okay / Im Soll,"Multivitamin, Zink, Ashwaghanda",,"Anderes Bett, Unterbrechung, Hot-Shower, Nasenpflaster, Gelesen",85.15,12.9,,,,,,,,,,,,,,,,,,,,,,,
3/25/2026,2026-03-25,Wednesday,2026-W13,Frei,,0,,,,FALSE,,80,90,4.9,,,,,,,,,,,,,,,,,,32e55485-caa7-801c-8c3d-fb7f273dd759,,⭐ Schlecht (Junk Food / Timing),"Multivitamin, Zink, Ashwaghanda",,"Gelesen, Unterbrechung, Anderes Bett, Hot-Shower",84.8,12.9,,,,,,,,,,,,,,,,,,,,,,,
3/24/2026,2026-03-24,Tuesday,2026-W13,Frei,,0,,,,FALSE,,85,83,4.1,,,,,,"Kopfschmerzen, Muskelkater",,,,,,,,,,,,32e55485-caa7-80ba-b22e-d212f2df042f,Libido,⭐ Schlecht (Junk Food / Timing),"Zink, Ashwaghanda",,Bett geteilt,85.3,12.9,,,,,,,,,,,,,,,,,,,,,,,
3/23/2026,2026-03-23,Monday,2026-W13,Frei,,0,,,,FALSE,,25,53,4.4,,,,,,Muskelkater,,,,,,,,,,,,32e55485-caa7-80d1-8799-dcd1e13e6102,Outdoor-Time,⭐⭐ Okay / Im Soll,,"Reisestress, Freunde, Me-Time","Anderes Bett, Alkohol, Schlafmaske, Kopfhörer",,,,,,,,,,,,,,,,,,,,,,,,,
3/22/2026,2026-03-22T17:42:00.000+01:00,Sunday,2026-W13,"Wettkampf, Auftakt",,158,Halle Torun,Halle,🌙 Abend,FALSE,"Hotelflur-Auftakt
Weit: 7.68m",56,97,16.6,3 - Konzentriert,2 - Okay,1 - Hoch,2 - Wenig,"Gut gelaunt, Frisch",Achilles L,,,,,,7.68,,,,,,32e55485-caa7-80cf-9703-d6a471b3eee0,"Libido, Physio",⭐⭐⭐ Diszipliniert,"Koffein, Elektrolyte, Multivitamin, Kreatin, Omega-3, Vit D","Freunde, Me-Time","Anderes Bett, Gelesen, Schlafmaske, Kopfhörer",,,,,,,,,,,,,,,,,,,,,,,,,
3/21/2026,2026-03-21T12:15:00.000+01:00,Saturday,2026-W12,Auftakt,,20,Halle Torun,Halle,☀️ Nachmittag,FALSE,"3x2 Umsetzen 60/70/80kg
Hürdensprünge 3x2",96,95,5.6,,,,,,Achilles L,,,,,,,,,,,,32e55485-caa7-8044-9179-d7bdc528d466,"Physio, Blackroll",⭐⭐⭐ Diszipliniert,"Elektrolyte, Magnesium, Multivitamin, Zink, Ashwaghanda, Kreatin, Omega-3, Vit D","Freunde, Me-Time","Gelesen, Anderes Bett, Schlafmaske, Kopfhörer",,,,,,,,,,,,,,,,,,,,,,,,,
3/20/2026,2026-03-20,Friday,2026-W12,Frei,,0,,,,FALSE,,75,94,4.5,,,,,,,,,,,,,,,,,,32d55485-caa7-80e7-8500-d7a0e9e6f568,"Kalte Dusche, Libido, Physio, Outdoor-Time, Blackroll",⭐⭐⭐ Diszipliniert,"Magnesium, Multivitamin, Zink, Ashwaghanda, Kreatin, Omega-3, Vit D","Freunde, Me-Time","Gelesen, Unterbrechung, Anderes Bett, Schlafmaske, Kopfhörer",,,,,,,,,,,,,,,,,,,,,,,,,
3/19/2026,2026-03-19T18:08:00.000+01:00,Thursday,2026-W12,Sprung,,98,Halle Torun,Halle,🌙 Abend,FALSE,"EL, Mobi, Kordi
1 Steigerung
2 Anlaufkontrollen
7er / 9er 
Sprunglauf, Pen1",94,93,9.8,3 - Konzentriert,3 - Gut,3 - Normal,2 - Wenig,Gut gelaunt,Achilles L,,,,,,,,,,,,32d55485-caa7-8098-bf32-e8cea06266f7,"Kalte Dusche, Libido, Physio, Outdoor-Time, Blackroll",⭐⭐⭐ Diszipliniert,"Magnesium, Multivitamin, Zink, Ashwaghanda, Kreatin, Omega-3, Vit D","Freunde, Me-Time","Gelesen, Unterbrechung, Anderes Bett, Schlafmaske, Kopfhörer",,,,,,,,,,,,,,,,,,,,,,,,,
3/18/2026,2026-03-18,Wednesday,2026-W12,Frei,,0,,,,FALSE,,57,80,4.7,,,,,,,,,,,,,,,,,,32d55485-caa7-80f3-b79e-d691db83d95d,"Dehnen, Libido, Outdoor-Time, Blackroll",⭐⭐⭐ Diszipliniert,"Koffein, Elektrolyte, Magnesium, Multivitamin, Zink, Ashwaghanda, Kreatin, Omega-3","Reisestress, Freunde, Me-Time","Gelesen, Bett geteilt, Hot-Shower, Nasenpflaster",85,12.9,,,,,,,,,,,,,,,,,,,,,,,
3/17/2026,2026-03-17T15:49:00.000+01:00,Tuesday,2026-W12,Regeneration,,63,MTG Halle,Halle,☀️ Nachmittag,FALSE,"EL, Gymnastik, Koordination
3x60m NI
3x2x2 HüSprünge bb
Sprints 2x
50m Steigern
60m In/Out/In
P 8’, SP 12’",68,100,11,2 - Normal,2 - Okay,3 - Normal,2 - Wenig,,Achilles L,,,,,,,,,,,,32655485-caa7-803c-bf69-f7d043b6802d,Blackroll,,"Magnesium, Multivitamin, Zink, Ashwaghanda, Kreatin, Omega-3, B12, Vit D",,"Gelesen, Bett geteilt, Zahnspange, Hot-Shower, Nasenpflaster",85,12.9,,,,,,,,,,,,,,,,,,,,,,,
3/16/2026,2026-03-16T16:39:00.000+01:00,Monday,2026-W12,Kraft,,66,MTG Halle,Halle,☀️ Nachmittag,FALSE,"Trapbar 2/2/1/1 90/100/110/120kg
Aufroller 3x6, 2x gerade, 1x diagonal
Wade 8/6 9 stehend/sitzend
Lat Pulldown 2x8 50kg
Beuger 8/6 25kg / nordics
Splitsquad 2/2/1/1 60/65/70/75kg
Box-Jump 2x3",72,100,9.1,2 - Normal,3 - Gut,3 - Normal,2 - Wenig,Frisch,Achilles L,,,,124,,,,,,,,32555485-caa7-8008-a53f-f09bb31679b8,"Libido, Blackroll, Flowlife",⭐⭐ Okay / Im Soll,"Magnesium, Multivitamin, Zink, Ashwaghanda, Kreatin, Omega-3, B12, Vit D",,"Gelesen, Bett geteilt, Nasenpflaster",84.8,12.9,,,,,,,,,,,,,,,,,,,,,,,
3/15/2026,2026-03-15,Sunday,2026-W12,Frei,,0,,,,FALSE,,64,99,4.3,,,,,,Achilles L,,,,,,,,,,,,32455485-caa7-8006-b6c9-fe9e878abbed,"Libido, Blackroll, Flowlife",⭐⭐⭐ Diszipliniert,"Magnesium, Multivitamin, Zink, Ashwaghanda, Kreatin, Omega-3, B12, Vit D",Freunde,"Unterbrechung, Gelesen, Bett geteilt, Nasenpflaster",85.15,12.8,,,,,,,,,,,,,,,,,,,,,,,
3/14/2026,2026-03-14,Saturday,2026-W11,Frei,,0,,,,FALSE,,92,98,4,,,,,,Achilles L,,,,,,,,,,,,32355485-caa7-80f0-bc89-d3e29fb5467f,"Blackroll, Kalte Dusche, Verdauungsspaziergang, Flowlife",⭐⭐⭐ Diszipliniert,"Magnesium, Multivitamin, Zink, Ashwaghanda, Kreatin, Omega-3, B12, Vit D",Beziehungsstress,"Unterbrechung, Bett geteilt, Nasenpflaster",84.8,12.8,,,,,,,,,,,,,,,,,,,,,,,
3/13/2026,2026-03-13T17:45:00.000+01:00,Friday,2026-W11,Sprung,Absprung,132,MTG Halle,Halle,🌙 Abend,FALSE,"EL, Gymnastik, Koordination
3x60m Rollen 60/70/80%
Techniksprünge
1-2 x 7er
2x11er, 2x13er, 2x15er
3x2/1x2 Pen1 (gute/schlechte Seite)",98,100,11.2,2 - Normal,1 - Schlecht,2 - Anstrengend,3 - Mittel,Schlecht gelaunt,Achilles L,,,,,,,,,,,,32255485-caa7-8069-bae8-eecd6e01955b,"Kalte Dusche, Blackroll, Outdoor-Time, Flowlife",⭐⭐ Okay / Im Soll,"Magnesium, Multivitamin, Ashwaghanda, Kreatin, Omega-3, B12, Vit D",,"Gelesen, Bett geteilt, Nasenpflaster",84.8,13.7,,,,,,,,,,,,,,,,,,,,,,,
3/12/2026,2026-03-12T16:45:00.000+01:00,Thursday,2026-W11,Kraft,,75,MTG Halle,Halle,☀️ Nachmittag,FALSE,"Umsetzen 2/2/2/1/1/1 70/80/90/100/105/110kg
Beuger spezial 3x6
Aufsteiger 3/3/2/2/1/1 70/75/80/85/90/95kg
Liegestütz schnell 3x10
FCT horizontal 3x
(Hip-thrust 3x 140kg
Broad-Jump 4x
Kettlebell Swing 4x 20kg
Sprunglauf 30m)
Tscherbakis 3x4",81,100,13.8,2 - Normal,3 - Gut,3 - Normal,2 - Wenig,,Achilles L,,98.2,154,,113.7,,,,,,,32155485-caa7-8058-973a-eac40aaa7247,"Libido, Blackroll, Physio, Flowlife",⭐⭐⭐ Diszipliniert,"Magnesium, Multivitamin, Ashwaghanda, Kreatin, Omega-3, B12, Vit D",Me-Time,"Unterbrechung, Bett geteilt, Hot-Shower",86.55,13.9,,,,,,,,,,,,,,,,,,,,,,,
3/11/2026,2026-03-11T18:10:00.000+01:00,Wednesday,2026-W11,Regeneration,NI,75,MTG Halle,Halle,🌙 Abend,FALSE,"2 Runden EL, Mobi
4x8 Hürdenkordi
3x 80/100/120m NI
LP: 2’ SP: 8’",55,100,7.6,2 - Normal,2 - Okay,3 - Normal,3 - Mittel,Unmotiviert,Achilles L,,,,,,,,,,,,32155485-caa7-80c0-8557-edca3f586c5a,"Blackroll, Physio, Outdoor-Time",⭐⭐ Okay / Im Soll,"Magnesium, Multivitamin, Ashwaghanda, Kreatin, Omega-3, B12, Vit D","Reisestress, Beziehungsstress","Unterbrechung, Gelesen, Bett geteilt, Nasenpflaster",85.65,13,,,,,,,,,,,,,,,,,,,,,,,
3/10/2026,2026-03-10T15:04:00.000+01:00,Tuesday,2026-W11,Sprint,"MaxV, Anlauf",138,MTG Halle,Halle,☀️ Nachmittag,FALSE,"2 Runden EL, Mobi, Kordi
40/50/60m 70/80/90%
1080
2x 50m ZWL 4kg / 50m ZUL 3kg 11,7/11,9m/s / Anlaufkontrolle",69,100,11.6,2 - Normal,2 - Okay,2 - Anstrengend,3 - Mittel,,Achilles L,,,,,,,,,,,,31f55485-caa7-8043-96a4-cb8df6b126e3,"Lympho, Blackroll, Outdoor-Time",⭐⭐ Okay / Im Soll,"Magnesium, Multivitamin, Ashwaghanda, Kreatin, Omega-3, Vit D",Freunde,"Gelesen, Bett geteilt, Nasenpflaster",84.85,13,,,,,,,,,,,,,,,,,,,,,,,
3/9/2026,2026-03-09T12:19:00.000+01:00,Monday,2026-W11,Kraft,,87,MTG Halle,Halle,☀️ Nachmittag,FALSE,"FCT vertikal 3x
(Trapbar 3x 140kg
Drop-Jumps 4x
Hantelsprünge 4x 30kg
Assisted Jumps 4x)
Beuger 10/8/6 Nordics
Wade 10/8/6 9 stehend/sitzend
Lat-Pulldown 3x8 50kg
Aufroller 4x6, 2x gerade, 2x diagonal
Splitsquad 3/3/2/2/1/1 50/55/60/60/70/75kg
Liegestütz 3x10
Hüftbeuger 3x6 70/80/90kg
Box-Jumps 3x3",82,94,14.5,2 - Normal,3 - Gut,3 - Normal,2 - Wenig,,Achilles L,,,,154,,,,,,,,31e55485-caa7-80c4-a9e5-f791ba7fc06d,"Blackroll, Verdauungsspaziergang, Outdoor-Time",⭐⭐ Okay / Im Soll,"Koffein, Magnesium, Multivitamin, Ashwaghanda, Kreatin, Omega-3, Vit D",,"Gelesen, Bett geteilt, Nasenpflaster",85.6,13,,,,,,,,,,,,,,,,,,,,,,,
3/8/2026,2026-03-08,Sunday,2026-W11,Frei,,0,,,,FALSE,,95,100,4.3,,,,,,,,,,,,,,,,,,31d55485-caa7-8030-a662-e506a1266870,"Kalte Dusche, Blackroll, Outdoor-Time, Zocken",⭐⭐ Okay / Im Soll,"Magnesium, Multivitamin, Ashwaghanda, Kreatin, Omega-3, Vit D",,"Gelesen, Bett geteilt, Hot-Shower, Nasenpflaster",85.6,12.9,,,,,,,,,,,,,,,,,,,,,,,
3/7/2026,2026-03-07T16:35:00.000+01:00,Saturday,2026-W10,Regeneration,Koordination,23,Franklin,Draußen - Sonnig,☀️ Nachmittag,FALSE,"10min Spazieren, 1 Runde EL, Mobi
20min Kordi
1x100m NI
10min Spazieren",65,100,7.1,2 - Normal,2 - Okay,3 - Normal,2 - Wenig,Unmotiviert,Achilles L,,,,,,,,,,,,31c55485-caa7-8017-accf-db271969897d,"Libido, Blackroll, Outdoor-Time",⭐⭐⭐ Diszipliniert,"Magnesium, Multivitamin, Kreatin, Omega-3, B12, Vit D",,"Bett geteilt, Nasenpflaster, Hot-Shower",85.6,13.2,,,,,,,,,,,,,,,,,,,,,,,
3/6/2026,2026-03-06T16:52:00.000+01:00,Friday,2026-W10,Sprint,MaxV,117,MTG Halle,Halle,☀️ Nachmittag,FALSE,"EL, Gymnastik, Koordination
2x60m - 70%
2x50m - 85%
Hürdensprünge bb mit ZH
2x2x3 Hürden
Dropjumps 1 1/2 Kastenteile
2x3
10/80
3 Serien ZWL/Supra
P 8‘, SP 12‘",92,57,13.2,2 - Normal,3 - Gut,2 - Anstrengend,2 - Wenig,Unmotiviert,Achilles L,,,,,,,,,,,,31c55485-caa7-800b-87e8-f9b1a870e26c,"Kalte Dusche, Blackroll, Flowlife",⭐⭐⭐ Diszipliniert,"Magnesium, Koffein, Multivitamin, Kreatin, Omega-3, Vit D",,"Bett geteilt, Gelesen, Nasenpflaster",85.6,12.9,,,,,,,,,,,,,,,,,,,,,,,
3/5/2026,2026-03-05T16:33:00.000+01:00,Thursday,2026-W10,Kraft,,80,MTG Halle,Halle,☀️ Nachmittag,FALSE,"Umsetzen 3/3/2/2/1/1 70/80/90/100/105/110kg
Beuger spezial 3x6
FCT horizontal 3x
(Hipthrust 3x 140kg
Broad Jump 4x
Kettlebell Swing 4x 20kg
Sprunglauf 30m)
Aufsteiger 3/3/3/2/2/2 70/75/80/85/90/95kg
Liegestütz 3x10
Tscherbakis 3x6",90,100,15.5,2 - Normal,2 - Okay,3 - Normal,2 - Wenig,Unmotiviert,Achilles L,,101.3,154,,113.7,,,,,,,31a55485-caa7-80d3-85bb-fb8ef8fa339d,Blackroll,⭐⭐ Okay / Im Soll,"Magnesium, Multivitamin, Kreatin, Omega-3, Vit D",,"Gelesen, Bett geteilt, Hot-Shower, Nasenpflaster",85.6,13,,,,,,,,,,,,,,,,,,,,,,,
3/4/2026,2026-03-04T13:08:00.000+01:00,Wednesday,2026-W10,Regeneration,NI,180,Mannheim,Draußen - Sonnig,☀️ Nachmittag,FALSE,"1 Runde EL, Mobi
4x8 Hürdenkordi
80 Medball
3x80/120/100m NI
LP: 2’ SP: 8’",50,94,9,2 - Normal,2 - Okay,3 - Normal,2 - Wenig,Gut gelaunt,Achilles L,,,,,,,,,,,,31955485-caa7-8015-aa0b-c3baa1684979,"Blackroll, Physio, Outdoor-Time, Flowlife",⭐⭐ Okay / Im Soll,"Magnesium, Multivitamin, Kreatin, Omega-3, B12, Vit D",Freunde,Bett geteilt,85.6,13.1,,,,,,,,,,,,,,,,,,,,,,,
3/3/2026,2026-03-03T16:21:00.000+01:00,Tuesday,2026-W10,Sprint,,124,MTG Halle,Draußen - Sonnig,☀️ Nachmittag,TRUE,"2 Runden EL, Mobi
3x60m
2x50m Hinke
2x80m",97,95,10.7,2 - Normal,2 - Okay,2 - Anstrengend,3 - Mittel,Schlecht gelaunt,Achilles L,schwierige Situation mit dem anderen Trainer,,,,,,,,,,,31855485-caa7-8062-93e4-d5cdb353e924,"Blackroll, Outdoor-Time",⭐⭐ Okay / Im Soll,"Magnesium, Multivitamin, Kreatin, Omega-3, B12, Vit D","Freunde, Arbeitsstress","Gelesen, Bett geteilt, Zahnspange, Hot-Shower",84.85,13,,,,,,,,,,,,,,,,,,,,,,,
3/2/2026,2026-03-02T16:07:00.000+01:00,Monday,2026-W10,Kraft,,100,MTG Halle,Halle,☀️ Nachmittag,FALSE,"FCT vertikal 3x
(Trapbar 3x 140kg
Drop-Jumps 4x
Hantelsprünge 4x 30kg
Assisted Jumps 4x)
Wade 12/10/8 9 stehend/sitzend
Beuger 12/10/8 25kg
Lat-Pulldown 3x10 50kg
Fußheber 3x10 10kg
Aufroller 3x6, 2x gerade, 2x diagonal
SL Squat 4/3/3/2/2 50/55/60/65/70kg
Hüftbeuger 8/7/6 70/80/90kg
Liegestütz 3x12
Box-Jump 3x3",64,86,15.7,2 - Normal,2 - Okay,2 - Anstrengend,2 - Wenig,Müde,"Erschöpft, Achilles L",,,,154,,,,,,,,31855485-caa7-80f8-89e7-e88154665076,"Outdoor-Time, Libido, Blackroll",⭐⭐⭐ Diszipliniert,"Magnesium, Multivitamin, Kreatin, Omega-3, Vit D",,"Bett geteilt, Hot-Shower, Nasenpflaster",85.3,12.8,,,,,,,,,,,,,,,,,,,,,,,
3/1/2026,2026-03-01,Sunday,2026-W10,Frei,,0,,,,FALSE,,66,76,7.6,,,,,,,,,,,,,,,,,,31855485-caa7-80b9-9b33-e4edff40873c,"Blackroll, Kalte Dusche, Outdoor-Time",⭐⭐ Okay / Im Soll,,"Freunde, Reisestress",Anderes Bett,,,,,,,,,,,,,,,,,,,,,,,,,
2/28/2026,2026-02-28T13:21:00.000+01:00,Saturday,2026-W09,Wettkampf,,301,Halle Dortmund,Halle,☀️ Nachmittag,TRUE,"60m VL: 6.77s
Weit: 7.78m",67,100,18.5,3 - Konzentriert,3 - Gut,2 - Anstrengend,3 - Mittel,"Gut gelaunt, Frisch",Achilles L,,,,,,7.78,,,,6.77,,31855485-caa7-8021-b889-dc477ee5c447,Physio,⭐⭐⭐ Diszipliniert,"Koffein, Multivitamin, Kreatin, Omega-3, Elektrolyte",Freunde,"Anderes Bett, Hot-Shower",,,,,,,,,,,,,,,,,,,,,,,,,
2/27/2026,2026-02-27,Friday,2026-W09,Frei,,0,,,,FALSE,,72,100,5,,,,,,,,,,,,,,,,,,31855485-caa7-8059-9498-f43f2695667b,Outdoor-Time,⭐⭐⭐ Diszipliniert,"Magnesium, Multivitamin, Kreatin, Omega-3, Vit D","Freunde, Reisestress","Bett geteilt, Gelesen, Hot-Shower, Nasenpflaster",84.8,13.5,,,,,,,,,,,,,,,,,,,,,,,
2/26/2026,2026-02-26,Thursday,2026-W09,Frei,,0,,,,FALSE,,95,100,5,,,,,,,,,,,,,,,,,,31355485-caa7-80bd-a268-ea24330a86a3,"Kalte Dusche, Blackroll, Lympho, Physio, Outdoor-Time",,"Magnesium, Multivitamin, Kreatin, Omega-3, Vit D",,"Bett geteilt, Gelesen",86.3,13,,,,,,,,,,,,,,,,,,,,,,,
2/25/2026,2026-02-25T11:48:00.000+01:00,Wednesday,2026-W09,"Sprung, Regeneration",,233,Mannheim,Draußen - Sonnig,🌅 Vormittag,FALSE,"1 Runde EL, 2x 60m Steigerung, Mobi
Kordi kurz
Einspringen
2x7er, 2x9er + kurze Anläufe
3x2x2 Hürdensprünge
2x80/120/100m NI
LP: 2min SP: 6min",64,100,12.4,2 - Normal,2 - Okay,3 - Normal,3 - Mittel,Gut gelaunt,Achilles L,,,,,,,,,,,,31355485-caa7-8092-8008-ecddfd0231ac,"Kalte Dusche, Blackroll, Dehnen, Lympho, Physio, Outdoor-Time, Novafon",⭐⭐ Okay / Im Soll,"Koffein, Magnesium, Multivitamin, Kreatin, Omega-3, B12, Vit D",Freunde,"Unterbrechung, Bett geteilt, Gelesen, Nasenpflaster",85.45,13,,,,,,,,,,,,,,,,,,,,,,,
2/24/2026,2026-02-24T15:39:00.000+01:00,Tuesday,2026-W09,Sprung,Absprung,151,MTG Halle,Halle,☀️ Nachmittag,TRUE,"3x C EL, Mobi
Kordi 20/30m
2x60m Steigerung
2x Anlaufkontrolle
Einspringen
1x7er/1x9er/3x11er
2x 2/1 Pen2 auf Kasten",88,100,13.5,2 - Normal,2 - Okay,3 - Normal,3 - Mittel,,Achilles L,,,,,,,,,,,,31355485-caa7-800a-932b-e26eadb43a47,"Kalte Dusche, Blackroll, Outdoor-Time, Neuroathletik",⭐⭐⭐ Diszipliniert,"Magnesium, Multivitamin, Kreatin, Omega-3, Vit D",Freunde,Bett geteilt,85.25,13,,,,,,,,,,,,,,,,,,,,,,,
2/23/2026,2026-02-23T15:49:00.000+01:00,Monday,2026-W09,Kraft,,89,MTG Halle,Halle,☀️ Nachmittag,FALSE,"FCT vertikal 2x
(Trapbar 3x 140kg
Drop-Jumps 4x
Hantelsprünge 4x 30kg
Assisted Jumps 4x)
Trapbar 2/2/2/1/1/1 50/60/70/80/90/100kg
Aufroller 4x6, 2x gerade, 2x diagonal
Beuger 3x8 (2x Nordics) 25kg
Lat Pulldown 3x8 50kg
Wade 3x8 9 stehend/sitzend
Aufsteiger 2/2/2/1/1 70/75/80/85/90kg
Box-Jumps 3x3",61,93,14.8,3 - Konzentriert,3 - Gut,3 - Normal,2 - Wenig,,Achilles L,,93,,154,,,,,,,,31055485-caa7-8011-97ca-f251b085164d,"Blackroll, Libido",⭐⭐ Okay / Im Soll,"Magnesium, Multivitamin, Kreatin, Omega-3, B12, Vit D",,"Bett geteilt, Hot-Shower, Nasenpflaster",85.25,13,,,,,,,,,,,,,,,,,,,,,,,
2/22/2026,2026-02-22,Sunday,2026-W09,Frei,,0,,,,FALSE,,70,100,6.1,,,,,,,,,,,,,,,,,,30f55485-caa7-8037-8158-e631a0e1e0c1,,,"Koffein, Multivitamin, Kreatin, Omega-3, Vit D",,"Unterbrechung, Bett geteilt, Hot-Shower",85.6,12.9,,,,,,,,,,,,,,,,,,,,,,,
2/21/2026,2026-02-21T16:37:00.000+01:00,Saturday,2026-W08,Regeneration,NI,79,MTG Halle,Halle,☀️ Nachmittag,FALSE,"2x C EL, Mobi
Kordi
80 Medbälle
3x60/80/100m NI
Bauch/Rücken",83,95,9.4,2 - Normal,1 - Schlecht,3 - Normal,3 - Mittel,Unmotiviert,Achilles L,,,,,,,,,,,,30e55485-caa7-8092-a467-cc7eaab5612f,"Libido, Kalte Dusche, Blackroll, Sauna, Dehnen",⭐⭐ Okay / Im Soll,"Magnesium, Multivitamin, Kreatin, Omega-3, Vit D",,"Bett geteilt, Hot-Shower, Nasenpflaster",85.6,12.9,,,,,,,,,,,,,,,,,,,,,,,
2/20/2026,2026-02-20T14:20:00.000+01:00,Friday,2026-W08,"Sprint, Sprung","Koordination, Absprung, Anlauf",130,MTG Halle,Halle,☀️ Nachmittag,TRUE,"3x C EL, Mobi
4x6 Hürdenkordi
3x60m Steigerung
3x4 Dropjumps 1 Kasten
3x2x2 Pen1 jede Seite auf Kasten
2x Anlaufkontrolle
100m 90%",90,100,9.2,3 - Konzentriert,2 - Okay,3 - Normal,3 - Mittel,,Achilles L,,,,,,,,,,,,30d55485-caa7-8030-b492-fe4f0282b0d5,"Blackroll, Outdoor-Time",⭐⭐ Okay / Im Soll,"Magnesium, Multivitamin, Kreatin, Omega-3, B12, Vit D",Freunde,"Gelesen, Bett geteilt, Hot-Shower, Nasenpflaster",85.3,12.8,,,,,,,,,,,,,,,,,,,,,,,
2/19/2026,2026-02-19T17:28:00.000+01:00,Thursday,2026-W08,Kraft,,102,MTG Halle,Halle,🌙 Abend,FALSE,"Umsetzen 4x2,2x1 70/80/90/100/105/110kg
Ab/Adduktor 3x8 50kg
Armarbeit 3x50 2kg
Hüftbeuger 8/7/6 60/70/80kg
Aufsteiger 2x3,2x2,2x1 70/75/80/85/90/95kg
Beuger spezial 3x6 mit 1kg Manschette
3x6 Tscherbakis",59,91,14.9,2 - Normal,3 - Gut,3 - Normal,2 - Wenig,,Achilles L,,98.2,,,113.7,,,,,,,30c55485-caa7-8086-b767-faabe8e22905,"Physio, Outdoor-Time",⭐⭐⭐ Diszipliniert,"Magnesium, Multivitamin, Kreatin, Omega-3, Vit D",,"Unterbrechung, Gelesen, Bett geteilt, Hot-Shower, Nasenpflaster, Kopfhörer",85.95,13.1,,,,,,,,,,,,,,,,,,,,,,,
2/18/2026,2026-02-18T16:32:00.000+01:00,Wednesday,2026-W08,Sprint,MaxV,150,MTG Halle,Halle,☀️ Nachmittag,TRUE,"3xCs EL, Mobi
Kordi 20/30m
4x60m NI
3x (50m ZWL 4kg
50m ZUL 11,3 / 11,7m/s 4kg
80m frei)",66,98,11.6,2 - Normal,2 - Okay,3 - Normal,4 - Stark,Gut gelaunt,"Achilles L, Unterer Rücken, Sprungelenk L",,,,,,,,,,,,30b55485-caa7-80d5-bc30-d8ae1e1ad7db,"Blackroll, Physio, Outdoor-Time",⭐⭐ Okay / Im Soll,"Koffein, Magnesium, Multivitamin, Kreatin, Omega-3, Vit D, Elektrolyte",Freunde,"Gelesen, Bett geteilt, Nasenpflaster, Kopfhörer",85.95,13,,,,,,,,,,,,,,,,,,,,,,,
2/17/2026,2026-02-17T15:22:00.000+01:00,Tuesday,2026-W08,Sprung,Absprung,162,MTG Halle,Halle,☀️ Nachmittag,TRUE,"2 Runden EL, Mobi
Kordi mit Manschetten 0,5kg
Sprungkordi mit Manschetten 0,5kg
100/80/60m NI
Einspringen
2x11er/2x13er/2x15er
3x5er Sprunglauf
2/1 Pen1 3x in Grube",46,100,11.6,3 - Konzentriert,3 - Gut,2 - Anstrengend,3 - Mittel,Gut gelaunt,"Sprungelenk L, Unterer Rücken","Sprünge waren okay, wichtig war ganzer Fuß im Absprung, Bauch anspannen, dass der Oberkörper vorne bleibt, hohe Hüfte und enge Knie.",,,,,,,,,,,30a55485-caa7-8045-87a9-d9b32a5dff32,"Blackroll, Outdoor-Time",⭐⭐⭐ Diszipliniert,"Koffein, Magnesium, Multivitamin, Kreatin, Omega-3, B12, Vit D, Elektrolyte",Freunde,"Gelesen, Bett geteilt, Hot-Shower, Nasenpflaster",85.95,13.1,,,,,,,,,,,,,,,,,,,,,,,
2/16/2026,2026-02-16T17:33:00.000+01:00,Monday,2026-W08,Kraft,,77,MTG Halle,Halle,🌙 Abend,FALSE,"Warm-up 1,5min Ergo, Situps, Goodmornings
FCT vertikal 3x
(Trapbar 3x 140kg
Box-Jumps 4x
Hantelsprünge 4x 30kg
Assisted Jumps 4x)
Ausfallschritte 8/6/6/4 50kg
Aufroller 4x6, 2x gerade, 2x schräg
Wade 10/8/6 9 stehend/sitzend
Lat Pulldown 3x8 50kg
Beuger Nordics 10/8/6
Sprintmaschine 3x6 30/50kg
Fußheber 3x8 10kg
Box-Jumps 3x3",50,100,15.1,3 - Konzentriert,3 - Gut,3 - Normal,1 - Keine,Frisch,"Sprungelenk L, Plantarfaszien",,,,154,,,,,,,,30955485-caa7-806f-bdac-ca874665ddc6,"Libido, Blackroll, Outdoor-Time, Zocken",⭐⭐ Okay / Im Soll,"Magnesium, Multivitamin, Kreatin, Omega-3, Vit D",,"Unterbrechung, Gelesen, Bett geteilt, Hot-Shower, Nasenpflaster",85.45,12.9,,,,,,,,,,,,,,,,,,,,,,,
2/15/2026,2026-02-15,Sunday,2026-W08,Frei,,0,,,,FALSE,,58,100,4.8,,,,,,Sprungelenk L,,,,,,,,,,,,30955485-caa7-80da-a690-cd1d5875612a,"Kalte Dusche, Blackroll, Outdoor-Time",⭐⭐⭐ Diszipliniert,"Magnesium, Multivitamin, Kreatin, Omega-3, B12, Vit D",,"Bett geteilt, Zahnspange, Hot-Shower",85.15,12.9,,,,,,,,,,,,,,,,,,,,,,,
2/14/2026,2026-02-14,Saturday,2026-W07,Frei,,0,,,,FALSE,,70,100,5.2,,,,,,Sprungelenk L,,,,,,,,,,,,30755485-caa7-800a-8807-f80ae7122456,"Libido, Blackroll, Outdoor-Time",⭐⭐⭐ Diszipliniert,"Magnesium, Multivitamin, Kreatin, Omega-3, Vit D",,"Bett geteilt, Nasenpflaster",86.05,13,,,,,,,,,,,,,,,,,,,,,,,
2/13/2026,2026-02-13T14:49:00.000+01:00,Friday,2026-W07,Sprint,,112,MTG Halle,Halle,☀️ Nachmittag,TRUE,"2 Runden EL, Mobi
4x8 Hürdenkordi
3x2x3 Hürdensprünge mit ZH + Manschetten
3x3 Hürdensprünge direkt
3x (50m 1080 4kg, 60 In and Out)",65,100,9.5,3 - Konzentriert,3 - Gut,2 - Anstrengend,2 - Wenig,"Gut gelaunt, Verkrampft",Verspannt,,,,,,,,,,,,30755485-caa7-80e0-926c-ce577ed41d3d,"Kalte Dusche, Blackroll, Outdoor-Time",⭐⭐ Okay / Im Soll,"Magnesium, Multivitamin, Kreatin, Omega-3, B12, Vit D",Freunde,"Bett geteilt, Nasenpflaster",86.05,12.9,,,,,,,,,,,,,,,,,,,,,,,
2/12/2026,2026-02-12T17:07:00.000+01:00,Thursday,2026-W07,Kraft,,57,MTG Halle,Halle,🌙 Abend,FALSE,"Umsetzen 4/3/3/3/2 70/80/90/100/105kg
Armarbeit Spezial 3x20 7kg
Hüftbeuger 3x8 70/80/90kg
Beuger spezial 3x8
Ab/Adduktor 3x10 50kg
Aufsteiger 4/3/3/3/2 70/75/80/85/90kg
Tscherbakis 3x6",85,100,16,2 - Normal,2 - Okay,2 - Anstrengend,2 - Wenig,Stress,"Sprungelenk L, Unterer Rücken",,96,,,112,,,,,,,30555485-caa7-8022-92c3-eb96790b516e,"Blackroll, Physio, Outdoor-Time",⭐⭐ Okay / Im Soll,"Magnesium, Koffein, Multivitamin, Kreatin, Omega-3, B12, Vit D",,"Anderes Bett, Gelesen",86.05,12.9,,,,,,,,,,,,,,,,,,,,,,,
2/11/2026,2026-02-11T10:05:00.000+01:00,Wednesday,2026-W07,"Sprung, Sprint",Koordination,169,MTG Halle,Halle,🌅 Vormittag,TRUE,"2 Runden EL, Mobi
2x3x60m NI
Kordi mit Manschetten Kontrast
(Hinke, HPL, SPL, Triples, Pen1, KHL)
2x120m",67,100,11.8,3 - Konzentriert,3 - Gut,2 - Anstrengend,1 - Keine,Gut gelaunt,,,,,,,,,,,,,30455485-caa7-80f0-8d53-ddbe6f33757d,"Blackroll, Verdauungsspaziergang, Outdoor-Time",⭐⭐ Okay / Im Soll,"Magnesium, Multivitamin, Kreatin, Omega-3, B12, Vit D","Me-Time, Reisestress","Anderes Bett, Nasenpflaster",85.2,13,,,,,,,,,,,,,,,,,,,,,,,
2/10/2026,2026-02-10T13:16:00.000+01:00,Tuesday,2026-W07,Kraft,,47,MTG Halle,Halle,☀️ Nachmittag,FALSE,"RDL 5x3 60/70/80/90/100kg
Latzug 3x10 50kg
Ausfallschritte 10/8/8/6 40/45/45/50kg
Aufroller 4x8, 2x gerade, 2x diagonal
Beuger Nordics 3x8
Wade 12/10/8 9
Hantelsprünge 3x3 30kg
Box-Jumps 3x3",93,100,14.6,2 - Normal,2 - Okay,2 - Anstrengend,1 - Keine,Stress,,,,,,,,,,,,,30355485-caa7-80fc-8075-c9bd5b5737b3,"Blackroll, Outdoor-Time, Neuroathletik",⭐⭐ Okay / Im Soll,"Magnesium, Multivitamin, Kreatin, Omega-3, B12, Vit D",Beziehungsstress,"Unterbrechung, Nasenpflaster, Anderes Bett",86.05,12.9,,,,,,,,,,,,,,,,,,,,,,,
2/9/2026,2026-02-09,Monday,2026-W07,Frei,,0,,,,FALSE,,45,96,4.3,,,,,Müde,Muskelkater,,,,,,,,,,,,30355485-caa7-80ce-bfe8-e86567999ea2,"Libido, Outdoor-Time, Verdauungsspaziergang",⭐ Schlecht (Junk Food / Timing),"Koffein, Magnesium",,"Unterbrechung, Anderes Bett, Nasenpflaster",,,,,,,,,,,,,,,,,,,,,,,,,
2/8/2026,2026-02-08T11:25:00.000+01:00,Sunday,2026-W07,Wettkampf,,184,Halle Dortmund,Halle,🌅 Vormittag,FALSE,Weit: 7.68m,76,100,14.6,2 - Normal,2 - Okay,2 - Anstrengend,2 - Wenig,Müde,"Sprungelenk L, Weich","Warm-up war sehr gut, Wettkampf dann keine Höhe in den Sprüngen gehabt, wieder Rücklage und weiches Knie im Absprung",,,,,7.68,,,,,,30355485-caa7-805c-a10f-ccff172854a2,"Dehnen, Neuroathletik, Libido, Outdoor-Time, Blackroll",,"Koffein, Elektrolyte, Magnesium, Multivitamin, Kreatin, Omega-3, B12","Freunde, Me-Time, Reisestress","Anderes Bett, Unterbrechung, Schlafmaske, Kopfhörer",,,,,,,,,,,,,,,,,,,,,,,,,
2/7/2026,2026-02-07T13:41:00.000+01:00,Saturday,2026-W06,Auftakt,,40,MTG Halle,Halle,☀️ Nachmittag,FALSE,"NZT + Yoga
1 Runde EL, 2x60m steigerung
Mobi, Kordi
Sprungkordi
Anlaufkontrolle
3x1 Hürdensprünge",82,99,9,3 - Konzentriert,2 - Okay,2 - Anstrengend,,,,,,,,,,,,,,,30355485-caa7-80cb-ae68-e1b306e73072,"Dehnen, Libido, Outdoor-Time, Verdauungsspaziergang, Blackroll",,"Magnesium, Multivitamin, Kreatin, Omega-3, Vit D","Reisestress, Me-Time, Freunde","Unterbrechung, Bett geteilt, Zahnspange, Hot-Shower, Nasenpflaster",84.6,12.8,,,,,,,,,,,,,,,,,,,,,,,
2/6/2026,2026-02-06,Friday,2026-W06,Frei,,0,,,,FALSE,,69,97,5.1,,,,,,Krank,,,,,,,,,,,,2ff55485-caa7-80ac-b3d3-f55758f22bee,"Lympho, Kalte Dusche, Outdoor-Time, Blackroll",,"Magnesium, Multivitamin, Kreatin, Omega-3, B12, Vit D",,"Bett geteilt, Hot-Shower, Nasenpflaster",85.45,13,,,,,,,,,,,,,,,,,,,,,,,
2/5/2026,2026-02-05T17:37:00.000+01:00,Thursday,2026-W06,Kraft,,60,MTG Halle,Halle,🌙 Abend,FALSE,"Umsetzen 4x2 60/70/80/90kg
Hüftbeuger 2x6 70/80kg
Beuger spezial 2x6
Aufsteiger 3/3/2/2 50/60/65/65kg
Ad/Abduktor 2x8 50kg",48,91,12,2 - Normal,2 - Okay,3 - Normal,2 - Wenig,Krank,Krank,,69.3,,,96,,,,,,,2fe55485-caa7-806b-bff8-cb0bce634c76,"Libido, Blackroll, Lympho, Physio, Outdoor-Time",⭐⭐ Okay / Im Soll,"Magnesium, Multivitamin, Kreatin, Omega-3, B12, Vit D",Me-Time,"Anderes Bett, Hot-Shower",84.45,12.9,,,,,,,,,,,,,,,,,,,,,,,
2/4/2026,2026-02-04,Wednesday,2026-W06,Regeneration,Yoga,0,MTG Halle,Halle,,TRUE,10min Yoga,41,76,6.1,,,,,,"Kopfschmerzen, Krank",,,,,,,,,,,,2fe55485-caa7-807c-9437-ccbcbef3632a,"Dehnen, Physio, Outdoor-Time, Blackroll",,"Koffein, Magnesium, Multivitamin, Kreatin, Omega-3, Vit D",Freunde,"Anderes Bett, Unterbrechung, Nasenpflaster",84.95,12.8,,,,,,,,,,,,,,,,,,,,,,,
2/3/2026,2026-02-03,Tuesday,2026-W06,Regeneration,Yoga,0,,,,FALSE,"10min Meditation
10min Yoga",21,43,4.9,,,,,,"Kopfschmerzen, Krank",,,,,,,,,,,,2fe55485-caa7-8084-9acd-e765e323fc21,"Dehnen, Libido, Blackroll",,"Koffein, Elektrolyte, Magnesium, Multivitamin, Kreatin, Omega-3, Vit D",,"Anderes Bett, Unterbrechung, Nasenpflaster, Kopfhörer",84.95,12.7,,,,,,,,,,,,,,,,,,,,,,,
2/2/2026,2026-02-02T16:43:00.000+01:00,Monday,2026-W06,Kraft,,72,MTG Halle,Halle,☀️ Nachmittag,FALSE,"FCT vertikal 3x
(Trapbar 3x 140kg
Drop-Jumps 4x
Hantelsprünge 4x 30kg
Assited Jumps 4x)
Armarbeit 3x50 2kg
Aufroller 4x6, 2x gerade 2x diagonal
Sprintmaschine 3x6 30/50kg
Beuger 3x8 30kg
Wade 3x8 9 stehend/sitzend
",62,87,13.9,1 - Unkonzentriert,1 - Schlecht,2 - Anstrengend,2 - Wenig,"Unmotiviert, Müde, Weich","Krank, Erschöpft, Weich, Kopfschmerzen, Verdauung",,,,154,,,,,,,,2fe55485-caa7-8006-923a-c7fd4e61ec85,"Kalte Dusche, Libido, Blackroll",,"Magnesium, Multivitamin",,"Unterbrechung, Bett geteilt, Hot-Shower",85.35,12.8,,,,,,,,,,,,,,,,,,,,,,,
2/1/2026,2026-02-01,Sunday,2026-W06,Frei,,0,,,,FALSE,,25,60,6.6,,,,,,,,,,,,,,,,,,2fe55485-caa7-8011-91ab-d7fce4ceed86,"Libido, Outdoor-Time, Blackroll, Verdauungsspaziergang",,"Koffein, Elektrolyte, Magnesium, Multivitamin, Omega-3","Me-Time, Reisestress","Anderes Bett, Hot-Shower",,,,,,,,,,,,,,,,,,,,,,,,,
1/31/2026,2026-01-31T18:10:00.000+01:00,Saturday,2026-W05,Wettkampf,,183,Halle Gorzow,Halle,🌙 Abend,FALSE,Weit: 8.18m,85,90,15,4 - Flow,4 - Super,3 - Normal,1 - Keine,"Gut gelaunt, Frisch","Sprungelenk L, Unterer Rücken","auf Steg zu springen passt mir am besten, deutlich besser angelaufen",,,,,8.18,,,,,,2fe55485-caa7-808c-a338-cab5022a0049,"Dehnen, Libido, Physio, Outdoor-Time, Verdauungsspaziergang",⭐⭐⭐ Diszipliniert,"Koffein, Elektrolyte, Magnesium, Multivitamin, Kreatin, Omega-3","Freunde, Me-Time","Unterbrechung, Anderes Bett, Hot-Shower, Schlafmaske, Kopfhörer",,,,,,,,,,,,,,,,,,,,,,,,,
1/30/2026,2026-01-30,Friday,2026-W05,Frei,,0,,,,FALSE,,96,84,6.6,,,,,,,,,,,,,,,,,,2fe55485-caa7-80ca-8289-f6ce28998f67,"Libido, Physio, Outdoor-Time, Blackroll",,"Magnesium, Multivitamin, Kreatin, Omega-3","Reisestress, Freunde, Me-Time","Unterbrechung, Bett geteilt, Hot-Shower",85.35,12.8,,,,,,,,,,,,,,,,,,,,,,,
1/29/2026,2026-01-29,Thursday,2026-W05,Frei,,0,,,,FALSE,,72,95,7.2,,,,,,,,,,,,,,,,,,2fe55485-caa7-80b5-b753-cce07c2abbc2,"Physio, Outdoor-Time",,"Koffein, Magnesium, Multivitamin, Kreatin, Omega-3, Vit D","Freunde, Reisestress","Bett geteilt, Nasenpflaster",84.85,12.7,,,,,,,,,,,,,,,,,,,,,,,
1/28/2026,2026-01-28T16:10:00.000+01:00,Wednesday,2026-W05,"Sprint, Sprung","MaxV, Anlauf",137,MTG Halle,Halle,☀️ Nachmittag,TRUE,"2x 1 Runde EL, Mobi
4x6 Hürdenkordi
3x2x3 Hürdensprünge mit ZH
2x
(50m 1080 4kg
Anlaufkontrolle)",68,99,10.3,3 - Konzentriert,3 - Gut,3 - Normal,2 - Wenig,Gut gelaunt,"Sprungelenk L, Unterer Rücken, Muskelkater",,,,,,,,,,,,2f655485-caa7-802b-ab2d-e3d65d931ffe,"Physio, Lympho, Kalte Dusche, Outdoor-Time, Blackroll",⭐⭐ Okay / Im Soll,"Koffein, Magnesium, Multivitamin, Kreatin, Omega-3, Vit D, Elektrolyte",,"Gelesen, Bett geteilt, Nasenpflaster",84.85,12.8,,,,,,,,,,,,,,,,,,,,,,,
1/27/2026,2026-01-27T16:14:00.000+01:00,Tuesday,2026-W05,Sprung,Absprung,134,MTG Halle,Halle,☀️ Nachmittag,TRUE,"2x1,5 Runden EL, Mobi, Kordi
Keilchen-Kordi mit Manschetten 3x mit 1x ohne
2x60m Steigerung
Einspringen
2x7er
3x11er 
3x5er Sprunglauf",85,94,11.6,2 - Normal,2 - Okay,2 - Anstrengend,2 - Wenig,,"Unterer Rücken, Sprungelenk L",,,,,,,,,,,,2f655485-caa7-8072-ab14-e969e42ad96f,"Kalte Dusche, Outdoor-Time, Blackroll, Novafon",⭐⭐ Okay / Im Soll,"Koffein, Magnesium, Multivitamin, Kreatin, Omega-3, Vit D, Elektrolyte","Freunde, Reisestress","Gelesen, Bett geteilt, Hot-Shower, Nasenpflaster",85.05,12.8,,,,,,,,,,,,,,,,,,,,,,,
1/26/2026,2026-01-26T15:47:00.000+01:00,Monday,2026-W05,Kraft,,107,MTG Halle,Halle,☀️ Nachmittag,FALSE,"FCT horizontal 3x
(Hip-Thrust 3x 140kg
Broad Jump 4x
Kettlebell Swing 4x 20kg
Sprunglauf 30m)
Trapbar 6x2 70/80/90/100/110/120kg
Beuger 3x8 Nordics
Wade 3x8 9 sitzend / stehend
Aufroller 4x6 2x gerade, 2x diagonal
Sprintmaschine 3x6 30/50kg
Armarbeit 3x50 2kg
Fußheber 3x8 20kg
Kastensprünge 3x3",70,98,12.4,2 - Normal,2 - Okay,2 - Anstrengend,2 - Wenig,"Müde, Unmotiviert","Unterer Rücken, Sprungelenk L",,,154,128,,,,,,,,2f455485-caa7-801f-a2c2-ffa125fd359a,"Kalte Dusche, Blackroll, Neuroathletik, Novafon",⭐⭐ Okay / Im Soll,"Magnesium, Multivitamin, Kreatin, Omega-3, B12, Vit D",,"Bett geteilt, Gelesen, Hot-Shower, Nasenpflaster",84.7,12.8,,,,,,,,,,,,,,,,,,,,,,,
1/25/2026,2026-01-25T12:36:00.000+01:00,Sunday,2026-W05,Wettkampf,,109,MTG Halle,Halle,☀️ Nachmittag,FALSE,"60m VL: 6.87s
60m EL: 6.85s",53,98,10.6,4 - Flow,3 - Gut,3 - Normal,1 - Keine,Gut gelaunt,,"hinten locker bleiben, Bauch anspannen und Vorlage behalten. schneller erster Armschwung",,,,,,,,,6.85,,2f455485-caa7-8088-b0b4-ff6da59c5482,"Libido, Kalte Dusche, Blackroll, Outdoor-Time",⭐⭐ Okay / Im Soll,"Koffein, Magnesium, Multivitamin, Kreatin, Omega-3, B12, Vit D, Elektrolyte",Freunde,"Bett geteilt, Hot-Shower, Nasenpflaster",84.95,12.8,,,,,,,,,,,,,,,,,,,,,,,
1/24/2026,2026-01-24T13:09:00.000+01:00,Saturday,2026-W04,Auftakt,,47,MTG Halle,Halle,☀️ Nachmittag,FALSE,"1 Runde, 2x60m
Mobi
Kordi
1x Start
3x Hürdensprünge",77,94,8.4,3 - Konzentriert,2 - Okay,3 - Normal,2 - Wenig,Unmotiviert,"Unterer Rücken, Sprungelenk L",,,,,,,,,,,,2f455485-caa7-80dc-aa89-c77d4107171e,"Blackroll, Libido",⭐⭐ Okay / Im Soll,"Koffein, Magnesium, Multivitamin, Kreatin, Omega-3, Vit D, Elektrolyte",Me-Time,"Gelesen, Zahnspange, Hot-Shower",84.45,12.6,,,,,,,,,,,,,,,,,,,,,,,
1/23/2026,2026-01-23,Friday,2026-W04,Frei,,0,,,,FALSE,,68,91,6.1,,,,,,,,,,,,,,,,,,2f455485-caa7-80cd-975f-e90cbfa81a4d,"Kalte Dusche, Libido, Outdoor-Time, Blackroll",⭐⭐ Okay / Im Soll,"Magnesium, Multivitamin, Zink, Kreatin, Omega-3, Vit D",Me-Time,"Gelesen, Bett geteilt",84.85,12.7,,,,,,,,,,,,,,,,,,,,,,,
1/22/2026,2026-01-22T14:21:00.000+01:00,Thursday,2026-W04,Kraft,,61,OSP Heidelberg,Halle,☀️ Nachmittag,FALSE,"Umsetzen 5x2 80/85/90/95/100kg
Ab/Adduktor 3x8 50kg
Hüftbeuger 3x6 50kg
Aufsteiger 3/3/2/2 70/75/80/85kg
Beuger spezial 3x6",82,86,12.3,2 - Normal,2 - Okay,2 - Anstrengend,2 - Wenig,Müde,"Unterer Rücken, Sprungelenk L",,90.7,,,106.7,,,,,,,2f455485-caa7-80dc-974f-e9cdfd36101f,"Neuroathletik, Physio, Outdoor-Time, Blackroll",⭐⭐ Okay / Im Soll,"Magnesium, Multivitamin, Zink, Kreatin, Omega-3, Vit D",Reisestress,"Unterbrechung, Bett geteilt, Hot-Shower, Nasenpflaster",84.85,12.7,,,,,,,,,,,,,,,,,,,,,,,
1/21/2026,2026-01-21T16:18:00.000+01:00,Wednesday,2026-W04,Sprint,"MaxV, Start",120,MTG Halle,Halle,☀️ Nachmittag,TRUE,"2 Runden EL, Mobi, Kordi
2 Steigerungen
2 Serien:
50m 1080 4kg
50 ZUL 11,2m/s / 11,5m/s
20m Start",62,84,9.3,3 - Konzentriert,3 - Gut,3 - Normal,3 - Mittel,"Gut gelaunt, Frisch","Unterer Rücken, Sprungelenk L",Schneller erster Armschwung,,,,,,,,,,,2ef55485-caa7-8030-ba8c-ceefab906d28,"Blackroll, Physio",⭐⭐ Okay / Im Soll,"Magnesium, Multivitamin, Zink, Kreatin, Omega-3, Vit D, B12",Reisestress,"Bett geteilt, Hot-Shower, Nasenpflaster",85.15,12.8,,,,,,,,,,,,,,,,,,,,,,,
1/20/2026,2026-01-20T16:18:00.000+01:00,Tuesday,2026-W04,Sprung,"Koordination, Absprung",120,MTG Halle,Halle,☀️ Nachmittag,TRUE,"2 Runden EL, Mobi
Kordi
Kordi über Brixx mit Manschetten
Einspringen
2x7er
4x11er
2x 5er Sprunglauf
2x Pen1 je Seite",62,84,9.3,3 - Konzentriert,3 - Gut,2 - Anstrengend,3 - Mittel,Gut gelaunt,"Unterer Rücken, Sprungelenk L","Besser Zug zum Brett gemacht, als beim Wettkampf. Gute Sprünge",,,,,,,,,,,2ef55485-caa7-800a-89fb-f4c9bbd62468,"Libido, Blackroll",⭐⭐ Okay / Im Soll,"Koffein, Magnesium, Multivitamin, Zink, Kreatin, Omega-3, Vit D","Freunde, Reisestress","Bett geteilt, Nasenpflaster",84.9,12.8,,,,,,,,,,,,,,,,,,,,,,,
1/19/2026,2026-01-19T14:15:00.000+01:00,Monday,2026-W04,Kraft,,104,MTG Halle,Halle,☀️ Nachmittag,FALSE,"FCT vertikal 3x
(Trapbar 3x 140kg
Drop-Jumps 4x
Hantelsprünge 4x 30kg
Assisted Jumps 4x)
Aufroller 4x6, 2x gerade, 2x diagonal
Sprintmaschine 3x8 50/80kg
Beuger 3x8 Nordics
Wade 3x8 Einstellung 9
Armarbeit 3x50 2kg",61,100,13.1,2 - Normal,2 - Okay,2 - Anstrengend,2 - Wenig,"Unmotiviert, Verkrampft","Unterer Rücken, Sprungelenk L, Verspannt",,,,154,,,,,,,,2ed55485-caa7-80be-b1a5-ef6f6399a8bb,Blackroll,⭐⭐ Okay / Im Soll,"Magnesium, Multivitamin, Zink, Kreatin, Omega-3, B12, Vit D",Freunde,"Bett geteilt, Hot-Shower, Nasenpflaster",84.1,12.7,,,,,,,,,,,,,,,,,,,,,,,
1/18/2026,2026-01-18T14:10:00.000+01:00,Sunday,2026-W04,Wettkampf,,207,Luxemburg,Halle,☀️ Nachmittag,FALSE,Weit: 7.67m,78,93,16.2,3 - Konzentriert,2 - Okay,2 - Anstrengend,2 - Wenig,"Gut gelaunt, Frisch","Unterer Rücken, Sprungelenk L","letzten 4 Schritte überhaupt nicht aktiv, insgesamt noch alles sehr schwierig",,,,,7.67,,,,,,2ed55485-caa7-80e9-8855-d0dc92f6c76f,Blackroll,⭐⭐ Okay / Im Soll,"Koffein, Magnesium, Multivitamin, Zink, Kreatin, Omega-3, Vit D, Elektrolyte",Reisestress,"Bett geteilt, Hot-Shower, Nasenpflaster",84.1,12.7,,,,,,,,,,,,,,,,,,,,,,,
1/17/2026,2026-01-17T17:16:00.000+01:00,Saturday,2026-W03,Auftakt,,51,MTG Halle,Halle,🌙 Abend,FALSE,"2 Steigerungen, Mobi, Kordi
Sprungkordi
1x Anlaufkontrolle
3x2 Hürdensprünge niedrig, hoch",74,95,7.8,3 - Konzentriert,3 - Gut,3 - Normal,2 - Wenig,,"Unterer Rücken, Sprungelenk L",,,,,,,,,,,,2eb55485-caa7-80df-a38a-f2c1d5d15d49,"Blackroll, Lympho",⭐⭐⭐ Diszipliniert,"Koffein, Magnesium, Multivitamin, Zink, Kreatin, Omega-3, B12, Vit D, Elektrolyte",Beziehungsstress,"Bett geteilt, Hot-Shower, Nasenpflaster",83.45,12.6,,,,,,,,,,,,,,,,,,,,,,,
1/16/2026,2026-01-16,Friday,2026-W03,Frei,,0,,,,FALSE,,77,91,4.9,,,,,,,,,,,,,,,,,,2ea55485-caa7-8063-81b1-e2f9f55efd0e,"Blackroll, Lympho",⭐⭐⭐ Diszipliniert,"Magnesium, Multivitamin, Zink, Kreatin, Omega-3, Vit D",,"Unterbrechung, Bett geteilt, Hot-Shower, Nasenpflaster",84,12.6,,,,,,,,,,,,,,,,,,,,,,,
1/15/2026,2026-01-15T17:09:00.000+01:00,Thursday,2026-W03,Kraft,,71,MTG Halle,Halle,🌙 Abend,FALSE,"Umsetzen 4/3/3/2 60/70/80/90kg
Ab/Adduktor 3x8 50kg
Hüftbeuger 3x6 60/70/80kg
Aufsteiger 4/3/2/2 60/70/75/80kg
Beuger spezial 3x6",95,82,11.7,2 - Normal,2 - Okay,2 - Anstrengend,2 - Wenig,Unmotiviert,"Unterer Rücken, Sprungelenk L",,85.3,,,96,,,,,,,2ea55485-caa7-80fa-af4a-c43af66ce974,"Blackroll, Lympho, Physio, Outdoor-Time",⭐⭐ Okay / Im Soll,"Magnesium, Multivitamin, Zink, Kreatin, Omega-3, B12, Vit D",Beziehungsstress,"Gelesen, Bett geteilt, Zahnspange, Hot-Shower, Nasenpflaster",84.4,12.7,,,,,,,,,,,,,,,,,,,,,,,
1/14/2026,2026-01-14,Wednesday,2026-W03,Frei,,0,,,,FALSE,,55,84,5.7,,,,3 - Mittel,,"Unterer Rücken, Sprungelenk L",,,,,,,,,,,,2ea55485-caa7-8066-9787-f9d6805b0a29,"Blackroll, Lympho, Physio",⭐⭐ Okay / Im Soll,"Multivitamin, Kreatin",Beziehungsstress,"Gelesen, Unterbrechung, Bett geteilt, Hot-Shower",84.4,12.6,,,,,,,,,,,,,,,,,,,,,,,
1/13/2026,2026-01-13T09:23:00.000+01:00,Tuesday,2026-W03,Sprint,"Tempos, MaxV",101,La Palma,Draußen - Sonnig,🌅 Vormittag,TRUE,"1 Runde EL, Mobi, Kordi
50m ZWL 5kg
100m frei
50m ZWL 5kg
80m frei
50m ZWL 5kg
60m frei",43,93,10.7,3 - Konzentriert,2 - Okay,2 - Anstrengend,3 - Mittel,,"Unterer Rücken, Sprungelenk L",,,,,,,,,,,,2ea55485-caa7-800e-8035-e8bef9294d31,Outdoor-Time,⭐⭐ Okay / Im Soll,"Koffein, Magnesium, Multivitamin, Zink, Kreatin, Omega-3, Vit D, Elektrolyte","Beziehungsstress, Freunde, Reisestress","Unterbrechung, Anderes Bett",,,,,,,,,,,,,,,,,,,,,,,,,
1/12/2026,2026-01-12T10:29:00.000+01:00,Monday,2026-W03,Kraft,,128,La Palma,,🌅 Vormittag,TRUE,"FCT vertikal 3x
(Trapbar 3x 140kg
Drop-Jumps 4x
Hantelsprünge 4x 30kg
Assisted Jumps 4x)
Trapbar 3x2 120kg
Armarbeit 3x50 2,5kg
Liegestütz 3x15
Aufsteiger 6x2 70kg
Aufroller 4x8",80,100,15.5,1 - Unkonzentriert,1 - Schlecht,2 - Anstrengend,3 - Mittel,,Unterer Rücken,,74.7,,154,,,,,,,,2ea55485-caa7-8012-b092-f8af7ad0c65c,"Blackroll, Outdoor-Time, Physio",⭐⭐ Okay / Im Soll,"Koffein, Magnesium, Multivitamin, Zink, Kreatin, Omega-3, Vit D, Elektrolyte","Beziehungsstress, Freunde","Unterbrechung, Anderes Bett",,,,,,,,,,,,,,,,,,,,,,,,,
1/11/2026,2026-01-11T10:08:00.000+00:00,Sunday,2026-W03,"Sprung, Diagnostik",Absprung,156,La Palma,Draußen - Sonnig,🌅 Vormittag,TRUE,"1 Runde EL, 60m Steigerung
Mobi, Kordi + Sprungkordi
Einspringen
1x 11er, 1x13er, 4x 15er
3x 5er Sprunglauf",39,81,12,3 - Konzentriert,3 - Gut,2 - Anstrengend,2 - Wenig,Gut gelaunt,Unterer Rücken,Kopf oben lassen bei Sprüngen,,,,,,,,,,,2e555485-caa7-806e-a9f9-d78091e5c7ab,"Eisbad, Blackroll, Physio, Outdoor-Time",⭐⭐⭐ Diszipliniert,"Koffein, Magnesium, Zink, Kreatin, Omega-3, Multivitamin, Vit D, Elektrolyte",Freunde,"Anderes Bett, Unterbrechung",,,,,,,,,,,,,,,,,,,,,,,,,
1/10/2026,2026-01-10T14:53:00.000+00:00,Saturday,2026-W02,"Sprint, Sprung","Beschleunigung, Anlauf",151,La Palma,Draußen - Sonnig,☀️ Nachmittag,TRUE,"1 Runde EL, Mobi, Kordi
3x 
20m ZWL 15/15/10kg
19er Anlaufkontrolle",36,92,12.6,3 - Konzentriert,3 - Gut,2 - Anstrengend,2 - Wenig,Stress,"Verdauung, Unterer Rücken",,,,,,,,,,,,2e455485-caa7-80b5-aba8-d84d4c826ab4,"Blackroll, Verdauungsspaziergang, Physio, Outdoor-Time",⭐⭐ Okay / Im Soll,"Koffein, Magnesium, Multivitamin, Zink, Kreatin, Omega-3, Vit D, Elektrolyte",Beziehungsstress,Anderes Bett,,,,,,,,,,,,,,,,,,,,,,,,,
1/9/2026,2026-01-09,Friday,2026-W02,Frei,,0,,,,FALSE,,51,100,8,,,,,,"Verdauung, Kopfschmerzen, Unterer Rücken",,,,,,,,,,,,2e455485-caa7-807b-be0e-dd12e2970a95,"Libido, Blackroll, Dehnen, Outdoor-Time",⭐⭐ Okay / Im Soll,"Koffein, Magnesium, Multivitamin, Zink, Kreatin, Omega-3, Vit D, Kurkuma","Freunde, Beziehungsstress","Anderes Bett, Unterbrechung",,,,,,,,,,,,,,,,,,,,,,,,,
1/8/2026,2026-01-08T10:26:00.000+00:00,Thursday,2026-W02,"Regeneration, Kraft",NI,150,La Palma,Draußen - Windig,🌅 Vormittag,TRUE,"1 Runde EL, Mobi
2x3xRasendiagonale NI
Umsetzen 2/2/2/2/1/1 80/90/100/110/120/125kg?
Beuger spezial 3x8
Hip-Thrust 3x6 120kg
Liegestütz 3x15
Hüftbeuger 3x8
Aufsteiger 6x2 70/80/85/90/95/100kg",82,96,13.9,3 - Konzentriert,3 - Gut,3 - Normal,1 - Keine,,"Beuger R, Unterer Rücken",,106.7,144,,124,,,,,,,2e255485-caa7-8065-8ce5-d2fa8830c904,"Blackroll, Physio, Outdoor-Time",⭐⭐⭐ Diszipliniert,"Koffein, Magnesium, Multivitamin, Zink, Kreatin, Omega-3, Vit D, Elektrolyte, Kurkuma",Freunde,"Anderes Bett, Unterbrechung, Schlafmaske",,,,,,,,,,,,,,,,,,,,,,,,,
1/7/2026,2026-01-07,Wednesday,2026-W02,Frei,,0,,,,FALSE,,97,94,6.4,,,,2 - Wenig,,"Beuger R, Verdauung",,,,,,,,,,,,2e155485-caa7-804d-a680-c6fc2c256561,"Libido, Blackroll, Dehnen",⭐⭐ Okay / Im Soll,"Koffein, Magnesium, Multivitamin, Zink, Kreatin, Omega-3, Vit D",Freunde,"Anderes Bett, Unterbrechung",,,,,,,,,,,,,,,,,,,,,,,,,
1/6/2026,2026-01-06T10:27:00.000+01:00,Tuesday,2026-W02,Tempos,Tempos,127,La Palma,Draußen - Regen,🌅 Vormittag,TRUE,"2x1min Ergometer joggen, Mobi, Kordi
Sprungkordi 20/30m
Mali-Hopser, Zieher, Hopser, Pen1
90m/150m/100m 90%
LP: 10-15min",95,86,11.3,3 - Konzentriert,3 - Gut,2 - Anstrengend,2 - Wenig,Gut gelaunt,"Beuger R, Verspannt, Laktat",,,,,,,,,,,,2e155485-caa7-80bd-a98e-cd47e33a73b1,"Libido, Blackroll, Outdoor-Time",⭐⭐⭐ Diszipliniert,"Magnesium, Koffein, Multivitamin, Zink, Kreatin, Omega-3, Vit D",Freunde,Anderes Bett,,,,,,,,,,,,,,,,,,,,,,,,,
1/5/2026,2026-01-05T10:49:00.000+01:00,Monday,2026-W02,"Sprint, Diagnostik",MaxV,134,La Palma,Draußen - Regen,🌅 Vormittag,TRUE,"2 Runden EL, Mobi, Kordi
2 Steigerungen
30/40m Beschleunigung
2 Sätze:
(40m ZWL 2,5kg
2x 60m frei)",96,81,16.1,3 - Konzentriert,3 - Gut,3 - Normal,1 - Keine,"Gut gelaunt, Frisch",Verspannt,,,,,,,,,,,,2e155485-caa7-8015-a847-c3bf61eaaa30,"Blackroll, Outdoor-Time",⭐⭐⭐ Diszipliniert,"Magnesium, Multivitamin, Zink, Kreatin, Omega-3, Vit D, Koffein, Elektrolyte",Freunde,Anderes Bett,,,,,,,,,,,,,,,,,,,,,,,,,
1/5/2026,2026-01-05T16:27:00.000+01:00,Monday,2026-W02,Kraft,,88,La Palma,Draußen - Regen,☀️ Nachmittag,TRUE,"Trapbar 6x2 90/100/110/120/130/140kg
4x8 Aufroller 2x gerade, 2x diagonal
Wade 3x10 60/70/80kg
Beuger 3x10 Pezziball Curls
Armarbeit spezial 3x20 7,5kg
Adduktor/Abduktor 3x10 10kg an Bank
Lunges 8/6/6/4 40/45/45/50kg
3x4 Kontaktsprünge",,,,3 - Konzentriert,3 - Gut,3 - Normal,1 - Keine,Gut gelaunt,,,,,149.3,,,,,,,,2e155485-caa7-8032-ba1c-e19ac2ddc94b,,,,,,,,,,,,,,,,,,,,,,,,,,,,,,
1/4/2026,2026-01-04T16:09:00.000+01:00,Sunday,2026-W02,Auftakt,,50,La Palma,Draußen - Sonnig,☀️ Nachmittag,TRUE,"1 Runde EL, Mobi
Kordi bergauf
3x50m Steigerung bergauf",58,74,7.7,3 - Konzentriert,3 - Gut,4 - Regenerativ,1 - Keine,"Gut gelaunt, Frisch",,,,,,,,,,,,,2de55485-caa7-8088-85a5-c3cbf25e8e90,"Libido, Blackroll, Outdoor-Time",⭐⭐⭐ Diszipliniert,,"Freunde, Reisestress","Anderes Bett, Bett geteilt, Hot-Shower",,,,,,,,,,,,,,,,,,,,,,,,,
1/3/2026,2026-01-03,Saturday,2026-W01,Frei,,0,,,,FALSE,Anreise TL La Palma,41,73,6.1,,,,,,"Verdauung, Wade L",,,,,,,,,,,,2de55485-caa7-8015-aa0c-fc70684ee679,,⭐ Schlecht (Junk Food / Timing),"Multivitamin, Kreatin, Omega-3","Reisestress, Freunde","Bett geteilt, Hot-Shower, Nasenpflaster",85.6,12.9,,,,,,,,,,,,,,,,,,,,,,,
1/2/2026,2026-01-02T17:07:00.000+01:00,Friday,2026-W01,"Regeneration, Kraft",NI,124,MTG Halle,Halle,🌙 Abend,FALSE,"EL, Gymnastik, 4x6 Hükoordi
2x100/120/150m NI 2’P, 6’SP
Kraft
Umsetzen 4/3/2/2/2 70/90/100/105/110kg
Beuger Spezial 3x8
KAST(30cm) 4/3/3/2/2 70/75/80/85/90kg
FCT horizontal 3x
(Hiptrust 3x 140kg
Broad Jump 4x
Kettlebell Swing 4x
30m Sprunglauf)
Sprintmaschine 8/7/6 40kg
2x3 Kastenaufsprünge",72,91,15.8,2 - Normal,2 - Okay,3 - Normal,2 - Wenig,Unmotiviert,"Plantarfaszien, Wade L",,96,154,,117.3,,,,,,,2dc55485-caa7-8019-96df-f661ee211167,Blackroll,⭐⭐ Okay / Im Soll,"Magnesium, Multivitamin, Zink, Kreatin, Omega-3, B12, Vit D",Beziehungsstress,"Unterbrechung, Bett geteilt, Hot-Shower, Nasenpflaster",85.05,12.7,,,,,,,,,,,,,,,,,,,,,,,
1/1/2026,2026-01-01,Thursday,2026-W01,Frei,,0,,,,FALSE,,62,84,6,,,,,,Plantarfaszien,,,,,,,,,,,,2db55485-caa7-80b9-bd84-e2cbc4fea79c,"Kalte Dusche, Blackroll",⭐⭐⭐ Diszipliniert,"Magnesium, Multivitamin, Zink, Kreatin, Omega-3, B12, Vit D",Beziehungsstress,Nasenpflaster,86.2,12.9,,,,,,,,,,,,,,,,,,,,,,,
12/31/2025,2025-12-31,Wednesday,2025-W01,Frei,,0,,,,FALSE,,46,96,5.5,,,,,,"Muskelkater, Verdauung",,,,,,,,,,,,2da55485-caa7-8050-90b6-c4b37fa613a6,"Blackroll, Dehnen",⭐ Schlecht (Junk Food / Timing),"Koffein, Magnesium, Multivitamin, Zink, Kreatin, Omega-3, Vit D",,"Unterbrechung, Bett geteilt, Hot-Shower, Nasenpflaster, Kopfhörer",85.15,12.8,,,,,,,,,,,,,,,,,,,,,,,
12/30/2025,2025-12-30T16:08:00.000+01:00,Tuesday,2025-W01,"Sprint, Sprung","Absprung, MaxV",172,MTG Halle,Halle,☀️ Nachmittag,TRUE,"3 C EL, Mobi, Kordi
3x60m steigern
einspringen, 2x9er, 2x11er, 2x13er Sprünge
3x (50m 1080 4kg / 40m frei)",51,100,12.7,3 - Konzentriert,3 - Gut,2 - Anstrengend,2 - Wenig,"Gut gelaunt, Frisch",Sprungelenk L,"Viel Speed eingebracht, es fehlt noch etwas vertikalstoß durch bessere Rhythmisierung",,,,,,,,,,,2d955485-caa7-80c0-b4a4-d2d8d71fda56,"Kalte Dusche, Blackroll",⭐⭐ Okay / Im Soll,"Magnesium, Multivitamin, Zink, Kreatin, Omega-3, Vit D, Elektrolyte",Freunde,"Anderes Bett, Unterbrechung, Gelesen, Hot-Shower, Nasenpflaster",84.95,12.8,,,,,,,,,,,,,,,,,,,,,,,
12/29/2025,2025-12-29T15:46:00.000+01:00,Monday,2025-W01,Kraft,,81,MTG Halle,Halle,☀️ Nachmittag,FALSE,"TB 3/3/2/2/2 100/110/120/125/130kg
LatPull 12/10/8 50/60/60kg
Beuger 3x6 Nordics
Waden 12/10/8 40/45/50kg
Aufroller 2x8 + 2x8 abwechselnd diagonal
ASG 10/8/6 45kg
Liegestützen 3x15
Fußheber 3x10 20kg
2x6 Tscherbakis",66,100,13.2,2 - Normal,2 - Okay,3 - Normal,2 - Wenig,,Knie,,,,138.7,,,,,,,,2d855485-caa7-801e-82d9-fd9a84f57415,"Dehnen, Libido, Kalte Dusche, Blackroll",⭐⭐⭐ Diszipliniert,"Magnesium, Multivitamin, Zink, Kreatin, Omega-3, Vit D",,"Unterbrechung, Gelesen, Bett geteilt, Zahnspange, Hot-Shower",84.45,12.8,,,,,,,,,,,,,,,,,,,,,,,
12/28/2025,2025-12-28,Sunday,2025-W01,Frei,,0,,,,FALSE,,87,100,4.5,,,,,,,,,,,,,,,,,,2d755485-caa7-80bf-ba43-f5acc6a992e2,"Dehnen, Outdoor-Time, Zocken, Libido",⭐⭐ Okay / Im Soll,"Magnesium, Multivitamin, Zink, Kreatin, Omega-3, Vit D",,"Anderes Bett, Unterbrechung, Gelesen, Hot-Shower, Kopfhörer",84.95,12.8,,,,,,,,,,,,,,,,,,,,,,,
12/27/2025,2025-12-27T15:54:00.000+01:00,Saturday,2025-W52,Regeneration,NI,96,MTG Halle,Halle,☀️ Nachmittag,FALSE,"EL, Gymnastik
80 Medbälle
3x4x100m NI(ganz locker)
90’ P, 6’ SP",77,99,7.6,2 - Normal,2 - Okay,3 - Normal,2 - Wenig,Unmotiviert,"Verdauung, Plantarfaszien",,,,,,,,,,,,2d655485-caa7-80e4-bc6c-d91ae226cc1f,"Dehnen, Kalte Dusche, Blackroll, Sauna, Outdoor-Time",⭐⭐ Okay / Im Soll,"Magnesium, Multivitamin, Zink, Kreatin, Omega-3, Vit D",,"Unterbrechung, Bett geteilt, Nasenpflaster",84.95,12.8,,,,,,,,,,,,,,,,,,,,,,,
12/26/2025,2025-12-26T09:05:00.000+01:00,Friday,2025-W52,Sprint,"Tempos, Koordination",151,MTG Halle,Halle,🌅 Vormittag,TRUE,"2x2 Runden EL, Mobi
Kordi Sprint + Sprung (Ullis, Mali-Hopser, Hopser, Pen, Sprunglauf)
1 Steigerung
100m/150m 95%
LP: 12”/20”
80m/120m 95%
LP: 15”",58,90,10.8,3 - Konzentriert,3 - Gut,1 - Hoch,2 - Wenig,Gut gelaunt,"Laktat, Großzehe",Mit Trainer macht es deutlich mehr Spaß,,,,,,,,,,,2d555485-caa7-80e2-b366-cff7d3885087,"Blackroll, Libido, Lympho",⭐ Schlecht (Junk Food / Timing),"Multivitamin, Omega-3, Vit D, Spirulina, Magnesium, Kreatin",Freunde,"Anderes Bett, Hot-Shower, Nasenpflaster",84.7,12.6,,,,,,,,,,,,,,,,,,,,,,,
12/25/2025,2025-12-25T13:50:00.000+01:00,Thursday,2025-W52,Kraft,,115,MTG Halle,Halle,☀️ Nachmittag,FALSE,"Umsetzen 4x2, 2x1 70/90/100/105/110/115kg
Ad/Ab 3x10 50kg
AA Spezial 3x20 7kg
Beuger Spezial 3x8
KAST(30cm) 3/3/3/2/2/2 70/75/80/85/90/95kg
Hiptrust 8/7/6 100/120/120kg
Hüftbeuger 10/8/6 70/80/90kg
3x4 Kontaktsprünge mit gestreckten Beinen.",53,100,15.1,3 - Konzentriert,3 - Gut,2 - Anstrengend,1 - Keine,Unmotiviert,,,101.3,144,,118.8,,,,,,,2d455485-caa7-801f-9cf9-e398dafd172f,"Dehnen, Blackroll",⭐⭐ Okay / Im Soll,"Magnesium, Multivitamin, Zink, Kreatin, Omega-3, B12, Vit D",,"Unterbrechung, Bett geteilt, Hot-Shower, Nasenpflaster, Kopfhörer",84.7,12.5,,,,,,,,,,,,,,,,,,,,,,,
12/24/2025,2025-12-24,Wednesday,2025-W52,Frei,,0,,,,FALSE,,78,100,5.1,,,,,,,,,,,,,,,,,,2d355485-caa7-8026-834f-f2a55c5437f3,"Dehnen, Blackroll",⭐⭐ Okay / Im Soll,"Magnesium, Multivitamin, Zink, Kreatin, Omega-3, Vit D",,"Bett geteilt, Hot-Shower, Nasenpflaster",84.2,12.5,,,,,,,,,,,,,,,,,,,,,,,
12/23/2025,2025-12-23T16:06:00.000+01:00,Tuesday,2025-W52,Sprint,Beschleunigung,148,MTG Halle,Halle,☀️ Nachmittag,FALSE,"2x2 Runden EL, Gymnastik, Koordination
3x100m NI
Beschleunigung
30/40/50m Ablauf 90-95%
Sprünge
2x3x4 HüSprünge beidbeinig mit Zwischenhopser(1. Serie 91cm, 2. Serie 1.01m)
Programm 10/80
2x das Programm
1x50m ZWL
1x60m pro 10m-Abschnitt steigern
1x50m ZWL
80m - In/Out/In 30/20/30m
P 6’, SP 10’",82,100,10.1,3 - Konzentriert,3 - Gut,3 - Normal,1 - Keine,Frisch,,,,,,,,,,,,,2d255485-caa7-8001-a504-d139ca612a6b,"Dehnen, Kalte Dusche, Blackroll",⭐⭐ Okay / Im Soll,"Magnesium, Multivitamin, Zink, Kreatin, Omega-3, B12, Vit D",Freunde,"Bett geteilt, Hot-Shower, Nasenpflaster",84.2,12.6,,,,,,,,,,,,,,,,,,,,,,,
12/22/2025,2025-12-22T17:54:00.000+01:00,Monday,2025-W52,Kraft,,88,MTG Halle,Halle,🌙 Abend,FALSE,"FCT vertikal 3x
(Trapbar 3x 140kg
Dropjumps 4x
Hantelsprünge 3x 30kg
Assisted Jumps 4x)
TB 2/2/2 100/110/120kg
LatPull 12/10/8 50/60/60kg
Beuger/Waden 12/10/8 25kg/9
Aufroller 2x8 + 2x8 abwechselnd diagonal
ASG 10/8/6/4 45kg
Liegestützen 3x15
Fußheber 3x10 15kg
3x6 Tscherbakis",65,99,15.6,3 - Konzentriert,3 - Gut,3 - Normal,1 - Keine,Frisch,,,,,154,,,,,,,,2d155485-caa7-80aa-888e-d964cfe84799,"Kalte Dusche, Blackroll, Dehnen",⭐⭐ Okay / Im Soll,"Magnesium, Koffein, Multivitamin, Zink, Ecdysteron, Kreatin, Omega-3, B12, Vit D",Freunde,"Bett geteilt, Nasenpflaster, Hot-Shower",84,12.5,,,,,,,,,,,,,,,,,,,,,,,
12/21/2025,2025-12-21,Sunday,2025-W52,Frei,,0,,,,FALSE,,86,92,4.3,,,,1 - Keine,,,,,,,,,,,,,,2d155485-caa7-80de-bbcf-ca93268c1384,"Kalte Dusche, Blackroll",⭐⭐ Okay / Im Soll,"Magnesium, Multivitamin, Zink, Koffein, Kreatin, Omega-3, Vit D","Freunde, Reisestress","Unterbrechung, Bett geteilt, Hot-Shower, Nasenpflaster, Schlafmaske",84.75,12.6,,,,,,,,,,,,,,,,,,,,,,,
12/20/2025,2025-12-20T16:55:00.000+01:00,Saturday,2025-W51,Regeneration,,52,MTG Halle,Halle,☀️ Nachmittag,FALSE,"10min Rudern
30min Dehnen",71,95,5.3,3 - Konzentriert,3 - Gut,4 - Regenerativ,1 - Keine,,,,,,,,,,,,,,2cf55485-caa7-803a-8d86-f8c273fa4a9c,"Kalte Dusche, Blackroll, Sauna, Dehnen, Outdoor-Time, Libido",⭐⭐ Okay / Im Soll,"Magnesium, Multivitamin, Zink, Kreatin, Omega-3, B12, Vit D",Beziehungsstress,"Unterbrechung, Bett geteilt, Nasenpflaster",,,,,,,,,,,,,,,,,,,,,,,,,
12/19/2025,2025-12-19T15:43:00.000+01:00,Friday,2025-W51,"Sprint, Sprung","Absprung, MaxV",0,MTG Halle,Halle,☀️ Nachmittag,FALSE,"3x1 Runde EL, Gymnastik, Koordi
4x60m Roller
Techniksprünge
2x 9/11/13 Ablaufschritte
3x5er SPL in die Grube 6 ALS
auf Technik nicht „All In“
Läufe 90% auf Lockerheit mit gutem Kniehub
80/150/120/100m 10‘/15‘/12‘",88,97,12.1,2 - Normal,3 - Gut,3 - Normal,2 - Wenig,"Schlecht gelaunt, Stress",Großzehe,"Sehr schlechte Stimmung während der Einheit, nachdem Mai weg war gingen die Läufe ganz gut. Sprünge waren okay, aber kein Feedback bekommen",,,,,,,,,,,2ce55485-caa7-8000-adca-ce884e18c223,"Blackroll, Outdoor-Time",⭐⭐ Okay / Im Soll,"Magnesium, Multivitamin, Zink, Kreatin, Omega-3, Vit D",Beziehungsstress,"Unterbrechung, Bett geteilt, Hot-Shower, Nasenpflaster, Schlafmaske",85.3,12.6,,,,,,,,,,,,,,,,,,,,,,,
12/18/2025,2025-12-18T18:03:00.000+01:00,Thursday,2025-W51,Kraft,,106,MTG Halle,Halle,🌙 Abend,FALSE,"Umsetzen 3/3/2/2/2 70/90/100/105/105kg
Ad/Ab 3x10 50kg
AA Spezial 3x20 7kg
Beuger Spezial 3x8
KAST(40cm) 4/3/3/2/2 70/75/80/80/80kg
Hiptrust 8/7/6 70/100/120kg
Hüftbeuger 10/8/6
Kastenaufsprünge 3x3",69,98,14.5,2 - Normal,2 - Okay,3 - Normal,2 - Wenig,,,,85.3,144,,112,,,,,,,2cd55485-caa7-809a-b96b-f83001b39f06,"Blackroll, Outdoor-Time, Neuroathletik",⭐ Schlecht (Junk Food / Timing),"Magnesium, Multivitamin, Zink, Kreatin, Omega-3, Vit D",,"Bett geteilt, Hot-Shower, Nasenpflaster, Schlafmaske",84.7,12.6,,,,,,,,,,,,,,,,,,,,,,,
12/17/2025,2025-12-17T18:04:00.000+01:00,Wednesday,2025-W51,Regeneration,NI,120,MTG Halle,Halle,🌙 Abend,FALSE,"EL, Gymnastik, 4x8 HüKoordi
3x20 Hürden
80 Medbälle
2x5x100m NI - 2‘ P, 6‘ SP
Sprintkraftgerät
3x8 li + re",38,100,10.3,2 - Normal,2 - Okay,2 - Anstrengend,1 - Keine,Müde,,,,,,,,,,,,,2cc55485-caa7-80b1-8049-c7c0b2a3bf1e,"Blackroll, Physio",⭐⭐ Okay / Im Soll,"Magnesium, Multivitamin, Zink, Kreatin, Omega-3, Vit D",,"Unterbrechung, Bett geteilt, Hot-Shower, Nasenpflaster, Schlafmaske",84.7,12.7,,,,,,,,,,,,,,,,,,,,,,,
12/16/2025,2025-12-16T16:15:00.000+01:00,Tuesday,2025-W51,"Sprint, Sprung","Absprung, Tempos",0,MTG Halle,Halle,☀️ Nachmittag,FALSE,"EL, Gymnastik, Koordi
3x50m Steigerung 60/70/80%
Sprünge
3x2/1 Pen1 auf Hochsprungmatte
Läufe
3x60m - P 3‘ - 85-90%
1. + 3. Lauf steigernd
2. ⁠Lauf letzte 30m fliegend
SP 10‘
2x100m - P 3‘ - 85%
SP 12-15‘
3x80m - P 3‘ - 85-90%
1. + 3. Lauf In/Out/In 30/20/30
2. ⁠Lauf steigernd",67,100,8.9,2 - Normal,2 - Okay,2 - Anstrengend,2 - Wenig,Unmotiviert,"Laktat, Gesessen",,,,,,,,,,,,2cb55485-caa7-805f-a943-e655b0e0338b,"Kalte Dusche, Blackroll, Physio",⭐⭐ Okay / Im Soll,"Magnesium, Multivitamin, Zink, Kreatin, Omega-3, B12, Vit D","Freunde, Beziehungsstress","Gelesen, Bett geteilt, Hot-Shower, Zahnspange, Nasenpflaster, Schlafmaske",85.1,12.6,,,,,,,,,,,,,,,,,,,,,,,
12/15/2025,2025-12-15T16:48:00.000+01:00,Monday,2025-W51,Kraft,,81,MTG Halle,Halle,☀️ Nachmittag,FALSE,"Ausfallschritte 12/10/8/6 45kg
Aufroller 4x8, 2x gerade, 2x schräg
Trapbar 4/3 90/100kg
FCT vertikal 3x
(Trapbar 3x 130/135/140kg
Drop-Jumps 4x
Hantelsprünge 4x 30kg
Assisted Jumps 4x)
Lat Pulldown 12/10/8 50kg
Liegestütz 3x15
Beuger 3x6 Nordics
Wade 3x10 90kg
Fußheber 3x10 15kg
3x6 Tscherbakis",42,96,14.9,2 - Normal,2 - Okay,2 - Anstrengend,2 - Wenig,Unmotiviert,Knie,,,,154,,,,,,,,2ca55485-caa7-803c-90c2-f678faec67d0,Blackroll,⭐⭐ Okay / Im Soll,"Magnesium, Koffein, Multivitamin, Zink, Kreatin, Omega-3, B12, Vit D",Beziehungsstress,"Unterbrechung, Bett geteilt, Hot-Shower, Schlafmaske",84.35,12.5,,,,,,,,,,,,,,,,,,,,,,,
12/14/2025,2025-12-14,Sunday,2025-W51,Frei,,0,,,,FALSE,,61,94,5.7,,,,2 - Wenig,,Plantarfaszien,,,,,,,,,,,,2c955485-caa7-800a-be92-d4ad621ae9f2,"Kalte Dusche, Blackroll, Outdoor-Time",⭐ Schlecht (Junk Food / Timing),"Magnesium, Multivitamin, Zink, Kreatin, Omega-3, Vit D",Freunde,"Unterbrechung, Bett geteilt",,,,,,,,,,,,,,,,,,,,,,,,,
12/13/2025,2025-12-13T12:52:00.000+01:00,Saturday,2025-W50,"Kraft, Regeneration",NI,83,MTG Halle,Halle,☀️ Nachmittag,FALSE,"2 Runden EL, Mobi
5 Kordiübungen
2x100/150/200m NI
LP: 2“ SP: 6“
Umsetzen 4/3/3/2/2 90/95/100/100/105kg
Aufsteiger 4/3/3/3/2 70/75/80/85/90kg
Sprintmaschine 8/7/6 80 und 50kg",58,89,12.1,2 - Normal,2 - Okay,2 - Anstrengend,1 - Keine,Müde,Plantarfaszien,,,,,,,,,,,,2c855485-caa7-804e-92e2-cb50b5b262c6,"Kalte Dusche, Blackroll",⭐⭐ Okay / Im Soll,"Magnesium, Multivitamin, Zink, Kreatin, Omega-3, B12, Vit D",,"Bett geteilt, Schlafmaske",83.95,12.3,,,,,,,,,,,,,,,,,,,,,,,
12/12/2025,2025-12-12,Friday,2025-W50,Diagnostik,,0,OSP Frankfurt,Halle,,FALSE,"Planung, Sprung, Hüfte, Rumpf, Fuß",69,89,5.8,2 - Normal,3 - Gut,3 - Normal,2 - Wenig,Gut gelaunt,Wade R,,,,,,,,,,,,2c755485-caa7-80bb-98a7-f5d2e8ffc938,"Kalte Dusche, Blackroll",⭐⭐ Okay / Im Soll,Magnesium,"Freunde, Me-Time, Beziehungsstress","Unterbrechung, Anderes Bett, Hot-Shower",,,,,,,,,,,,,,,,,,,,,,,,,
12/11/2025,2025-12-11,Thursday,2025-W50,Diagnostik,,0,OSP Frankfurt,Halle,,FALSE,"Sportmedizin, Achillesdiagnostik, Beinpresse, Knie,",77,95,5.3,2 - Normal,2 - Okay,2 - Anstrengend,1 - Keine,Gut gelaunt,"Verdauung, Muskelkater",Gute Laune mit anderen Sportlern,,,,,,,,,,,2c755485-caa7-8070-a1aa-d4dae2f6e06a,"Libido, Outdoor-Time, Verdauungsspaziergang",⭐⭐ Okay / Im Soll,"Koffein, Multivitamin, Zink, Kreatin, Omega-3, Vit D","Freunde, Me-Time, Beziehungsstress","Unterbrechung, Hot-Shower, Schlafmaske",83.95,12.4,,,,,,,,,,,,,,,,,,,,,,,
12/10/2025,2025-12-10T08:20:00.000+01:00,Wednesday,2025-W50,Tempos,Tempos,83,MTG Halle,Halle,,TRUE,"2 Runden EL, Mobi
3x8 Hürdenkordi
2x60m Steigerung
80m/150m/120m 95%
LP: Ulli (8min?)",64,92,9.3,2 - Normal,2 - Okay,1 - Hoch,2 - Wenig,Müde,"Erschöpft, Großzehe, Laktat, Verdauung",erstes mal bei Ulli gekotzt. Training doch anstrengender als gedacht…,,,,,,,,,,,2c555485-caa7-8084-8c37-ca3b752101c7,Blackroll,⭐⭐ Okay / Im Soll,"Multivitamin, Zink, Omega-3, Vit D, Magnesium, Kreatin, B12","Freunde, Beziehungsstress","Bett geteilt, Hot-Shower, Schlafmaske",83.95,12.5,,,,,,,,,,,,,,,,,,,,,,,
12/9/2025,2025-12-09T16:14:00.000+01:00,Tuesday,2025-W50,"Sprint, Sprung","Absprung, Beschleunigung",126,MTG Halle,Halle,☀️ Nachmittag,TRUE,"3x100m einlaufen, Mobi
2x2x60m NI Steigerungen
Kordi (Sprint/Sprung)
40/50/60m Beschleunigung
Einspringen
2x7er Takeoff 1080 3kg
2x7er frei
2x7er 1080 3kg
2x9er frei",71,95,10.4,2 - Normal,2 - Okay,3 - Normal,2 - Wenig,Schlecht gelaunt,"Sprungelenk L, Großzehe","Ich brauche mehr fokus im Training. Es kann nicht sein, dass ein konflikt mein Training beeinflusst",,,,,,,,,,,2c455485-caa7-80a1-92a6-dd0e070044bb,"Kalte Dusche, Blackroll, Neuroathletik",⭐ Schlecht (Junk Food / Timing),"Magnesium, Multivitamin, Zink, Kreatin, Omega-3, B12, Vit D",Beziehungsstress,"Unterbrechung, Bett geteilt, Schlafmaske",83.95,12.5,,,,,,,,,,,,,,,,,,,,,,,
12/8/2025,2025-12-08T16:14:00.000+01:00,Monday,2025-W50,Kraft,,82,MTG Halle,Halle,☀️ Nachmittag,FALSE,"Trapbar 4/4/3 90/100/110kg
FCT vertikal 3x
(3x Trapbar 130kg
4x Drop-Jumps
4x Hantelsprünge 30kg
4x Assisted Jumps)
12/10/8/6 Ausfallschritte 40/40/45/45kg
12/10/8/6 Lat Pulldown 50/60/70/70kg
2x8 Aufroller
2x8 schräge Aufroller
3x10 Beuger 30kg
3x10 Wade 90kg
3x15 Liegestütz
3x10 Fußheber 15kg
2x6 Tscherbakis",64,88,15.6,2 - Normal,3 - Gut,2 - Anstrengend,2 - Wenig,Stress,,,,,143,,,,,,,,2c355485-caa7-80b6-b289-ca30aea1eff3,"Libido, Kalte Dusche, Blackroll, Outdoor-Time",⭐⭐ Okay / Im Soll,"Magnesium, Kreatin, B12",Beziehungsstress,"Bett geteilt, Zahnspange, Hot-Shower, Schlafmaske, Kopfhörer",83.95,12.3,,,,,,,,,,,,,,,,,,,,,,,
12/7/2025,2025-12-07,Sunday,2025-W50,Frei,,0,,,,FALSE,,77,96,6,,,,,,,,,,,,,,,,,,2c255485-caa7-80fd-b614-d1fd2bc69433,"Libido, Kalte Dusche, Blackroll",⭐ Schlecht (Junk Food / Timing),"Magnesium, Multivitamin, Zink, Kreatin, Omega-3, B12, Vit D",,"Bett geteilt, Hot-Shower, Schlafmaske",83.95,12.3,,,,,,,,,,,,,,,,,,,,,,,
12/6/2025,2025-12-06T17:06:00.000+01:00,Saturday,2025-W49,Regeneration,NI,103,MTG Halle,Halle,🌙 Abend,FALSE,"3 C’s EL, Gymnastik
80 Medbälle
3x3x120m NI ganz easy
2’ P, 6’ SP",76,90,11,2 - Normal,1 - Schlecht,2 - Anstrengend,1 - Keine,"Unmotiviert, Müde, Weich","Muskelkater, Weich, Erschöpft",,,,,,,,,,,,2c155485-caa7-8000-9753-d37e954afdbc,"Kalte Dusche, Blackroll, Sauna",⭐ Schlecht (Junk Food / Timing),"Magnesium, Multivitamin, Zink, Kreatin, Omega-3, Vit D","Beziehungsstress, Zeitstress","Bett geteilt, Hot-Shower, Schlafmaske",83.95,12.3,,,,,,,,,,,,,,,,,,,,,,,
12/5/2025,2025-12-05T16:07:00.000+01:00,Friday,2025-W49,"Sprung, Sprint","Absprung, MaxV",160,MTG Halle,Halle,☀️ Nachmittag,TRUE,"2 Runden EL, Mobi
4x100m NI mit Handringen
Kordi mit Handringen
Einspringen von Erhöhung
3x7er von Erhöhung
3x9er von Erhöhung
Kordi 1080 4kg 25m
2x SPL, 2x LLRR, 2/1x Pen1
50/80/60m 30m fliegend
Sprintmaschine 2x6 pro Seite 50/80kg",50,82,11.9,3 - Konzentriert,3 - Gut,2 - Anstrengend,1 - Keine,"Gut gelaunt, Frisch",,Enges Schwungbein und hohe Hüfte/Knie verbessern alles dramatisch,,,,,,,,,,,2c055485-caa7-8076-9bc3-f5c325299534,"Kalte Dusche, Blackroll",⭐⭐ Okay / Im Soll,"Koffein, Magnesium, Multivitamin, Zink, Kreatin, Omega-3, Vit D",Freunde,"Bett geteilt, Nasenpflaster, Schlafmaske",84.4,12.4,,,,,,,,,,,,,,,,,,,,,,,
12/4/2025,2025-12-04T17:10:00.000+01:00,Thursday,2025-W49,Kraft,,84,MTG Halle,Halle,🌙 Abend,FALSE,"Umsetzen 4/4/3/3/2/2(1) 70/80/90/100/105/110kg
Ab-/Adduktor 3x10 50kg
Armarbeit 3x50 2kg
FCT horizontal 3 Sätze
(Hip-Thrust 3x 130kg
Broad-Jump 4x
Kettlebell Swing 4x 20kg
Sprunglauf 30m)
Aufsteiger 4/4/3/3/2/2 70/70/75/80/85/90kg
Beuger spezial 3x8
Hüftbeuger 3x8 70/80/90kg ",51,94,15.8,2 - Normal,3 - Gut,2 - Anstrengend,2 - Wenig,Schlecht gelaunt,Großzehe,"Beziehung aktuell etwas toxisch, connections zu anderen hilfreicher",96,143,,113.7,,,,,,,2bf55485-caa7-8037-a23a-f86dffa93203,Physio,⭐⭐ Okay / Im Soll,"Magnesium, Multivitamin, Zink, Kreatin, Omega-3, B12, Vit D",Beziehungsstress,"Anderes Bett, Unterbrechung, Schlafmaske, Hot-Shower",84.4,12.5,,,,,,,,,,,,,,,,,,,,,,,
12/3/2025,2025-12-03T11:39:00.000+01:00,Wednesday,2025-W49,Tempos,Tempos,122,MTG Halle,Halle,🌅 Vormittag,TRUE,"6x100m Laufen 50m gehen
Mobi
3x8 Hürdenkordi
3x3 Broad Jump → Landung auf Matte
3x15 Hürdenwald
2x60m steigern
100m/150m LP: 10min
SP: 15min
80m/120m LP: 6min
90%
2x6 Sprintmaschine 50kg Schwung, 80kg Sprung",64,86,11.3,2 - Normal,3 - Gut,1 - Hoch,2 - Wenig,Müde,"Muskelkater, Gesessen, Laktat","am wichtigsten ist eine hohe Hüfte, Blick leicht nach oben, Bauch anspannen kleine Vorlage und hohe Knie. Ansonsten Training aktuell vom Gefühl sehr gut trotz 4 Wochen pausen",,,,,,,,,,,2be55485-caa7-8092-921d-ff9f91c212d7,Blackroll,⭐⭐⭐ Diszipliniert,"Magnesium, Zink, Multivitamin, Omega-3, Vit D, B12, Kreatin",Freunde,"Anderes Bett, Unterbrechung, Schlafmaske, Hot-Shower",83.35,12.1,,,,,,,,,,,,,,,,,,,,,,,
12/2/2025,2025-12-02T16:07:00.000+01:00,Tuesday,2025-W49,Sprung,Absprung,129,MTG Halle,Halle,☀️ Nachmittag,TRUE,"3 Runde EL, Mobi,
Kordi mit Ulli
3x60m steigern
Einspringen
1080 Takeoffs 4kg 7 Schritte
freie Sprünge 7 Schritte
1080 Sprünge 3kg 7 Schritte
freie Sprünge 9 Schritte
2x100 70%",64,86,11,3 - Konzentriert,3 - Gut,3 - Normal,2 - Wenig,"Gut gelaunt, Frisch","Muskelkater, Großzehe","Hüfte immer schön oben behalten, letzten Schritte nicht zu lang machen, nach oben schauen und demnächst darauf achten, das Schwungbein enger zu ziehen. Ansonsten sehr zufrieden mit ersten Sprüngen",,,,,,,,,,,2bd55485-caa7-80cf-a9a4-df77055ab792,Blackroll,⭐ Schlecht (Junk Food / Timing),"Magnesium, Zink, Multivitamin, Omega-3, Vit D, B12, Kreatin, Koffein",,"Unterbrechung, Bett geteilt, Zahnspange, Schlafmaske",83.05,12.2,,,,,,,,,,,,,,,,,,,,,,,
12/1/2025,2025-12-01T15:34:00.000+01:00,Monday,2025-W49,Kraft,,71,MTG Halle,Halle,☀️ Nachmittag,FALSE,"Trapbar 5/4/4/3/3/2 70/80/90/100/110/120kg
LatPull 10/8/6 50/50/60kg
Nordics 3x6
Waden 3x10 7/9/9 einbeinig
Aufroller 3x8
Lunges 12/10/8/6 40kg
Liegestützen 3x15
Kastenaufsprünge 3x3
Fußheber 3x8 20kg",75,80,13.6,2 - Normal,3 - Gut,2 - Anstrengend,1 - Keine,Müde,,"Knie momentan komplett gut, Vorfreude auf Trainingsgruppe, Therapiefortschritte",,,128,,,,,,,,2bc55485-caa7-805d-a58d-cc1ada5622aa,"Libido, Blackroll",⭐⭐ Okay / Im Soll,"Zink, Multivitamin, Omega-3, Magnesium, Vit D, B12, Kreatin",,"Unterbrechung, Bett geteilt, Hot-Shower",83.05,12.2,,,,,,,,,,,,,,,,,,,,,,,
11/30/2025,2025-11-30T15:13:00.000+01:00,Sunday,2025-W49,Regeneration,NI,78,MTG Halle,Halle,☀️ Nachmittag,FALSE,"2 Runden EL, Gymnastik, 4x8 HüKoordi
80 Medbälle
3x100/150/200m ganz easy
P 2’, SP 6’",95,80,9.9,3 - Konzentriert,3 - Gut,2 - Anstrengend,2 - Wenig,Müde,"Krank, Muskelkater","Deutlich besser als Samstag, immer noch sehr müde",,,,,,,,,,,2bc55485-caa7-80f0-99f3-e15b1db85fc2,Blackroll,⭐⭐ Okay / Im Soll,"Koffein, Magnesium, Multivitamin, Zink, Kreatin, Omega-3, Vit D",,"Unterbrechung, Bett geteilt, Hot-Shower",82.5,12.3,,,,,,,,,,,,,,,,,,,,,,,
11/29/2025,2025-11-29T15:39:00.000+01:00,Saturday,2025-W48,"Kraft, Sprint, Sprung","Beschleunigung, Koordination",133,MTG Halle,Halle,☀️ Nachmittag,FALSE,"3x1 Runde EL, Gymnastik, Koordination
Abläufe 2x30/40/50/60m
85-90%
1. Serie auf der Geraden - beschleunigungsorientiert
2. ⁠Serie aus der Kurve ab 60m-Start. jeweils die letzten 20m Fliegend.
10/80 - Programm 4kg
3x30m Hopserlauf
3x20m Sprunglauf(druckvoll von Sprung zu Sprung die Intensität steigern)
2x30m Wechselsprünge
2x20m Pen1(re ganz locker, links auch die Int. von Sprung zu Sprung steigern).
FCT vertikal 3 Sätze
3x Trapbar 130kg
4x Drop-Jump
4x Hantelsprünge 30kg
4x Assisted Jumps",75,76,12.9,2 - Normal,2 - Okay,2 - Anstrengend,2 - Wenig,Verkrampft,"Lauftechnik, Rhythmus, Muskelkater","erstmal wieder in normale Bewegungen reinfinden, Kordi war sogar ganz okay",,,143,,,,,,,,2bc55485-caa7-8071-bbd2-c58eef58a972,"Libido, Blackroll, Sauna, Kalte Dusche",⭐ Schlecht (Junk Food / Timing),"Koffein, Magnesium, Multivitamin, Zink, Kreatin, Omega-3",Beziehungsstress,"Unterbrechung, Bett geteilt, Hot-Shower",83.65,12.2,,,,,,,,,,,,,,,,,,,,,,,
11/28/2025,2025-11-28,Friday,2025-W48,Frei,,0,,,,FALSE,,57,66,9.9,,,,,,Muskelkater,,,,,,,,,,,,2bc55485-caa7-8086-bd8f-ec63b5519466,"Outdoor-Time, Blackroll",⭐ Schlecht (Junk Food / Timing),"Koffein, Magnesium, Multivitamin, Kreatin","Freunde, Me-Time, Reisestress","Anderes Bett, Kopfhörer, Hot-Shower",,,,,,,,,,,,,,,,,,,,,,,,,
11/27/2025,2025-11-27,Thursday,2025-W48,Frei,,0,,,,FALSE,,1,2,9.9,,,,,,"Verdauung, Muskelkater","Feiern gehen hat Spaß gemacht, aber war auch anstrengend",,,,,,,,,,,2bc55485-caa7-808a-8213-c15ca4c37c24,Outdoor-Time,⭐ Schlecht (Junk Food / Timing),"Koffein, Multivitamin, Omega-3, Vit D","Freunde, Me-Time, Reisestress","Unterbrechung, Anderes Bett, Alkohol",,,,,,,,,,,,,,,,,,,,,,,,,
11/26/2025,2025-11-26,Wednesday,2025-W48,Frei,,0,,,,FALSE,,66,79,15.1,,,,,,"Verdauung, Kopfschmerzen, Muskelkater",,,,,,,,,,,,2bc55485-caa7-80de-acfd-d59973252bd6,Outdoor-Time,⭐ Schlecht (Junk Food / Timing),"Magnesium, Multivitamin, Omega-3, Vit D","Freunde, Beziehungsstress","Anderes Bett, Kopfhörer, Hot-Shower",,,,,,,,,,,,,,,,,,,,,,,,,
11/25/2025,2025-11-25T17:30:00.000+01:00,Tuesday,2025-W48,Regeneration,,43,Hannover BW,Halle,🌙 Abend,FALSE,30min Mobi + Fahrrad,9,14,14.2,1 - Unkonzentriert,1 - Schlecht,1 - Hoch,3 - Mittel,"Müde, Unmotiviert, Weich","Erschöpft, Weich, Verdauung, Muskelkater",Biwak-Tag war noch in Ordnung trotz kaum Schlaf,,,,,,,,,,,2bc55485-caa7-80de-a4de-c731d70d0b4e,"Outdoor-Time, Dehnen",⭐ Schlecht (Junk Food / Timing),Magnesium,Freunde,"Unterbrechung, Anderes Bett",,,,,,,,,,,,,,,,,,,,,,,,,
11/24/2025,2025-11-24,Monday,2025-W48,Frei,,0,,,,FALSE,,31,62,14.1,,,,,,Muskelkater,Wegen Vorbereitung schon wenig geschlafen und dann auf ins Biwak,,,,,,,,,,,2bc55485-caa7-8042-9071-e0e8c4416074,Outdoor-Time,⭐ Schlecht (Junk Food / Timing),,"Freunde, Arbeitsstress","Anderes Bett, Kopfhörer, Hot-Shower",,,,,,,,,,,,,,,,,,,,,,,,,
11/23/2025,2025-11-23,Sunday,2025-W48,Frei,,0,,,,FALSE,,64,81,10.9,,,,,,Muskelkater,,,,,,,,,,,,2b455485-caa7-80e7-af8e-c5bda5dc2dc1,,⭐ Schlecht (Junk Food / Timing),"Magnesium, Multivitamin, Zink, Omega-3","Freunde, Me-Time, Reisestress","Unterbrechung, Anderes Bett, Hot-Shower",82.55,12,,,,,,,,,,,,,,,,,,,,,,,
11/22/2025,2025-11-22T15:32:00.000+01:00,Saturday,2025-W47,"Sprint, Sprung, Kraft","Koordination, Beschleunigung",136,MTG Halle,Halle,☀️ Nachmittag,FALSE,"3x1 Runde EL, Gymnastik, Koordination
2x50m lockere Steigerung aus der Kurve.
Abläufe - Spikes
30/40/50m Gerade
40/50/60m aus der Kurve(immer letzte 20m fliegend)
ZWL 5kg
30/40/50m KHL
2x50m Hinke li+re
2x30m HPL
2x30m SPL
2x30m Pen1(2xli, 1xre locker)
Kraft
3x6 HipTrust 90/100/110kg
5/4/4/4/3 Aufsteiger 70/75/80/85/90",53,82,13.2,2 - Normal,2 - Okay,2 - Anstrengend,2 - Wenig,"Müde, Verkrampft","Verdauung, Muskelkater","Läufe sehr verkrampft und gesessen.
Sprungkordi mit Schlitten nicht so angenehm wie mit 1080.
Krafttraining gut, keine Knieprobleme mehr, gute Gewichte",99,132,,,,,,,,,2b455485-caa7-80f4-9a10-fb3d5bf2aae8,"Kalte Dusche, Sauna, Blackroll",⭐ Schlecht (Junk Food / Timing),"Koffein, Magnesium, Multivitamin, Zink, Ashwaghanda, Kreatin, Omega-3, Vit D",,"Unterbrechung, Bett geteilt, Hot-Shower, Schlafmaske",81.95,11.9,,,,,,,,,,,,,,,,,,,,,,,
11/21/2025,2025-11-21,Friday,2025-W47,Frei,,0,,,,FALSE,,58,84,7.7,,,,,,Muskelkater,,,,,,,,,,,,2b255485-caa7-80cb-8621-ea6468045420,"Outdoor-Time, Nap",⭐ Schlecht (Junk Food / Timing),"Magnesium, Multivitamin, Ashwaghanda, Kreatin, Omega-3, Vit D","Freunde, Reisestress, Me-Time, Beziehungsstress","Anderes Bett, Kopfhörer, Hot-Shower",,,,,,,,,,,,,,,,,,,,,,,,,
11/20/2025,2025-11-20,Thursday,2025-W47,Regeneration,,0,Hannover BW,Halle,,FALSE,"Mobi
Umsetzen 3x5 80kg",63,74,6,2 - Normal,2 - Okay,3 - Normal,2 - Wenig,"Müde, Unmotiviert",Verdauung,,,,,93.3,,,,,,,2b255485-caa7-8071-bad2-c2fd6bd01d33,"Outdoor-Time, Dehnen",⭐ Schlecht (Junk Food / Timing),"Multivitamin, Kreatin, Omega-3","Freunde, Beziehungsstress, Reisestress","Anderes Bett, Kopfhörer, Hot-Shower",,,,,,,,,,,,,,,,,,,,,,,,,
11/19/2025,2025-11-19T18:07:00.000+01:00,Wednesday,2025-W47,Regeneration,,62,Hannover BW,Halle,🌙 Abend,FALSE,"2x3x100m NI auf Laufband
Mobi, Stabi
Plyos",89,81,12.1,2 - Normal,2 - Okay,3 - Normal,2 - Wenig,Gut gelaunt,Muskelkater,,,,,,,,,,,,2b255485-caa7-8065-a78b-fb1dec0ccb81,"Outdoor-Time, Verdauungsspaziergang",⭐ Schlecht (Junk Food / Timing),"Magnesium, Multivitamin, Omega-3, Vit D",Freunde,"Anderes Bett, Kopfhörer, Hot-Shower",,,,,,,,,,,,,,,,,,,,,,,,,
11/18/2025,2025-11-18,Tuesday,2025-W47,Frei,,0,,,,FALSE,15min Mobi nach langem Tag mit Strafarbeit,90,83,11.7,1 - Unkonzentriert,2 - Okay,1 - Hoch,3 - Mittel,Müde,Muskelkater,,,,,,,,,,,,2b255485-caa7-80fc-a414-d5aa8953fb5d,"Libido, Outdoor-Time, Verdauungsspaziergang",⭐ Schlecht (Junk Food / Timing),"Multivitamin, Omega-3, Vit D","Freunde, Beziehungsstress","Anderes Bett, Kopfhörer, Hot-Shower",,,,,,,,,,,,,,,,,,,,,,,,,
11/17/2025,2025-11-17T17:59:00.000+01:00,Monday,2025-W47,Kraft,,102,Hannover BW,Halle,🌙 Abend,FALSE,"RDL 5/5/4/4/3/3 70/80/90/100/110/120kg
davon die letzten 3 als FCT mit
3x4 Drop-Jumps
3x4 Hantelsprünge 30kg
3x4 assisted jumps
3x10 assisted Klimmzüge
Beinpresse 6/5/5/4/3 60/65/70/75/80
3x15 Liegestütz
3x8 Aufroller
3x12 Beuger 60kg
3x12 Wade 50kg",94,82,16.5,2 - Normal,2 - Okay,2 - Anstrengend,2 - Wenig,,Muskelkater,,,,,,,,,,,,2b255485-caa7-8012-919e-ee4305290de6,Outdoor-Time,⭐ Schlecht (Junk Food / Timing),"Koffein, Magnesium, Multivitamin, Omega-3","Freunde, Beziehungsstress","Hot-Shower, Anderes Bett, Kopfhörer",,,,,,,,,,,,,,,,,,,,,,,,,
11/16/2025,2025-11-16,Sunday,2025-W47,Frei,,0,,,,FALSE,,62,80,8.7,,,,,,,,,,,,,,,,,,2ad55485-caa7-80ef-8cea-ffc1eda76e81,"Verdauungsspaziergang, Nap",⭐ Schlecht (Junk Food / Timing),"Multivitamin, Zink, Kreatin, Omega-3, Vit D","Me-Time, Freunde, Reisestress, Beziehungsstress","Unterbrechung, Schlafmaske, Bett geteilt, Hot-Shower",81.5,12,,,,,,,,,,,,,,,,,,,,,,,
11/15/2025,2025-11-15T15:56:00.000+01:00,Saturday,2025-W46,"Kraft, Tempos",Sekundenläufe,96,MTG Halle,Halle,☀️ Nachmittag,FALSE,"3x1 Runde EL, Gymnastik,
1x30m Skippings, Frankies, KHL
NI-Läufe
2x100/200/300m 2’/6’
Kraft
FCT horizontal 3x
(3x Hipthrust 120kg
4x Broad Jump
4x Kettlebell Swing 20kg
30m Sprunglauf)
Ad/Ab 2x10 50kg
Beuger Spezial 2x7
KAST(40cm) 6/5/4/3 70/75/80/85kg
Hüftbeuger 2x7 50kg andere Maschine",90,83,13.6,2 - Normal,2 - Okay,2 - Anstrengend,1 - Keine,"Müde, Weich",Muskelkater,,,,,,,,,,,,2ac55485-caa7-80ba-880f-e9bb4217aa36,"Libido, Blackroll",⭐⭐ Okay / Im Soll,"Zink, Ashwaghanda, Multivitamin, Omega-3, Magnesium, Vit D, B12, Kreatin",,"Unterbrechung, Bett geteilt, Zahnspange, Hot-Shower, Schlafmaske",81.5,12,,,,,,,,,,,,,,,,,,,,,,,
11/14/2025,2025-11-14,Friday,2025-W46,Frei,,0,,,,FALSE,,34,74,6.3,,,,,,Muskelkater,,,,,,,,,,,,2ab55485-caa7-80cd-a797-d48f9aa96d64,Blackroll,⭐ Schlecht (Junk Food / Timing),"Koffein, Magnesium, Kreatin, B12, Omega-3, Vit D","Freunde, Me-Time, Reisestress","Hot-Shower, Anderes Bett, Kopfhörer",,,,,,,,,,,,,,,,,,,,,,,,,
11/13/2025,2025-11-13T18:29:00.000+01:00,Thursday,2025-W46,"Sprint, Sprung","Koordination, Beschleunigung",130,OSP Hannover,Halle,🌙 Abend,FALSE,"1 Runde EL, Gymnastik
30/40/50m ZWL Skippings 5kg
2x30m KHL Keilchen
3x50m ZWL Hinke li+re
2x30m KHL Keilchen
3x30m ZWL HPL
3x30m ZWL SPL
2x30m Pen 1 li+re
Abläufe
30/40/50/60m - P 2’/3’/4’",44,82,15.6,3 - Konzentriert,3 - Gut,1 - Hoch,1 - Keine,"Gut gelaunt, Müde","Muskelkater, Erschöpft",,,,,,,,,,,,2ab55485-caa7-8048-897f-e6f3ab459cb4,Outdoor-Time,⭐ Schlecht (Junk Food / Timing),"Multivitamin, Omega-3, Koffein",Freunde,"Anderes Bett, Kopfhörer, Hot-Shower",,,,,,,,,,,,,,,,,,,,,,,,,
11/12/2025,2025-11-12T17:40:00.000+01:00,Wednesday,2025-W46,Regeneration,NI,81,Hannover BW,Draußen - Kalt,🌙 Abend,FALSE,"3x100/150/200m NI
LP: 2‘, SP: 6‘
30min Mobi",27,77,13.3,2 - Normal,1 - Schlecht,2 - Anstrengend,,"Müde, Weich",Muskelkater,,,,,,,,,,,,2ab55485-caa7-8055-90eb-d2ad34e64a53,"Outdoor-Time, Dehnen",⭐ Schlecht (Junk Food / Timing),"Multivitamin, Omega-3",Freunde,"Anderes Bett, Kopfhörer, Hot-Shower, Unterbrechung",,,,,,,,,,,,,,,,,,,,,,,,,
11/11/2025,2025-11-11T17:48:00.000+01:00,Tuesday,2025-W46,"Tempos, Sprung","Tempos, Koordination",82,Hannover BW,Draußen - Kalt,🌙 Abend,FALSE,"3x3x100m EL, Gymnastik
3x20/30/40m Hopserlauf, SPL, Zieher, Pen1(3x20m li+re)
Läufe in Turnschuhen
2x60/120/100/80m P 2’/4’/3’, SP 8’",71,83,14.3,2 - Normal,3 - Gut,1 - Hoch,,Müde,Muskelkater,,,,,,,,,,,,2ab55485-caa7-80d4-ab25-f97e5efbdc5e,Outdoor-Time,⭐ Schlecht (Junk Food / Timing),"Multivitamin, Omega-3, Koffein, Magnesium",Freunde,"Anderes Bett, Kopfhörer, Hot-Shower",,,,,,,,,,,,,,,,,,,,,,,,,
11/10/2025,2025-11-10T17:00:00.000+01:00,Monday,2025-W46,Kraft,,103,Hannover BW,Halle,🌙 Abend,FALSE,"RDL 6/6/5/5/4/4 70/80/90/100/110/120kg
Klimmzüge 3x8
Beuger/Waden 3x12 40/50kg
Aufroller 3x7
Beinpresse 8/7/6/5/4/3 80kg Multipress
Liegestützen 3x15",46,84,14.4,2 - Normal,2 - Okay,3 - Normal,,"Müde, Gut gelaunt",Muskelkater,,,,,,,,,,,,2ab55485-caa7-8046-a754-fc8ac59bd0e8,Outdoor-Time,⭐ Schlecht (Junk Food / Timing),"Multivitamin, Omega-3, Koffein, Magnesium, Kreatin",Freunde,"Anderes Bett, Kopfhörer",,,,,,,,,,,,,,,,,,,,,,,,,
11/9/2025,2025-11-09,Sunday,2025-W46,Frei,,0,,,,FALSE,,,,,,,,,,,,,,,,,,,,,,2a655485-caa7-806d-b7e5-d983117aa2af,,,,,"Schlafmaske, Bett geteilt",81.5,11.9,,,,,,,,,,,,,,,,,,,,,,,
11/8/2025,2025-11-08T12:26:00.000+01:00,Saturday,2025-W45,"Sprung, Tempos","Koordination, Tempos",142,MTG Halle,Halle,☀️ Nachmittag,FALSE,"4x200m(C) EL, Gymnastik
30/35/40m ZWL Skippings 1080 4kg
2x30m KHL Keilchen
3x40m ZWL Hinke li+re
2x30m KHL Keilchen
2x30m ZWL HPL
2x30m ZWL SPL
2x30m Pen 1 li+re
2x80/120/100m 70-80%
P 2’/3’, SP 8’",83,81,12,2 - Normal,3 - Gut,1 - Hoch,2 - Wenig,,"Plantarfaszien, Großzehensehne","Etwas weniger Gewicht, gleiche Power, weniger Substanz. Läufe schneller, aber deutlich anstrengender",,,,,,,,,,,2a655485-caa7-80ef-adef-d78ac9e49bf9,"Libido, Kalte Dusche, Blackroll, Sauna",⭐⭐ Okay / Im Soll,"Zink, Ashwaghanda, Multivitamin, Omega-3, Magnesium, Vit D, B12, Kreatin",,"Schlafmaske, Bett geteilt, Zahnspange, Unterbrechung",81.5,12.1,,,,,,,,,,,,,,,,,,,,,,,
11/7/2025,2025-11-07,Friday,2025-W45,Frei,,0,,,,FALSE,,39,62,7.3,,,,,Müde,Verdauung,,,,,,,,,,,,2a555485-caa7-8004-83f2-c0781510fc00,"Nap, Blackroll, Outdoor-Time",⭐ Schlecht (Junk Food / Timing),"Ashwaghanda, Multivitamin, Omega-3, Magnesium, Vit D, B12, Kreatin","Freunde, Reisestress","Nap, Anderes Bett, Kopfhörer, Unterbrechung",,,,,,,,,,,,,,,,,,,,,,,,,
11/6/2025,2025-11-06T17:50:00.000+01:00,Thursday,2025-W45,Kraft,,130,OSP Hannover,Halle,🌙 Abend,FALSE,"4x Trapbar 90kg
FCT vertikal 3x
(Trapbar 3/3/2 100/110/115kg
4x Drop-Jumps
4x Hantelsprünge 32,5kg
4x Assisted Jumps)
3x6 Aufroller
3x10 Lat Pulldown 40kg
3x10 Liegestütz
Beinpresse 6/5/4/3/2 70/80/90/100/110kg
3x6 Hüftbeuger 60kg
2x6 Nordics",56,79,13.6,3 - Konzentriert,3 - Gut,3 - Normal,,Gut gelaunt,Verdauung,,,,122.7,,,,,,,,2a555485-caa7-801d-86cc-e2ffec64effe,Outdoor-Time,⭐ Schlecht (Junk Food / Timing),"Koffein, Kreatin, Magnesium, Multivitamin, Vit D",Freunde,"Anderes Bett, Kopfhörer",,,,,,,,,,,,,,,,,,,,,,,,,
11/5/2025,2025-11-05T20:21:00.000+01:00,Wednesday,2025-W45,Regeneration,NI,30,Hannover BW,Draußen - Kalt,🌙 Abend,FALSE,"2x3x100m NI
LP: 100m gehen
SP: Koordi + Sprungkordi",71,75,11.6,2 - Normal,1 - Schlecht,2 - Anstrengend,,"Weich, Müde","Lauftechnik, Weich, Verdauung, Erschöpft",,,,,,,,,,,,2a455485-caa7-8068-bc23-c0f6b8f46a5e,Outdoor-Time,⭐ Schlecht (Junk Food / Timing),"Magnesium, Multivitamin, Omega-3, Vit D",Freunde,"Anderes Bett, Kopfhörer",,,,,,,,,,,,,,,,,,,,,,,,,
11/4/2025,2025-11-04,Tuesday,2025-W45,Frei,,0,,,,FALSE,2. Tag Grundausbildung,20,49,12.9,,,,,,Verdauung,,,,,,,,,,,,2a455485-caa7-80a5-a159-e25a06680a8d,Outdoor-Time,⭐ Schlecht (Junk Food / Timing),"Magnesium, Multivitamin, Omega-3",Freunde,"Anderes Bett, Unterbrechung",,,,,,,,,,,,,,,,,,,,,,,,,
11/3/2025,2025-11-03,Monday,2025-W45,Frei,,0,,,,FALSE,Start Grundausbildung 12 Uhr - 21 Uhr,51,82,9.6,,,,,Müde,,,,,,,,,,,,,2a455485-caa7-807b-a6ab-cee2ad6341d4,Outdoor-Time,⭐ Schlecht (Junk Food / Timing),"Magnesium, Multivitamin, Zink, Omega-3","Me-Time, Freunde, Reisestress, Arbeitsstress","Unterbrechung, Bett geteilt",82.35,12.3,,,,,,,,,,,,,,,,,,,,,,,
11/2/2025,2025-11-02,Sunday,2025-W45,Frei,,0,,,,FALSE,,51,92,7.5,,,,,,,,,,,,,,,,,,2a055485-caa7-80ce-b3e0-fa83f0379a45,"Verdauungsspaziergang, Blackroll",⭐ Schlecht (Junk Food / Timing),"Zink, Ashwaghanda, Multivitamin, Omega-3, Magnesium, Vit D, Kreatin",,"Schlafmaske, Bett geteilt",83.3,12.4,,,,,,,,,,,,,,,,,,,,,,,
11/1/2025,2025-11-01T15:58:00.000+01:00,Saturday,2025-W44,Tempos,Sekundenläufe,60,MTG Halle,Halle,☀️ Nachmittag,FALSE,"4x100/200/300m
17/36/56“ Durchschnitt
LP: 2min
SP: 8min",92,88,9.8,2 - Normal,3 - Gut,2 - Anstrengend,2 - Wenig,Unmotiviert,"Knie R, Wadenbein L, Sprungelenk L","Fortschritt erkennbar, deutlich besser als letzte Woche",,,,,,,,,,,29e55485-caa7-803a-85a1-dee51c51e2c7,"Libido, Kalte Dusche, Blackroll, Sauna",⭐ Schlecht (Junk Food / Timing),"Zink, Ashwaghanda, Multivitamin, Omega-3, Magnesium, Vit D, B12, Kreatin",,"Bett geteilt, Schlafmaske",82.8,12.3,,,,,,,,,,,,,,,,,,,,,,,
10/31/2025,2025-10-31T14:49:00.000+01:00,Friday,2025-W44,"Sprint, Sprung","Koordination, Beschleunigung",128,MTG Halle,Halle,☀️ Nachmittag,TRUE,"2x3x200m EL, Mobi
Sprint/Sprung Kordi 1080 30/35/40m 4kg
Skipping, Sprunglauf, Pen 1, Hinke
3x30m Keilchen KHL
2x40/50/60m Beschleunigung",84,85,10.6,3 - Konzentriert,3 - Gut,2 - Anstrengend,2 - Wenig,Gut gelaunt,Knie R,Hohe Hüfte,,,,,,,,,,,29e55485-caa7-80ec-a1f8-e996476c3f76,,,,,,83.65,12.5,,,,,,,,,,,,,,,,,,,,,,,
10/30/2025,2025-10-30T09:33:00.000+01:00,Thursday,2025-W44,Kraft,,88,MS Halle,Halle,🌅 Vormittag,FALSE,,79,87,15.7,2 - Normal,2 - Okay,2 - Anstrengend,2 - Wenig,,,,88,,,106.7,,,,,,,29e55485-caa7-804f-a2c5-d076e39dab75,,,,,,,,,,,,,,,,,,,,,,,,,,,,,,
10/29/2025,2025-10-29T16:20:00.000+01:00,Wednesday,2025-W44,Regeneration,,128,MS Halle,Halle,☀️ Nachmittag,FALSE,"4x1 Runde EL, Mobi
4x10 Hürdenkordi
80 Medball
4x100/120/150m NI",70,87,15.1,2 - Normal,2 - Okay,2 - Anstrengend,1 - Keine,,,,,,,,,,,,,,29c55485-caa7-8062-a456-e5b50381e47b,,,,,,,,,,,,,,,,,,,,,,,,,,,,,,
10/28/2025,2025-10-28T15:43:00.000+01:00,Tuesday,2025-W44,"Sprint, Sprung","Koordination, MaxV",129,MTG Halle,Halle,☀️ Nachmittag,TRUE,"1 Runde EL
3/5/3 x 100m NI, Mobi
Sprungkordi 20/30/40m
2x 80/120/100m 90% ",67,92,12.6,4 - Flow,4 - Super,2 - Anstrengend,3 - Mittel,Gut gelaunt,Knie R,,,,,,,,,,,,29c55485-caa7-80cd-bded-d32581f48013,,,,,,82.85,12.4,,,,,,,,,,,,,,,,,,,,,,,
10/27/2025,2025-10-27T14:22:00.000+01:00,Monday,2025-W44,Kraft,,113,MTG Halle,Halle,☀️ Nachmittag,FALSE,"3 Runden FCT horizontal:
(3x Hipthrust 120kg
4x Broad Jump
4x Kettlebell Swing 20kg
30m Sprunglauf)
3x8 Aufroller
Trapbar 5/4/4/3/3 70/80/90/100/110kg
3x10 Lat pulldown 40/40/40kg
Beinpresse 6/5/4/3/2 85/100/115/130/145kg
3x12 Beuger 30kg
Wade 50kg3x12 
Fußheber 30kg",64,88,13.9,3 - Konzentriert,4 - Super,3 - Normal,2 - Wenig,"Frisch, Gut gelaunt",,"Gute Stimmung = Gutes Training, Fortschritt zu letzter Woche und weniger Schmerzen",,132,121,,,,,,,,29e55485-caa7-8091-9dd5-de3a995d2052,,,,,"Schlafmaske, Bett geteilt, Unterbrechung",82.85,12.4,,,,,,,,,,,,,,,,,,,,,,,
10/26/2025,2025-10-26,Sunday,2025-W44,Frei,,0,,,,FALSE,,46,88,4.8,,,,,,Muskelkater,Streit mit Auflösung,,,,,,,,,,,2be55485-caa7-809c-acde-e25f7e3da9a0,"Outdoor-Time, Blackroll",,"Magnesium, Ashwaghanda, Kreatin",Beziehungsstress,"Bett geteilt, Hot-Shower, Schlafmaske",82.65,12.3,,,,,,,,,,,,,,,,,,,,,,,
10/25/2025,2025-10-25T17:49:00.000+02:00,Saturday,2025-W43,Ausdauer,Sekundenläufe,52,,,☀️ Nachmittag,FALSE,"3x100/200/300m 20/40/60"" LP: 2 SP: 8",53,93,10.1,2 - Normal,2 - Okay,3 - Normal,,,"Muskelkater, Wade L",Mai schlechte Laune + Streit,,,,,,,,,,,2be55485-caa7-80d2-9cd2-d8e85de4539d,"Outdoor-Time, Kalte Dusche, Blackroll, Sauna",,"Magnesium, Multivitamin, Zink, Ashwaghanda, Kreatin, Vit D, Omega-3",Beziehungsstress,"Unterbrechung, Bett geteilt, Hot-Shower, Schlafmaske",84.3,12.8,,,,,,,,,,,,,,,,,,,,,,,
10/24/2025,2025-10-24T16:35:00.000+02:00,Friday,2025-W43,"Sprint, Sprung","Koordination, Beschleunigung",120,,,☀️ Nachmittag,FALSE,"3x3x100m NI EL
30/40m Skippings 4kg 1080
1x30m Keilchen 6 Fuß
30/40m KHL 4kg 1080
1x30m Keilchen 6 Fuß
2/1 Pen 1 4kg 1080
30/40/50 - 40/50/60m 85%LP: 2, SP: 6",54,96,10.1,3 - Konzentriert,3 - Gut,3 - Normal,,Frisch,"Verdauung, Muskelkater",außer bei SPL und Pen1 Knie deutlich besser,,,,,,,,,,,2bf55485-caa7-80a2-a2d9-fa3f2590d8cd,"Libido, Blackroll, Neuroathletik",,"Magnesium, Multivitamin, Zink, Ashwaghanda, Kreatin, Omega-3, Vit D, B12",Reisestress,"Bett geteilt, Schlafmaske, Zahnspange, Hot-Shower",83.35,12.5,,,,,,,,,,,,,,,,,,,,,,,
10/23/2025,2025-10-23T18:16:00.000+02:00,Thursday,2025-W43,Kraft,,91,,,🌙 Abend,FALSE,"Umsetzen 5/4/4/3/2 80/85/90/95/100kg
Ab/Adduktor 3x10 50kg
Aufsteiger 5/4/4/3/3 70/75/80/80/80kg
3x8 Klimmzüge
3x10 Pallof-Press 10kg
3x10 Langhantel Rudern 30kg
3x8 Hüftbeuger 60/70/80kg
3x50 Armarbeit 2kg
vorher: Kraftdiagnostik Fitmacher ",83,98,14,3 - Konzentriert,2 - Okay,2 - Anstrengend,,Müde,Muskelkater,Knie nicht ganz so schlimm durch Tape seit gestern,88,,,106.7,,,,,,,2bf55485-caa7-8072-b3b3-cb3a7a0ef490,Blackroll,,"Koffein, Magnesium, Multivitamin, Zink, Ashwaghanda, Kreatin, Omega-3, Vit D",Reisestress,"Bett geteilt, Hot-Shower, Schlafmaske",82.9,12.4,,,,,,,,,,,,,,,,,,,,,,,
10/22/2025,2025-10-22T17:35:00.000+02:00,Wednesday,2025-W43,Regeneration,NI,100,,,☀️ Nachmittag,FALSE,"3x200m EL
4x8 Hürdenkordi
80 Medball
3x100/120/150m NI
35min Lympho",76,100,10.3,2 - Normal,1 - Schlecht,2 - Anstrengend,,Müde,"Muskelkater, Gluteus R",Gluteus rechts Krampf,,,,,,,,,,,2c255485-caa7-80c4-af20-c0a10b5ccde6,"Lympho, Libido, Physio, Dehnen, Blackroll",,"Magnesium, Multivitamin, Zink, Ashwaghanda, Kreatin, Omega-3, B12, Vit D",Reisestress,"Gelesen, Bett geteilt, Hot-Shower, Schlafmaske",82.9,12.5,,,,,,,,,,,,,,,,,,,,,,,
10/21/2025,2025-10-21T15:34:00.000+02:00,Tuesday,2025-W43,"Sprint, Sprung","Koordination, Beschleunigung, MaxV",131,,,☀️ Nachmittag,TRUE,"3x6x100m NI einlaufen
Mobi
Sprungkordi 20/25/30m HPL/SPL/Pen 1 + normale Kordi
1 Steigerung
40/50/60m Acceleration
2x80/120/100m I2",53,100,10.9,4 - Flow,3 - Gut,2 - Anstrengend,,"Frisch, Gut gelaunt",Muskelkater,"Training mit Ulli deutlich intensiver
Knie schlimmer als letzte Woche",,,,,,,,,,,2c255485-caa7-8042-9556-d03154b0cc73,"Dehnen, Blackroll",,"Magnesium, Multivitamin, Zink, Ashwaghanda, Kreatin, Omega-3, B12, Vit D",Reisestress,"Unterbrechung, Gelesen, Bett geteilt, Hot-Shower, Schlafmaske",82.9,12.5,,,,,,,,,,,,,,,,,,,,,,,
10/20/2025,2025-10-20T15:43:00.000+02:00,Monday,2025-W43,Kraft,,78,,,☀️ Nachmittag,FALSE,"2x6 Trapbar 70/80kg
FCT vertikal 3x
(3x Trapbar 125kg
4x Drop-Jump
4x Hantelsprünge 30kg
4x Assisted Jumps)
3x16 Lunges 20kg
3x12 Liegestütz
3x8 Hip-Thrust 80kg
3x8 Aufroller
3x6 Nordics
3x15 Wade 50kg",46,94,15.4,3 - Konzentriert,3 - Gut,3 - Normal,,,Verdauung,,,101.3,137.5,,,,,,,,2c255485-caa7-80fd-9e87-c810938c5164,"Libido, Outdoor-Time, Dehnen, Blackroll",,"Koffein, Magnesium, Multivitamin, Zink, Ashwaghanda, Kreatin, Omega-3, B12, Vit D",Reisestress,"Unterbrechung, Gelesen, Bett geteilt, Hot-Shower, Schlafmaske",82.45,12.3,,,,,,,,,,,,,,,,,,,,,,,
10/19/2025,2025-10-19,Sunday,2025-W43,Frei,,0,,,,FALSE,,57,100,7.6,,,,,,,,,,,,,,,,,,2c255485-caa7-809f-bc6d-dc2c677f7232,"Outdoor-Time, Dehnen, Blackroll",,"Magnesium, Multivitamin, Zink, Ashwaghanda, Kreatin, Omega-3, B12, Vit D",,"Unterbrechung, Gelesen, Bett geteilt, Hot-Shower, Schlafmaske",82.9,12.4,,,,,,,,,,,,,,,,,,,,,,,
10/18/2025,2025-10-18T16:03:00.000+02:00,Saturday,2025-W42,Ausdauer,Sekundenläufe,59,,,☀️ Nachmittag,FALSE,"4x30""/45""/60"" LP: 2' SP: 8'
Tempo: 20""/100m
2x12min Sauna 80° ",87,97,9.1,2 - Normal,1 - Schlecht,2 - Anstrengend,,,Muskelkater,"Sauna hat gut geholfen, auch den Knien",,,,,,,,,,,2c255485-caa7-8060-aa29-d71d860081a2,"Libido, Kalte Dusche, Sauna, Outdoor-Time, Dehnen, Blackroll",,"Magnesium, Multivitamin, Zink, Ashwaghanda, Kreatin, Omega-3, B12, Vit D",,"Gelesen, Bett geteilt, Zahnspange, Hot-Shower, Schlafmaske",82.4,12.4,,,,,,,,,,,,,,,,,,,,,,,
10/17/2025,2025-10-17T16:48:00.000+02:00,Friday,2025-W42,"Sprint, Sprung","Plyos, MaxV",138,,,☀️ Nachmittag,FALSE,"2x600m EL, Gymnastik
4x10 Hürdenkordi
3x2x6 Sprünge lilirere über Keilchen 16 Fuß
3x6 Dropjumps von einem Kastenoberteil
Läufe - 85-90% in Spikes
3x50m - P 3’SP 8’
3x60m ZWL 5kg - P 3’SP 10’
3x80m - P 3’
1.+3. In/Out/In 30/20/30m 2. Steigernd",97,95,12.2,3 - Konzentriert,3 - Gut,3 - Normal,,,Knie R,"Knieprobleme beidseits, rechts schlimmer
Insgesamt deutliche Verbesserung (auch durch Spikes), aber Knieprobleme schon deutlich",,,,,,,,,,,2c255485-caa7-806f-badf-ff811590336a,"Dehnen, Blackroll",,"Magnesium, Ashwaghanda, Kreatin, B12",,"Gelesen, Bett geteilt, Hot-Shower, Schlafmaske",83.25,12.5,,,,,,,,,,,,,,,,,,,,,,,
10/16/2025,2025-10-16T17:48:00.000+02:00,Thursday,2025-W42,Kraft,,87,,,☀️ Nachmittag,FALSE,"Umsetzen 5/4/4/3/2 80/90/95/100/105kg
3x10 Ab/Adduktor 50kg
Aufsteiger 5/4/4/3/3 70/75/80/80/80kg
3x8 Klimmzüge
3x10 Pallof-Press 10kg
3x10 Langhantel Rudern 30kg
3x8 Hüftbeuger 60/70/70kg
3x50 Armarbeit 2kg",62,88,14.3,3 - Konzentriert,3 - Gut,2 - Anstrengend,,,Knie R,"Knieprobleme beidseits, rechts schlimmer",88,,,112,,,,,,,2c255485-caa7-80af-8950-c41dd34f1327,"Outdoor-Time, Dehnen, Blackroll",,"Koffein, Magnesium, Multivitamin, Zink, Ashwaghanda, Kreatin, Omega-3, B12, Vit D",Reisestress,"Bett geteilt, Hot-Shower, Schlafmaske",82.45,12.4,,,,,,,,,,,,,,,,,,,,,,,
10/15/2025,2025-10-15T17:08:00.000+02:00,Wednesday,2025-W42,Regeneration,NI,79,MTG Halle,Halle,☀️ Nachmittag,FALSE,"3x3x100m NI
4x 3er Takeoff
2x Pen 1 in Grube
4x Standweitsprung",66,94,9.3,2 - Normal,2 - Okay,4 - Regenerativ,,,,,,,,,,,,,,,2c255485-caa7-808a-9d48-d70436515797,"Libido, Physio, Dehnen, Blackroll",,"Magnesium, Ashwaghanda, Kreatin, B12",Beziehungsstress,"Bett geteilt, Hot-Shower, Schlafmaske",81.65,12.2,,,,,,,,,,,,,,,,,,,,,,,
10/14/2025,2025-10-14T17:18:00.000+02:00,Tuesday,2025-W42,"Sprint, Sprung","Koordination, Beschleunigung",109,,,☀️ Nachmittag,FALSE,"EL - 2x5x100m - 50m GP, 6’ SP
Gymnastik
2x30m ZWL Skippings/Schlitten(7.5kg)
1x20 Keilchen KHL(6” Abstand)
2x30m HPL 10/80
2x30m ZWL KHL/Schlitten
1x20 Keilchen KHL
2x30m SPL 10/80
2x40m ZWL Hinke/Schlitten 1x li, 1xre
1x20 Keilchen KHL
2x30m Pen 1 10/80 1 x li, 1 x re
Abläufe
2x30/40/50m Ablauf(druckvoll auf Technik, 85%)P 2’, SP 8’",76,88,12.6,2 - Normal,2 - Okay,3 - Normal,,,,,,,,,,,,,,,2c255485-caa7-8026-88d2-db4ed5dbcb79,"Outdoor-Time, Dehnen, Blackroll",,"Magnesium, Multivitamin, Zink, Ashwaghanda, Kreatin, Omega-3, Vit D",Beziehungsstress,"Gelesen, Bett geteilt, Hot-Shower, Schlafmaske",82.95,12.6,,,,,,,,,,,,,,,,,,,,,,,
10/13/2025,2025-10-13T15:27:00.000+02:00,Monday,2025-W42,Kraft,,93,,,☀️ Nachmittag,FALSE,"3 Runden FCT horizontal:
(3x Hipthrust 120kg
4x Broad Jump
4x Kettlebell Swing 24kg
30m Sprunglauf)
3x8 Aufroller
Trapbar 5/4/4/3/3 70/80/80/90/100kg
3x10 Lat pulldown 30/40/40kg
Beinpresse 6/5/4/3/2 85/100/115/130/145kg
3x12 Beuger 30kg / Wade 50kg",58,87,14.3,3 - Konzentriert,3 - Gut,2 - Anstrengend,,,Krank,,,132,110,,,,,,,,2c255485-caa7-8051-ad51-e25a74b8b249,"Libido, Dehnen, Blackroll",,"Koffein, Magnesium, Multivitamin, Zink, Ashwaghanda, Kreatin, Omega-3, B12, Vit D",,"Unterbrechung, Bett geteilt, Hot-Shower, Schlafmaske",82,12.3,,,,,,,,,,,,,,,,,,,,,,,
10/12/2025,2025-10-12,Sunday,2025-W42,Frei,,0,,,,FALSE,,97,96,6.1,,,,,,Krank,,,,,,,,,,,,2c255485-caa7-806d-9ac5-e28adfa8d03d,"Dehnen, Outdoor-Time, Blackroll",,"Magnesium, Multivitamin, Zink, Ashwaghanda, Kreatin, Omega-3, Vit D",,"Unterbrechung, Bett geteilt, Hot-Shower, Schlafmaske",82,12.4,,,,,,,,,,,,,,,,,,,,,,,
10/11/2025,2025-10-11T17:11:00.000+02:00,Saturday,2025-W41,Ausdauer,Sekundenläufe,56,Mannheim,Draußen - Vergessen,☀️ Nachmittag,FALSE,"4x30""""/45""""/60"""" LP: 2' SP: 8'
Tempo: 20""""/100m",75,98,13.4,2 - Normal,3 - Gut,2 - Anstrengend,,Frisch,Krank,,,,,,,,,,,,2c255485-caa7-80fe-b2dd-c2b5d77e144d,"Outdoor-Time, Dehnen, Blackroll",,"Magnesium, Zink, Ashwaghanda, Kreatin, B12, Vit D",,"Bett geteilt, Hot-Shower, Schlafmaske",82.65,12.4,,,,,,,,,,,,,,,,,,,,,,,
10/10/2025,2025-10-10T16:12:00.000+02:00,Friday,2025-W41,"Sprint, Sprung","MaxV, Plyos",118,,,☀️ Nachmittag,FALSE,"2x600m EL, Mobi,
4x10 Hürdenkordi
2x2x6 Hürdensprünge mit Zwischenhopser
2x2x6 Sprünge links/links/rechts/rechts (Hopser) über Keilchen
4x60m LP: 2min SP: 8min
3x100m LP 2' SP: 10'
3x80m LP: 2'
80%",70,97,12.6,3 - Konzentriert,3 - Gut,2 - Anstrengend,,Frisch,Krank,Kopf hoch bei Hopser macht am meisten aus,,,,,,,,,,,2c155485-caa7-801f-b18e-d8421b51511f,"Lympho, Outdoor-Time, Dehnen, Blackroll",,"Magnesium, Multivitamin, Zink, Ashwaghanda, Kreatin, Omega-3, B12, Vit D",,"Unterbrechung, Bett geteilt, Zahnspange, Hot-Shower, Schlafmaske",82.65,12.6,,,,,,,,,,,,,,,,,,,,,,,
10/9/2025,2025-10-09T16:28:00.000+02:00,Thursday,2025-W41,Kraft,,94,,,☀️ Nachmittag,FALSE,"Umsetzen 5/5/4/4/3/3 70/80/85/90/95/100kg
Ab/Aduktor 4x12 40kg
Hüftbeuger 4x8 70kg
4x8 Klimmzüge
Aufsteiger 5/5/4/4/3 70/75/75/75/75kg
3x10 Pallof Press 10kg
3x10 Langhantel Rudern 30kg",83,89,15.8,2 - Normal,3 - Gut,3 - Normal,,,"Muskelkater, Krank",,82.5,,,110,,,,,,,2c155485-caa7-8072-832a-edd568777fb7,"Libido, Dehnen, Blackroll",,"Magnesium, Multivitamin, Zink, Ashwaghanda, Kreatin, Omega-3, Vit D",Me-Time,"Unterbrechung, Bett geteilt, Hot-Shower, Schlafmaske",83.05,12.6,,,,,,,,,,,,,,,,,,,,,,,
10/8/2025,2025-10-08T18:35:00.000+02:00,Wednesday,2025-W41,"Sprint, Sprung","Koordination, Beschleunigung",114,MTG Halle,Halle,🌙 Abend,FALSE,"EL - 2x5x100m - 50m GP, 6’ SP
Gymnastik
2x30m ZWL Skippings 4kg 1080
1x20 Keilchen KHL(6” Abstand)
2x30m HPL 10/80 4kg
2x30m ZWL KHL 4kg
1x20 Keilchen KHL
2x30m SPL 10/80 4kg
2x40m ZWL Hinke 4kg
1x li, 1xre
1x20 Keilchen KHL
2x30m Pen 1 10/80 4kg
1 x li, 1 x re
Abläufe
2x30/40/50m Ablauf(druckvoll auf Technik, 85%)
P 2’, SP 8’",56,96,10.5,3 - Konzentriert,3 - Gut,2 - Anstrengend,,Stress,"Muskelkater, Krank, Knie R",Rechtes Bein schwach,,,,,,,,,,,2c155485-caa7-800b-8bbb-cc997fc10bed,"Dehnen, Kalte Dusche, Blackroll",,"Magnesium, Multivitamin, Zink, Ashwaghanda, Kreatin, Omega-3, B12, Vit D",Me-Time,"Unterbrechung, Bett geteilt, Hot-Shower",83.05,12.6,,,,,,,,,,,,,,,,,,,,,,,
10/7/2025,2025-10-07T16:21:00.000+02:00,Tuesday,2025-W41,Regeneration,NI,84,Franklin,,☀️ Nachmittag,FALSE,"1 Runde + Mobi + Kordi
3x3x100m NI",97,59,9.4,2 - Normal,2 - Okay,3 - Normal,,,,,,,,,,,,,,,2c055485-caa7-80d7-a22f-ebc222813768,"Outdoor-Time, Dehnen, Blackroll",,"Magnesium, Multivitamin, Zink, Ashwaghanda, Kreatin, Vit D",Beziehungsstress,"Unterbrechung, Gelesen, Bett geteilt, Hot-Shower, Schlafmaske",83.05,12.6,,,,,,,,,,,,,,,,,,,,,,,
10/6/2025,2025-10-06T16:57:00.000+02:00,Monday,2025-W41,Kraft,,82,MTG Halle,Halle,☀️ Nachmittag,FALSE,"Trapbar 6/6 70/80kg
French Contrast Training 3 Sätze
(Trapbar 3x 120g
4x Drop Box jumps
4x Hantelsprünge 30kg
4x Assisted Jumps)
3x8 Hipthrust 60kg
3x8 Aufroller
3x8 je Seite Ausfallschritte 20kg
3x15 Liegestütz
3x6 Nordic Hamstrings
3x15 Wade 40/50/50kg",86,100,15.9,3 - Konzentriert,3 - Gut,2 - Anstrengend,,Frisch,Knie R,"Knie bei Sprüngen gemerkt, FCT sehr interessant",,76,132,,,,,,,,2c055485-caa7-800a-8291-e5a830c19e86,"Dehnen, Blackroll",,"Magnesium, Multivitamin, Zink, Ashwaghanda, Kreatin, B12, Vit D",,"Bett geteilt, Hot-Shower, Schlafmaske",82.45,12.5,,,,,,,,,,,,,,,,,,,,,,,
10/5/2025,2025-10-05,Sunday,2025-W41,Frei,,0,,,,FALSE,,49,95,7.1,,,,,,Krank,,,,,,,,,,,,2c055485-caa7-804b-b30c-fea1bd432175,"Libido, Dehnen, Blackroll",,"Magnesium, Zink, Ashwaghanda, Kreatin, Vit D",,"Bett geteilt, Hot-Shower, Schlafmaske",82.45,12.6,,,,,,,,,,,,,,,,,,,,,,,
10/4/2025,2025-10-04T16:26:00.000+02:00,Saturday,2025-W40,Ausdauer,Sekundenläufe,149,MTG Halle,,☀️ Nachmittag,FALSE,"2x6x100m(ganz easy) - 50m GP
Gymnastik
4x10 Hürdenkoordination
4x2x6 HüSprünge bb mit ZH
Hürden ganz niedrig - Sprünge entspannt koordinativ
80 Medballwürfe
Sekundenlaufe 3x30""/45""/60""100m-Tempo 20""/21""/22""LP 2', SP 8’",55,97,13.7,2 - Normal,1 - Schlecht,1 - Hoch,,,Verdauung,,,,,,,,,,,,2c055485-caa7-804c-96b4-f2cb47d7fff6,"Dehnen, Blackroll",,"Magnesium, Ashwaghanda, Kreatin, Vit D",,"Bett geteilt, Zahnspange, Hot-Shower, Schlafmaske",83,12.6,,,,,,,,,,,,,,,,,,,,,,,
10/3/2025,2025-10-03,Friday,2025-W40,Frei,,0,,,,FALSE,,62,89,5.5,,,,,,Verdauung,,,,,,,,,,,,2c055485-caa7-8016-9c6c-ca802528a878,"Urlaub, Outdoor-Time",,Koffein,"Reisestress, Me-Time",Anderes Bett,,,,,,,,,,,,,,,,,,,,,,,,,
10/2/2025,2025-10-02,Thursday,2025-W40,Frei,,0,,,,FALSE,,83,87,8.2,,,,,,Verdauung,,,,,,,,,,,,2c055485-caa7-8004-b1ae-e3b5adeea310,"Urlaub, Libido, Outdoor-Time, Verdauungsspaziergang",,Koffein,Me-Time,Anderes Bett,,,,,,,,,,,,,,,,,,,,,,,,,
10/1/2025,2025-10-01,Wednesday,2025-W40,Frei,,0,,,,FALSE,,56,96,9.9,,,,,,Verdauung,,,,,,,,,,,,2bf55485-caa7-80ff-8cbb-e05f981caf93,"Urlaub, Outdoor-Time, Verdauungsspaziergang",,,Me-Time,Anderes Bett,,,,,,,,,,,,,,,,,,,,,,,,,
9/30/2025,2025-09-30,Tuesday,2025-W40,Frei,,0,,,,FALSE,,66,91,6.2,,,,,,Verdauung,,,,,,,,,,,,2bf55485-caa7-80de-ac7b-c1986b2e96b4,"Libido, Outdoor-Time, Verdauungsspaziergang, Urlaub",,Koffein,"Me-Time, Reisestress",Anderes Bett,,,,,,,,,,,,,,,,,,,,,,,,,
9/29/2025,2025-09-29,Monday,2025-W40,Frei,,0,,,,FALSE,,60,88,8.4,,,,,,,,,,,,,,,,,,2bf55485-caa7-80a6-a052-f43411a1f684,"Libido, Outdoor-Time, Kalte Dusche, Verdauungsspaziergang, Urlaub",,Koffein,Me-Time,"Anderes Bett, Hot-Shower",,,,,,,,,,,,,,,,,,,,,,,,,
9/28/2025,2025-09-28,Sunday,2025-W40,Frei,,0,,,,FALSE,,58,90,7.7,,,,,,"Kopfschmerzen, Muskelkater",,,,,,,,,,,,2bf55485-caa7-807d-98ba-d16bec6efe4a,"Urlaub, Outdoor-Time, Verdauungsspaziergang",,,"Me-Time, Reisestress","Bett geteilt, Hot-Shower, Schlafmaske",83.95,12.8,,,,,,,,,,,,,,,,,,,,,,,
9/27/2025,2025-09-27T16:54:00.000+02:00,Saturday,2025-W39,Regeneration,"Joggen, NI",52,,,☀️ Nachmittag,FALSE,"2x6min joggen
3x4x100m NI",83,92,11.2,1 - Unkonzentriert,2 - Okay,2 - Anstrengend,,,Verdauung,,,,,,,,,,,,2bf55485-caa7-80b9-9864-f4215f315856,"Libido, Outdoor-Time",,"Magnesium, Ashwaghanda, Kreatin, B12, Vit D",,"Unterbrechung, Bett geteilt, Zahnspange, Hot-Shower, Nasenpflaster, Schlafmaske",84.45,12.7,,,,,,,,,,,,,,,,,,,,,,,
9/26/2025,2025-09-26T17:08:00.000+02:00,Friday,2025-W39,Ausdauer,Sekundenläufe,117,,,☀️ Nachmittag,FALSE,"2x6x100m(ganz easy) - 50m GP
Gymnastik
4x10 Hurdenkoordination
4x2x6 HüSprünge bb mit ZH
Hürden ganz niedrig - Sprünge entspannt koordinativ
80 Medballwürfe
Sekundenlaufe3x30""/45""/60""100m-Tempo 20""/21""/22""LP 2', SP 8’",89,87,13.5,3 - Konzentriert,3 - Gut,2 - Anstrengend,,,Verdauung,,,,,,,,,,,,2bf55485-caa7-80ea-940d-ee6c62fc0d1c,"Libido, Outdoor-Time, Dehnen, Blackroll",,"Magnesium, Ashwaghanda, Kreatin, B12, Vit D",,"Unterbrechung, Gelesen, Bett geteilt, Nasenpflaster, Schlafmaske, Kopfhörer",84.45,12.7,,,,,,,,,,,,,,,,,,,,,,,
9/25/2025,2025-09-25T17:35:00.000+02:00,Thursday,2025-W39,Kraft,,83,,,☀️ Nachmittag,FALSE,"Umsetzen 6/5/5/5/4 70/75/80/85/90kg
Adduktor/Abduktor 3x12 40kg
Aufsteiger 6/5/5/4/4 70/75/80/85/85kg
4x8 Klimmzüge
3x10 je Seite pallofpress 10kg
3x10 Langhantelrudern 30kg
4x8 Aufroller",63,83,15.2,,,,,,Verdauung,,102,,,102,,,,,,,2bf55485-caa7-804c-8489-c4ff82536a44,"Outdoor-Time, Blackroll",,"Magnesium, Ashwaghanda, Kreatin, Vit D","Beziehungsstress, Me-Time, Reisestress","Unterbrechung, Anderes Bett, Schlafmaske, Kopfhörer",,,,,,,,,,,,,,,,,,,,,,,,,
9/24/2025,2025-09-24,Wednesday,2025-W39,Frei,,0,,,,FALSE,,85,96,7.1,,,,,,Verdauung,,,,,,,,,,,,2bf55485-caa7-8006-894f-ec7e4f08f446,Outdoor-Time,,,"Me-Time, Reisestress","Unterbrechung, Schlafmaske",82.95,12.6,,,,,,,,,,,,,,,,,,,,,,,
9/23/2025,2025-09-23T17:18:00.000+02:00,Tuesday,2025-W39,Tempos,"Koordination, Tempos",61,,,☀️ Nachmittag,FALSE,"2x800m, Mobi, Kordi
3x30 HPL, Zieher, SPL
4x60m, 3x100m, 4x80m
LP: 2min SP: 8min",94,95,11,,,,,,Verdauung,,,,,,,,,,,,2bf55485-caa7-8023-ada9-df87ce8d7eec,"Zocken, Outdoor-Time",,"Magnesium, Ashwaghanda, Kreatin, Vit D",Me-Time,Schlafmaske,82.95,12.6,,,,,,,,,,,,,,,,,,,,,,,
9/22/2025,2025-09-22T17:32:00.000+02:00,Monday,2025-W39,Kraft,,77,,,☀️ Nachmittag,FALSE,"4x8 RDL 60kg
4x15 Wade 50kg
Trapbar 8/7/6/5/4 70/80/90/100/105kg
5x3 Boxjumps
4x8 Hipthrust 60kg
4x8 Aufroller
4x8 Ausfallschritte je Seite 20kg
4x12 Liegestütz",86,97,17.3,,,,,,Verdauung,,,76,119,,,,,,,,2a655485-caa7-8035-b250-d37b258c85fd,"Libido, Zocken",,"Magnesium, Ashwaghanda, Kreatin, Vit D",Me-Time,"Zahnspange, Schlafmaske",82.95,12.7,,,,,,,,,,,,,,,,,,,,,,,
9/21/2025,2025-09-21T17:47:00.000+02:00,Sunday,2025-W39,Ausdauer,Joggen,13,Wald Viernheim,Draußen - Regen,☀️ Nachmittag,FALSE,12min joggen (regenbedingt),79,100,10.4,3 - Konzentriert,3 - Gut,2 - Anstrengend,,Unmotiviert,Verdauung,Alleine wohnen und trainieren ist anstrengend,,,,,,,,,,,2a655485-caa7-809f-be98-c87484ab4416,"Libido, Zocken, Outdoor-Time",,"Magnesium, Ashwaghanda, Kreatin, Vit D",Me-Time,"Hot-Shower, Schlafmaske",83.25,12.8,,,,,,,,,,,,,,,,,,,,,,,
9/20/2025,2025-09-20,Saturday,2025-W38,Frei,,0,,,,FALSE,,57,92,4.8,,,,,,Verdauung,,,,,,,,,,,,2a655485-caa7-802e-b94d-e88abb309a4e,"Libido, Zocken, Dehnen, Blackroll",,"Magnesium, Ashwaghanda, Kreatin, Vit D",Me-Time,"Hot-Shower, Schlafmaske",82.95,12.6,,,,,,,,,,,,,,,,,,,,,,,
9/19/2025,2025-09-19T17:11:00.000+02:00,Friday,2025-W38,Ausdauer,Sekundenläufe,107,Mannheim,Draußen - Vergessen,☀️ Nachmittag,FALSE,"2x6x100m(ganz easy) - 50m GP
Gymnastik
4x10 Hurdenkoordination
4x2x6 HüSprünge bb mit ZH
Hürden ganz niedrig - Sprünge entspannt koordinativ.
80 Medballwürfe
Sekundenlaufe
3x30""""/45""""/60""""
100m-Tempo 20""""/21""""/22""""
LP 2', SP 8’",55,82,13.6,2 - Normal,3 - Gut,1 - Hoch,,,"Verdauung, Muskelkater",Nur 3 von 4 sätzen sekundenläufe geschafft,,,,,,,,,,,2a655485-caa7-8080-81fb-ecd5c7cd6860,"Libido, Outdoor-Time, Dehnen, Blackroll",,"Magnesium, Ashwaghanda, Kreatin, Vit D",Me-Time,"Unterbrechung, Hot-Shower, Schlafmaske",82.7,12.7,,,,,,,,,,,,,,,,,,,,,,,
9/18/2025,2025-09-18T13:41:00.000+02:00,Thursday,2025-W38,Kraft,,65,MTG Halle,Halle,☀️ Nachmittag,FALSE,"2min Radergometer
Umsetzen 6/5/5/4 70/75/80/85kg
Ab/Adduktor 3x12 40kg
Aufsteiger 6/5/5/4 70/75/80/85kg
Klimmzüge 4x6
Pallof Press 3x10 10kg
Langhantel Rudern 3x10 30kg
Hüftbeuger 4x6 60kg",67,94,15.4,3 - Konzentriert,3 - Gut,2 - Anstrengend,,,"Verdauung, Muskelkater",,90.7,,,93.5,,,,,,,2a655485-caa7-8066-ba56-ee04a3f0d7ba,Libido,,Kreatin,Me-Time,"Schlafmaske, Bett geteilt, Gelesen, Hot-Shower, Unterbrechung",,,,,,,,,,,,,,,,,,,,,,,,,
9/17/2025,2025-09-17,Wednesday,2025-W38,Frei,,0,,,,FALSE,,93,92,6,,,,,,"Verdauung, Muskelkater",,,,,,,,,,,,2a055485-caa7-8008-b78d-f832958b74f7,"Dehnen, Blackroll",,"Magnesium, Ashwaghanda, Kreatin, Vit D",,"Bett geteilt, Schlafmaske, Nasenpflaster, Gelesen",83.6,12.7,,,,,,,,,,,,,,,,,,,,,,,
9/16/2025,2025-09-16T17:44:00.000+02:00,Tuesday,2025-W38,"Regeneration, Sprung","NI, Koordination",62,Franklin,Draußen - Kalt,☀️ Nachmittag,FALSE,"2x800m, Mobi, Kordi
3x30 HPL, Zieher, SPL
4x60m, 3x100m, 4x80m
LP: 2min SP: 8min",62,94,12.4,2 - Normal,2 - Okay,3 - Normal,,,"Muskelkater, Sprungelenk L, Schienbein L","Nach Muskelkater eigentlich gute Einheit, aber Probleme am linken Bein ",,,,,,,,,,,2a055485-caa7-804a-8b74-c5472931ecec,"Libido, Dehnen, Blackroll",,"Magnesium, Ashwaghanda, Kreatin, Vit D",,"Bett geteilt, Schlafmaske, Gelesen",83,12.8,,,,,,,,,,,,,,,,,,,,,,,
9/15/2025,2025-09-15T18:06:00.000+02:00,Monday,2025-W38,Kraft,,76,MTG Halle,Halle,🌙 Abend,FALSE,"Trapbar 8/7/6/5 70/80/90/100kg
4x3 Box Jumps
3x8 RDL 60kg
3x15 Wade 50kg
4x8 Hip-Thrust 60kg
4x6 Aufroller
4x16 Ausfallschritte 20kg
4x10 Liegestütz",68,100,16.8,3 - Konzentriert,3 - Gut,1 - Hoch,,Frisch,"Muskelkater, Wade L, Wade R",Waden komplett am Ende,,76,116.7,,,,,,,,2a055485-caa7-8023-ae9c-e960880df1ea,"Dehnen, Blackroll",,"Koffein, Magnesium, Ashwaghanda, Kreatin",,"Bett geteilt, Gelesen",83,12.7,,,,,,,,,,,,,,,,,,,,,,,
9/14/2025,2025-09-14,Sunday,2025-W38,Frei,,0,,,,FALSE,40min Spaziergang,56,100,5.9,,,,,,"Kopfschmerzen, Muskelkater",,,,,,,,,,,,2a055485-caa7-8067-bd8d-cb93e33afa5e,"Dehnen, Blackroll",,Ashwaghanda,,"Bett geteilt, Gelesen",83,12.8,,,,,,,,,,,,,,,,,,,,,,,
9/13/2025,2025-09-13T16:45:00.000+02:00,Saturday,2025-W37,Tempos,Sekundenläufe,46,Mannheim,Draußen - Vergessen,☀️ Nachmittag,FALSE,"3x30""/45""/60""",97,98,8.8,2 - Normal,2 - Okay,1 - Hoch,,Frisch,Muskelkater,Lange keine langen Läufe mehr gemacht,,,,,,,,,,,2a055485-caa7-8033-9081-f5044630fcaf,"Libido, Dehnen, Blackroll",,"Magnesium, Ashwaghanda, Kreatin",Me-Time,"Bett geteilt, Nasenpflaster, Zahnspange, Unterbrechung",83,12.7,,,,,,,,,,,,,,,,,,,,,,,
9/12/2025,2025-09-12T16:12:00.000+02:00,Friday,2025-W37,Sprint,Beschleunigung,50,MTG Halle,Halle,☀️ Nachmittag,FALSE,"warm-up: 3x80m Steigerung, Mobi, Kordi
2x30/40/50m Beschleunigung",82,92,7.2,2 - Normal,2 - Okay,3 - Normal,,Frisch,"Lauftechnik, Muskelkater",Sprinten fühlt sich noch komisch an,,,,,,,,,,,2a055485-caa7-8094-a2ba-db31cd7f5a71,"Dehnen, Blackroll",,"Magnesium, Ashwaghanda, Kreatin",,Bett geteilt,83.3,12.8,,,,,,,,,,,,,,,,,,,,,,,
9/11/2025,2025-09-11T18:06:00.000+02:00,Thursday,2025-W37,Kraft,,93,MTG Halle,Halle,🌙 Abend,FALSE,"3x8 Splitsquad 40/40/50kg
3x10 Overhead Press 14kg
3x12 Hip-Thrust 60kg
3x10 Langhantel-Rudern 30kg
3x10 Pallof Press 10kg",94,91,13.4,1 - Unkonzentriert,3 - Gut,3 - Normal,,Frisch,Muskelkater,Filmen beim Training stört,,84,,,,,,,,,2a055485-caa7-80fa-9c1a-f4138a71001c,"Libido, Blackroll",,"Magnesium, Ashwaghanda",Beziehungsstress,Bett geteilt,83.75,12.6,,,,,,,,,,,,,,,,,,,,,,,
9/10/2025,2025-09-10T15:18:00.000+02:00,Wednesday,2025-W37,Sprung,Absprung,54,MS Halle,Halle,☀️ Nachmittag,FALSE,"warm-up: 1 Runde + Mobi
4x6 Hürdenkordi
Kordi
4x Penultimate Step Drill 4 Hütchen (1.65m/1.95m/1.35m)
4x3er Anlauf
2x8 Medball schocken / seitlich
2x80m NI",74,93,11.8,1 - Unkonzentriert,1 - Schlecht,3 - Normal,,"Müde, Stress","Beuger R, Rhythmus, Verdauung, Muskelkater",3er Anlauf einfacher als Pen Drills,,,,,,,,,,,2a055485-caa7-8021-a0d1-da753ce4c417,,,Koffein,"Reisestress, Me-Time","Anderes Bett, Unterbrechung",,,,,,,,,,,,,,,,,,,,,,,,,
9/9/2025,2025-09-09T16:29:00.000+02:00,Tuesday,2025-W37,Ausdauer,Ergometer,42,MTG Halle,Halle,☀️ Nachmittag,FALSE,"20min Radergometer 100Watt 60 U/min
5min Pause
10min Ruderergometer 2:30min/500m",89,98,9,1 - Unkonzentriert,2 - Okay,3 - Normal,,Müde,Muskelkater,Anstrengend aber machbar,,,,,,,,,,,2a055485-caa7-807f-8f27-d24bcc8cfdd2,"Libido, Verdauungsspaziergang",,,"Reisestress, Beziehungsstress, Me-Time","Unterbrechung, Bett geteilt",82.8,12.7,,,,,,,,,,,,,,,,,,,,,,,
9/8/2025,2025-09-08T17:41:00.000+02:00,Monday,2025-W37,Kraft,,195,MTG Halle,Halle,☀️ Nachmittag,FALSE,"3x8 Squat 60/70/80
3x8 Bankdrücken 50kg
3x10 RDL 60kg
3x8 Klimmzüge
3x30s je Seite Wade 40kg
3x5 cable wood chops",94,100,13.9,,,,2 - Wenig,Frisch,Unterer Rücken,,,,,,,,,,,,29f55485-caa7-808b-8559-f2d314ba5ea1,"Libido, Dehnen, Blackroll",,"Koffein, Ashwaghanda",,"Bett geteilt, Nasenpflaster",83.1,12.7,,,,,,,,,,,,,,,,,,,,,,,
9/7/2025,2025-09-07T10:21:00.000+02:00,Sunday,2025-W37,Frei,,109,Mannheim Park,Draußen - Sonnig,🌅 Vormittag,FALSE,2h Pickleball mit Timo,52,100,13.4,4 - Flow,4 - Super,2 - Anstrengend,,Gut gelaunt,,"Gut, mal was anderes zu machen",,,,,,,,,,,29f55485-caa7-80e8-b1e1-f03be141fec5,Blackroll,,"Ashwaghanda, B12",Freunde,"Bett geteilt, Nasenpflaster, Unterbrechung",82.85,12.6,,,,,,,,,,,,,,,,,,,,,,,
9/6/2025,2025-09-06T18:15:00.000+02:00,Saturday,2025-W36,Ausdauer,Joggen,24,Wald Viernheim,Draußen - Vergessen,🌙 Abend,FALSE,2x10min Joggen mit 5min Gehpause,49,98,10.7,2 - Normal,3 - Gut,3 - Normal,,Krank,,Besser als gedacht,,,,,,,,,,,29f55485-caa7-80e6-b839-dcb9dec0f904,Blackroll,,Ashwaghanda,Beziehungsstress,"Unterbrechung, Bett geteilt, Nasenpflaster",82.85,12.7,,,,,,,,,,,,,,,,,,,,,,,
9/5/2025,2025-09-05T17:15:00.000+02:00,Friday,2025-W36,Kraft,,57,MTG Halle,Halle,☀️ Nachmittag,FALSE,"3x10 Goblet Squat 15/20/30kg
3x8 Klimmzüge
3x15 Wade je Seite 40kg
3x 2min plank Drehungen",58,99,13,2 - Normal,2 - Okay,3 - Normal,,Krank,Kopfschmerzen,,,,,,,,,,,,29f55485-caa7-8096-85d0-fc5add5dad80,Blackroll,,"Ashwaghanda, B12",Beziehungsstress,"Bett geteilt, Nasenpflaster",82.6,12.7,,,,,,,,,,,,,,,,,,,,,,,
9/4/2025,2025-09-04T17:38:00.000+02:00,Thursday,2025-W36,Regeneration,"Plyos, NI",70,Franklin,Draußen - Vergessen,☀️ Nachmittag,FALSE,"3x3x100m NI (18-20"""")
LP: zurücklaufen
SP: 6min
SP1: 3x20 Ankle Hops
SP2: 4x6 Hürdenkordi",68,99,7.9,1 - Unkonzentriert,1 - Schlecht,3 - Normal,,Krank,"Knie R, Kopfschmerzen",,,,,,,,,,,,29e55485-caa7-80c6-995e-ec55647452bf,Blackroll,,"Ashwaghanda, B12",Beziehungsstress,"Bett geteilt, Nasenpflaster, Unterbrechung",84.15,12.9,,,,,,,,,,,,,,,,,,,,,,,
9/3/2025,2025-09-03T18:55:00.000+02:00,Wednesday,2025-W36,Regeneration,NI,18,Wald Viernheim,Draußen - Vergessen,🌙 Abend,FALSE,2x4x60m NI,68,100,9.1,1 - Unkonzentriert,1 - Schlecht,2 - Anstrengend,,"Krank, Stress",,Viel zu schnell gelaufen,,,,,,,,,,,29e55485-caa7-80b0-b0bd-ed6c659e12ff,Libido,,"Koffein, Ashwaghanda, B12","Zeitstress, Beziehungsstress","Bett geteilt, Nasenpflaster, Zahnspange, Unterbrechung",84.15,13.1,,,,,,,,,,,,,,,,,,,,,,,
9/2/2025,2025-09-02,Tuesday,2025-W36,Frei,,0,,,,FALSE,,79,100,5.7,,,,,Krank,,,,,,,,,,,,,29d55485-caa7-80d8-9357-c1a6b2123bce,Blackroll,,"Koffein, Ashwaghanda",,"Unterbrechung, Bett geteilt, Nasenpflaster",,,,,,,,,,,,,,,,,,,,,,,,,
9/1/2025,2025-09-01T14:33:00.000+02:00,Monday,2025-W36,Kraft,,33,MTG Halle,Halle,☀️ Nachmittag,FALSE,"2x8 Beinpresse 115kg
2x6 SL RDL 40kg
2x8 Hip thrust
2x30s Wade exzentrisch 40kg1min plank",75,100,6.9,2 - Normal,2 - Okay,2 - Anstrengend,1 - Keine,Krank,"Verspannt, Kopfschmerzen","Körper braucht noch Zeit
BP instabil
RDL Zug Quadratus links",,76,,,,,,,,,29c55485-caa7-801d-82cb-de5e2f337561,"Blackroll, Massage-Gun",,"Multivitamin, Ashwaghanda",,Late Meal,84.15,12.8,,,,,,,,,,,,,,,,,,,,,,,
8/31/2025,2025-08-31,Sunday,2025-W36,Frei,,0,MTG Halle,,,FALSE,,57,94,5.8,,,,,,,,,,,,,,,,,,33955485-caa7-8031-a079-da2381d656d8,,,Ashwaghanda,,Late Meal,83.35,12.6,,,,,,,,,,,,,,,,,,,,,,,
8/30/2025,2025-08-30,Saturday,2025-W35,Frei,,0,,,,FALSE,,59,86,5.2,,,,,,,,,,,,,,,,,,33955485-caa7-8094-ac17-d8310b582530,Libido,,"Koffein, Ashwaghanda",,Late Meal,83.7,12.8,,,,,,,,,,,,,,,,,,,,,,,
8/29/2025,2025-08-29T18:14:00.000+02:00,Friday,2025-W35,Ausdauer,Joggen,16,,,🌙 Abend,FALSE,,49,100,9.7,,,,,,,,,,,,,,,,,,33955485-caa7-807c-b25c-d6562e19f175,"Outdoor-Time, Spaziergang, Libido",,"Koffein, Ashwaghanda",,Late Meal,85,13.2,,,,,,,,,,,,,,,,,,,,,,,
8/28/2025,2025-08-28,Thursday,2025-W35,Frei,,0,,,,FALSE,,48,100,5.9,,,,,,,,,,,,,,,,,,33955485-caa7-80ce-a45c-f2790af5e754,"Spaziergang, Outdoor-Time",,Ashwaghanda,Beziehungsstress,Late Meal,,,,,,,,,,,,,,,,,,,,,,,,,
8/27/2025,2025-08-27,Wednesday,2025-W35,Frei,,0,,,,FALSE,,68,95,5,,,,,,,,,,,,,,,,,,33955485-caa7-805e-ac4e-d216ce12335e,"Libido, Dehnen",,,Beziehungsstress,Late Meal,,,,,,,,,,,,,,,,,,,,,,,,,
8/26/2025,2025-08-26,Tuesday,2025-W35,Frei,,0,,,,FALSE,,73,92,5.2,,,,,,,,,,,,,,,,,,33955485-caa7-809b-b40a-dd327e8cd961,,,,Beziehungsstress,Late Meal,,,,,,,,,,,,,,,,,,,,,,,,,
8/25/2025,2025-08-25,Monday,2025-W35,Frei,,0,,,,FALSE,,61,86,7.6,,,,,,,,,,,,,,,,,,33955485-caa7-805c-a990-c192faa1afa0,,,,,Late Meal,,,,,,,,,,,,,,,,,,,,,,,,,
8/24/2025,2025-08-24,Sunday,2025-W35,Frei,,0,,,,FALSE,,88,80,4.1,,,,,,,,,,,,,,,,,,33955485-caa7-803f-97ae-f8ddaff5ff43,Libido,,Koffein,,Late Meal,,,,,,,,,,,,,,,,,,,,,,,,,
8/23/2025,2025-08-23T13:48:00.000+02:00,Saturday,2025-W34,Wettkampf,,192,Berlin Reinickendorf,Draußen - Regen,☀️ Nachmittag,FALSE,Weit: 7.60m +0.0m/s,55,99,13.5,,,,,,,,,,,,7.60,,,,,,2cc55485-caa7-802c-8a5e-e9084997196c,,,"Koffein, Elektrolyte","Reisestress, Me-Time, Freunde",Anderes Bett,,,,,,,,,,,,,,,,,,,,,,,,,
8/22/2025,2025-08-22T11:52:00.000+02:00,Friday,2025-W34,Auftakt,,42,MTG Halle,,🌅 Vormittag,FALSE,,64,98,10.3,,,,,,,,,,,,,,,,,,33955485-caa7-8008-88ff-f2a35f21a4bc,"Spaziergang, Outdoor-Time, Libido, Dehnen",,"Koffein, Elektrolyte","Reisestress, Me-Time",Late Meal,,,,,,,,,,,,,,,,,,,,,,,,,
8/21/2025,2025-08-21,Thursday,2025-W34,Frei,,0,,,,FALSE,,75,96,4.8,,,,,,,,,,,,,,,,,,33955485-caa7-8049-95f4-e5c2f31be1e7,"Physio, Dehnen",,Elektrolyte,,Late Meal,,,,,,,,,,,,,,,,,,,,,,,,,
8/20/2025,2025-08-20T08:40:00.000+02:00,Wednesday,2025-W34,,,80,MTG Halle,,,FALSE,,85,88,11.5,,,,,,,,,,,,,,,,,,33955485-caa7-8057-8485-ee7b57014b21,"Lympho, Physio, Dehnen, Kalte Dusche",,Koffein,,Late Meal,,,,,,,,,,,,,,,,,,,,,,,,,
8/19/2025,2025-08-19T15:51:00.000+02:00,Tuesday,2025-W34,,,143,MTG Halle,,☀️ Nachmittag,FALSE,,63,95,11.8,,,,,,,,,,,,,,,,,,33955485-caa7-808f-856d-c417d6bebfac,"Verdauungsspaziergang, Outdoor-Time, Dehnen, Kalte Dusche",,Koffein,,Late Meal,,,,,,,,,,,,,,,,,,,,,,,,,
8/18/2025,2025-08-18T18:09:00.000+02:00,Monday,2025-W34,Kraft,,93,MTG Halle,Halle,🌙 Abend,FALSE,"Hüftbeuger 8/7/6 70/80/90kg
Trapbar 3/3/2/2 105/110/115/120kg
Aufroller 3x6
Umsetzen 4x2 90/100/105/110kg
Beuger spezial 3x6
Aufsteiger 3/3/2/2/2 80/90/100/110/120kg
Box-Jump 3x3",60,90,14.6,,,,,,,,128,,128,117.3,,,,,,,33955485-caa7-802e-aea7-de8c4e598ef0,"Libido, Dehnen",,Koffein,Beziehungsstress,Late Meal,82,,,,,,,,,,,,,,,,,,,,,,,,
8/17/2025,2025-08-17T15:51:00.000+02:00,Sunday,2025-W34,,,87,MTG Halle,,☀️ Nachmittag,FALSE,,46,97,7.6,,,,,,,,,,,,,,,,,,33955485-caa7-801c-bbd5-cb2907700078,"Libido, Dehnen, Kalte Dusche",,Koffein,,Late Meal,,,,,,,,,,,,,,,,,,,,,,,,,
8/16/2025,2025-08-16T18:07:00.000+02:00,Saturday,2025-W33,,,51,Franklin,,🌙 Abend,FALSE,,77,87,7.5,,,,,,,,,,,,,,,,,,33955485-caa7-8040-96a0-e27f4746bdd8,Dehnen,,Koffein,Beziehungsstress,Late Meal,,,,,,,,,,,,,,,,,,,,,,,,,
8/15/2025,2025-08-15,Friday,2025-W33,Frei,,0,,,,FALSE,,73,82,4.9,,,,,,,,,,,,,,,,,,33955485-caa7-80e3-9b6e-f599702df87f,Dehnen,,Koffein,"Reisestress, Me-Time","Late Meal, Anderes Bett",,,,,,,,,,,,,,,,,,,,,,,,,
8/14/2025,2025-08-14T18:00:00.000+02:00,Thursday,2025-W33,Wettkampf,,152,Guadalajara,Draußen - Sonnig,🌙 Abend,FALSE,Weit: 7.88m +0.0m/s,54,93,12.9,,,,,,,,,,,,7.88,,,,,,2cc55485-caa7-80e4-885c-ecfc57e310f6,Libido,,"Koffein, Elektrolyte","Freunde, Me-Time","Late Meal, Anderes Bett",,,,,,,,,,,,,,,,,,,,,,,,,
8/13/2025,2025-08-13T19:04:00.000+02:00,Wednesday,2025-W33,Auftakt,,51,Guadalajara,Draußen - Sonnig,🌙 Abend,FALSE,,60,100,7.6,,,,,,,,,,,,,,,,,,33955485-caa7-80f3-954c-e7cef1d2a18b,"Dehnen, Kalte Dusche",,"Koffein, Elektrolyte","Freunde, Me-Time, Reisestress",,,,,,,,,,,,,,,,,,,,,,,,,,
8/12/2025,2025-08-12,Tuesday,2025-W33,Frei,,0,MTG Halle,,,FALSE,,43,100,5.2,,,,,,,,,,,,,,,,,,33955485-caa7-8086-b279-ca6984014eae,"Lympho, Libido, Dehnen, Kalte Dusche",,"Koffein, Elektrolyte",Beziehungsstress,Late Meal,,,,,,,,,,,,,,,,,,,,,,,,,
8/11/2025,2025-08-11T18:07:00.000+02:00,Monday,2025-W33,Kraft,,88,,,🌙 Abend,FALSE,"Trapbar 3x2 100/110/120kg
Umsetzen 3x2 80/85/90kg
Aufroller 2x6
Liegestütz 2x10
Aufsteiger 3x3 100/105/110kg",70,100,13,,,,,,,,121,,128,96,,,,,,,33955485-caa7-801c-8420-fd9d04e26f12,Dehnen,,Koffein,"Beziehungsstress, Reisestress",Late Meal,,,,,,,,,,,,,,,,,,,,,,,,,
8/10/2025,2025-08-10,Sunday,2025-W33,Frei,,0,,,,FALSE,,69,97,6.5,,,,,,,,,,,,,,,,,,33955485-caa7-80f1-a268-c9f7d43f180c,"Verdauungsspaziergang, Outdoor-Time, Dehnen",,Koffein,Beziehungsstress,Late Meal,,,,,,,,,,,,,,,,,,,,,,,,,
8/9/2025,2025-08-09T10:07:00.000+02:00,Saturday,2025-W32,,,74,Weinheim,,🌅 Vormittag,FALSE,,62,99,7.6,,,,,,,,,,,,,,,,,,33955485-caa7-8024-bd31-f164c25753c7,Dehnen,,,"Beziehungsstress, Reisestress",Late Meal,,,,,,,,,,,,,,,,,,,,,,,,,
8/8/2025,2025-08-08T13:31:00.000+02:00,Friday,2025-W32,,,134,MTG Halle,,☀️ Nachmittag,FALSE,,68,100,9.4,,,,,,,,,,,,,,,,,,33955485-caa7-805d-a680-e388699a6fa4,"Libido, Dehnen",,,Beziehungsstress,Late Meal,,,,,,,,,,,,,,,,,,,,,,,,,
8/7/2025,2025-08-07T17:15:00.000+02:00,Thursday,2025-W32,Kraft,,74,MTG Halle,Halle,☀️ Nachmittag,FALSE,"Armarbeit spezial 3x20 7kg
RDL 4x3 80/90/100/110kg
Adduktor 3x10 50kg
Abduktor 3x10 50kg
Umsetzen 4x2 80/85/90/95kg
Wade 3x10 60kg
Aufsteiger 5x3 80/90/100/120/125kg
Box-Jump 3x4",91,95,16,,,,,,,,137.5,,,101.3,,,,,,,33955485-caa7-8067-9989-ce338977b145,"Libido, Physio, Dehnen",,Koffein,,Late Meal,,,,,,,,,,,,,,,,,,,,,,,,,
8/6/2025,2025-08-06T11:34:00.000+02:00,Wednesday,2025-W32,,,136,MTG Halle,,🌅 Vormittag,FALSE,,75,89,9.2,,,,,,,,,,,,,,,,,,33955485-caa7-80ac-bd19-cda7189116ab,"Lympho, Physio, Dehnen",,,,Late Meal,,,,,,,,,,,,,,,,,,,,,,,,,
8/5/2025,2025-08-05T16:35:00.000+02:00,Tuesday,2025-W32,,,118,MTG Halle,,☀️ Nachmittag,FALSE,,64,85,9.9,,,,,,,,,,,,,,,,,,33955485-caa7-80e4-b9eb-c4badcefb52b,Kalte Dusche,,Koffein,Beziehungsstress,,83.85,,,,,,,,,,,,,,,,,,,,,,,,
8/4/2025,2025-08-04T15:07:00.000+02:00,Monday,2025-W32,Kraft,,70,MTG Halle,Halle,☀️ Nachmittag,FALSE,"Aufroller 3x8
Trapbar 4/3/2/2/2 100/105/110/115/115kg
Liegestütz 3x12
Aufsteiger 4/3/2/2/2 80/90/100/110/120kg
Hüftbeuger 10/8/7 70/80/90kg
Beuger spezial 3x6",54,82,13.2,,,,,,,,128,,122.7,,,,,,,,33955485-caa7-8077-8cfc-c98143979935,,,,Beziehungsstress,Late Meal,,,,,,,,,,,,,,,,,,,,,,,,,
8/3/2025,2025-08-03,Sunday,2025-W32,Frei,,0,,,,FALSE,,66,85,13.3,,,,,,,,,,,,,,,,,,33955485-caa7-8065-ba3a-f9f59d743155,Libido,,Koffein,"Reisestress, Freunde","Late Meal, Anderes Bett",,,,,,,,,,,,,,,,,,,,,,,,,
8/2/2025,2025-08-02T15:10:00.000+02:00,Saturday,2025-W31,Wettkampf,,195,Dresden,,☀️ Nachmittag,TRUE,Weit: 7.73m -0.6m/s,61,97,16.2,,,,,,,,,,,,7.73,,,,,,2cc55485-caa7-80d2-a3e2-d8659a944861,"Libido, Physio, Dehnen",,"Koffein, Elektrolyte","Beziehungsstress, Freunde, Me-Time","Late Meal, Anderes Bett",,,,,,,,,,,,,,,,,,,,,,,,,
8/1/2025,2025-08-01T21:57:00.000+02:00,Friday,2025-W31,,,60,,,🌙 Abend,FALSE,,50,98,10.4,,,,,,,,,,,,,,,,,,33955485-caa7-80de-922c-d62b8f63b0d6,"Outdoor-Time, Verdauungsspaziergang",,Elektrolyte,"Beziehungsstress, Freunde, Reisestress, Me-Time",Late Meal,84.15,,,,,,,,,,,,,,,,,,,,,,,,
7/31/2025,2025-07-31,Thursday,2025-W31,Frei,,0,,,,FALSE,,76,95,7.4,,,,,,,,,,,,,,,,,,33955485-caa7-8057-814c-f875de7a708c,"Physio, Dehnen",,Elektrolyte,Beziehungsstress,Late Meal,84.8,,,,,,,,,,,,,,,,,,,,,,,,
7/30/2025,2025-07-30T16:17:00.000+02:00,Wednesday,2025-W31,,,142,MTG Halle,,☀️ Nachmittag,FALSE,,97,99,9.2,,,,,,,,,,,,,,,,,,33955485-caa7-80e3-9da7-d56e851ee088,"Physio, Kalte Dusche",,"Koffein, Elektrolyte",,,84.55,,,,,,,,,,,,,,,,,,,,,,,,
7/29/2025,2025-07-29T17:00:00.000+02:00,Tuesday,2025-W31,Kraft,,90,MTG Halle,Halle,☀️ Nachmittag,FALSE,"Trapbar 4x2 100/105/110/115kg
Umsetzen 3x2 70/80/90kg
Aufroller 3x6
Beuger spezial 3x6
Hüftbeuger 7/6/5 70/80/90kg
Liegestütz 3x12
Aufsteiger 5x2 100/110/115/120/110kg
Tscherbakis 3x6",95,93,12.5,,,,,,,,117.3,,122.7,96,,,,,,,33955485-caa7-80fa-81d2-c59f8f3f6a0b,"Verdauungsspaziergang, Outdoor-Time, Kalte Dusche",,,,Bett geteilt,84.35,,,,,,,,,,,,,,,,,,,,,,,,
7/28/2025,2025-07-28,Monday,2025-W31,Frei,,0,,,,FALSE,,96,85,7,,,,,,,,,,,,,,,,,,33955485-caa7-8016-8645-f3251e735b7d,,,,"Reisestress, Me-Time, Freunde",Anderes Bett,,,,,,,,,,,,,,,,,,,,,,,,,
7/27/2025,2025-07-27T11:37:00.000+02:00,Sunday,2025-W31,Wettkampf,,108,Bochum,,🌅 Vormittag,FALSE,4x100m: 39.46s,58,82,12.8,,,,,,,,,,,,,,,,,,33955485-caa7-8029-8e6c-c463eb7dd154,"Libido, Dehnen, Outdoor-Time",⭐⭐⭐ Diszipliniert,"Koffein, Elektrolyte","Freunde, Me-Time","Late Meal, Anderes Bett",,,,,,,,,,,,,,,,,,,,,,,,,
7/26/2025,2025-07-26T18:05:00.000+02:00,Saturday,2025-W30,Wettkampf,,145,Bochum,,🌙 Abend,FALSE,4x100m: 39.63s,83,91,13.4,,,,,,,,,,,,,,,,,,33955485-caa7-807f-a26d-f760978f9861,"Libido, Physio, Outdoor-Time",⭐⭐⭐ Diszipliniert,"Koffein, Elektrolyte","Freunde, Me-Time","Late Meal, Anderes Bett",,,,,,,,,,,,,,,,,,,,,,,,,
7/25/2025,2025-07-25,Friday,2025-W30,Frei,,0,,,,FALSE,,39,72,10.2,,,,,,,,,,,,,,,,,,33955485-caa7-8086-8299-f32919c3b3fd,"Outdoor-Time, Libido",⭐⭐⭐ Diszipliniert,,"Freunde, Me-Time, Reisestress","Late Meal, Anderes Bett",,,,,,,,,,,,,,,,,,,,,,,,,
7/24/2025,2025-07-24T16:18:00.000+02:00,Thursday,2025-W30,Wettkampf,,252,Bochum,Draußen - Sonnig,☀️ Nachmittag,TRUE,Weit: 7.96m -0.1m/s,61,87,17.5,,,,,,,,,,,,7.96,,,,,,2cc55485-caa7-80b9-b180-cd1921efa54e,"Verdauungsspaziergang, Outdoor-Time, Libido, Physio, Dehnen",⭐⭐⭐ Diszipliniert,"Koffein, Elektrolyte","Freunde, Me-Time, Beziehungsstress",Anderes Bett,,,,,,,,,,,,,,,,,,,,,,,,,
7/23/2025,2025-07-23T16:00:00.000+02:00,Wednesday,2025-W30,Wettkampf,,180,Bochum,Draußen - Sonnig,☀️ Nachmittag,TRUE,Weit: 7.96m +1.0m/s,48,100,12.3,,,,,,,,,,,,7.96,,,,,,2cc55485-caa7-804a-bd1d-e3bf850f00e6,"Physio, Dehnen, Outdoor-Time",⭐⭐⭐ Diszipliniert,"Koffein, Elektrolyte","Freunde, Me-Time","Late Meal, Anderes Bett",,,,,,,,,,,,,,,,,,,,,,,,,
7/22/2025,2025-07-22,Tuesday,2025-W30,Frei,,0,,,,FALSE,,54,100,11.7,,,,,,,,,,,,,,,,,,33955485-caa7-809a-9a9b-dac96014ee75,"Physio, Dehnen, Outdoor-Time",⭐⭐⭐ Diszipliniert,"Koffein, Elektrolyte","Freunde, Me-Time","Late Meal, Anderes Bett",,,,,,,,,,,,,,,,,,,,,,,,,
7/21/2025,2025-07-21,Monday,2025-W30,Frei,,0,,,,FALSE,,72,99,7.3,,,,,,,,,,,,,,,,,,33955485-caa7-8004-8dde-f894ecfaba2d,"Physio, Dehnen, Outdoor-Time",⭐⭐⭐ Diszipliniert,Elektrolyte,"Freunde, Me-Time",Anderes Bett,,,,,,,,,,,,,,,,,,,,,,,,,
7/20/2025,2025-07-20T11:07:00.000+02:00,Sunday,2025-W30,,,69,,,🌅 Vormittag,FALSE,,52,94,10.3,,,,,,,,,,,,,,,,,,33955485-caa7-8038-83bc-e729b719ecd2,"Libido, Physio, Dehnen, Kalte Dusche, Outdoor-Time",⭐⭐⭐ Diszipliniert,"Koffein, Elektrolyte","Beziehungsstress, Me-Time, Freunde","Late Meal, Anderes Bett",,,,,,,,,,,,,,,,,,,,,,,,,
7/19/2025,2025-07-19T18:11:00.000+02:00,Saturday,2025-W29,,,162,Bochum,,🌙 Abend,FALSE,,77,97,10.7,,,,,,,,,,,,,,,,,,33955485-caa7-80ae-bcc1-f91f57adc202,"Libido, Kalte Dusche",,"Koffein, Elektrolyte","Freunde, Me-Time","Late Meal, Anderes Bett",,,,,,,,,,,,,,,,,,,,,,,,,
7/18/2025,2025-07-18T11:20:00.000+02:00,Friday,2025-W29,Kraft,,72,MTG Halle,Halle,🌅 Vormittag,FALSE,"Armarbeit spezial 3x20 7kg
Umsetzen 2/2/1/1/1 90/100/105/110/115kg
Hüftbeuger 3x6 70/80/90kg
Wade 3x8 60kg
Splitsquat 3/3/2/2/1 50/55/60/65/70kg
Hantelsprünge 3x3 50/52.5/55kg
Box-Jumps 3x2",92,97,13.1,,,,,,,,,,,118.8,,,,,,,33955485-caa7-80c3-ae56-cc5ccedd4d69,"Libido, Dehnen",,,"Reisestress, Me-Time",Anderes Bett,85.35,,,,,,,,,,,,,,,,,,,,,,,,
7/17/2025,2025-07-17T17:15:00.000+02:00,Thursday,2025-W29,,,121,MTG Halle,,☀️ Nachmittag,FALSE,,49,79,7.9,,,,,,,,,,,,,,,,,,33955485-caa7-80f9-8b4a-e0fc9fd10e85,"Verdauungsspaziergang, Outdoor-Time, Lympho, Physio, Kalte Dusche",,,"Reisestress, Me-Time","Late Meal, Anderes Bett",,,,,,,,,,,,,,,,,,,,,,,,,
7/16/2025,2025-07-16,Wednesday,2025-W29,Frei,,0,,,,FALSE,,65,93,7.8,,,,,,,,,,,,,,,,,,33955485-caa7-8060-8d4e-f4351ab979c0,,,,"Reisestress, Me-Time, Freunde",Anderes Bett,84.35,,,,,,,,,,,,,,,,,,,,,,,,
7/15/2025,2025-07-15T15:30:00.000+02:00,Tuesday,2025-W29,,,165,MTG Halle,,☀️ Nachmittag,TRUE,,65,92,11.4,,,,,,,,,,,,,,,,,,33955485-caa7-80c1-b577-e4c88d8ac2a4,"Lympho, Dehnen",,"Koffein, Elektrolyte",Freunde,"Gelesen, Bett geteilt, Nasenpflaster, Schlafmaske",84.75,,,,,,,,,,,,,,,,,,,,,,,,
7/14/2025,2025-07-14T17:16:00.000+02:00,Monday,2025-W29,Kraft,,79,MTG Halle,Halle,☀️ Nachmittag,FALSE,"Liegestütz 3x12
Trapbar 4/3/3/2 100/105/110/115kg
Hüftbeuger 3x6 70/80/90kg
Umsetzen 4x2 60/70/80/90kg
Aufsteiger 3/2/2/2/1 100/105/105/105/110kg
Aufroller 3x6
Beuger spezial 3x6
Tscherbakis 3x6",64,86,14,,,,,,Muskelkater,,113.7,,122.7,96,,,,,,,33955485-caa7-80d3-941f-e84703578648,Outdoor-Time,,B12,,"Gelesen, Schlafmaske, Late Meal, Bett geteilt, Nasenpflaster",84.8,,,,,,,,,,,,,,,,,,,,,,,,
7/13/2025,2025-07-13,Sunday,2025-W29,Frei,,0,,,,FALSE,,50,57,5,,,,,,"Erschöpft, Muskelkater",,,,,,,,,,,,33955485-caa7-807c-bb7e-e193d55a64c8,Outdoor-Time,,"Koffein, B12","Freunde, Reisestress, Me-Time","Schlafmaske, Late Meal, Anderes Bett",,,,,,,,,,,,,,,,,,,,,,,,,
7/12/2025,2025-07-12,Saturday,2025-W28,Wettkampf,,0,Kortrijk,Draußen - Sonnig,,FALSE,Weit: 7.82m +1.5m/s,81,87,13,,,,,,Muskelkater,,,,,,7.82,,,,,,2cc55485-caa7-8022-8026-fae6ab31d5be,"Outdoor-Time, Dehnen, Kalte Dusche, Libido",,"Koffein, Multivitamin, Zink, Kreatin, Vit D, Elektrolyte, Omega-3","Freunde, Me-Time","Schlafmaske, Anderes Bett",,,,,,,,,,,,,,,,,,,,,,,,,
7/11/2025,2025-07-11T16:41:00.000+02:00,Friday,2025-W28,Auftakt,,59,Kortrijk,,☀️ Nachmittag,FALSE,,87,97,6.7,,,,,,"Verdauung, Muskelkater",,,,,,,,,,,,33955485-caa7-808c-a3de-d85fc8c51ac3,"Outdoor-Time, Dehnen, Kalte Dusche, Libido, Verdauungsspaziergang",,"Koffein, Magnesium, Multivitamin, Zink, Kreatin, Vit D, Elektrolyte, Omega-3","Me-Time, Reisestress","Gelesen, Schlafmaske, Bett geteilt, Nasenpflaster",83.85,,,,,,,,,,,,,,,,,,,,,,,,
7/10/2025,2025-07-10,Thursday,2025-W28,Frei,,0,,,,FALSE,,79,100,4.8,,,,,,Muskelkater,,,,,,,,,,,,33955485-caa7-809d-980b-e46509212b8b,"Verdauungsspaziergang, Outdoor-Time, Lympho, Dehnen, Kalte Dusche, Physio",,"Magnesium, Multivitamin, Zink, Kreatin, B12, Vit D, Omega-3",,"Gelesen, Zahnspange, Schlafmaske, Heiß, Bett geteilt",84.65,,,,,,,,,,,,,,,,,,,,,,,,
7/9/2025,2025-07-09T14:19:00.000+02:00,Wednesday,2025-W28,,,111,MTG Halle,,☀️ Nachmittag,TRUE,,92,93,7.9,,,,,,Muskelkater,,,,,,,,,,,,33955485-caa7-80a9-b32a-fdbbd4e6c30a,"Lympho, Outdoor-Time, Kalte Dusche, Physio",,"Magnesium, Multivitamin, Zink, Kreatin, B12, Vit D, Omega-3",Freunde,"Schlafmaske, Bett geteilt",83.85,,,,,,,,,,,,,,,,,,,,,,,,
7/8/2025,2025-07-08T16:09:00.000+02:00,Tuesday,2025-W28,,,144,MTG Halle,,☀️ Nachmittag,TRUE,,55,89,10.9,,,,,,Muskelkater,,,,,,,,,,,,33955485-caa7-801a-a527-e8c2769f3d9b,"Lympho, Libido",,"Magnesium, Multivitamin, Zink, Kreatin",Freunde,"Gelesen, Schlafmaske, Late Meal, Bett geteilt",84.3,,,,,,,,,,,,,,,,,,,,,,,,
7/7/2025,2025-07-07T18:09:00.000+02:00,Monday,2025-W28,Kraft,,91,MTG Halle,Halle,🌙 Abend,FALSE,"Liegestütz 3x12
Trapbar 4/3/3/2/2/2 100/105/110/115/120/125kg
Aufroller 3x8
Hüftbeuger 8/7/6 70/80/90kg
Aufsteiger 3/3/2/2/1/1 100/100/105/105/110/110kg
Beuger spezial 3x8
Tscherbakis 3x6",57,83,14.1,,,,,,"Erschöpft, Muskelkater",,113.7,,133.3,,,,,,,,33955485-caa7-80a4-888b-e632b9da6396,Libido,,"Koffein, Magnesium, Kreatin, B12",,"Late Meal, Schlafmaske, Bett geteilt",85.25,,,,,,,,,,,,,,,,,,,,,,,,
7/6/2025,2025-07-06,Sunday,2025-W28,Frei,,0,,,,FALSE,,20,32,4.8,,,,,,"Erschöpft, Muskelkater",,,,,,,,,,,,33955485-caa7-8091-b2df-d9865ee99658,Outdoor-Time,,"Koffein, Multivitamin, Zink, Kreatin, Omega-3","Freunde, Me-Time, Reisestress","Late Meal, Anderes Bett",,,,,,,,,,,,,,,,,,,,,,,,,
7/5/2025,2025-07-05T17:58:00.000+02:00,Saturday,2025-W27,Wettkampf,,144,Vari,Draußen - Sonnig,☀️ Nachmittag,FALSE,"Morgens Auftakt
Weit: 8.01m +1.3m/s",96,94,14.3,,,,,,Heiß,,,,,,8.01,,,,,,2cc55485-caa7-80da-9e90-cec6834bda96,"Outdoor-Time, Verdauungsspaziergang, Dehnen, Libido",,"Koffein, Multivitamin, Zink, Kreatin, Vit D, Elektrolyte, Omega-3","Freunde, Me-Time","Schlafmaske, Anderes Bett",,,,,,,,,,,,,,,,,,,,,,,,,
7/4/2025,2025-07-04,Friday,2025-W27,Frei,,0,,,,FALSE,,75,98,6.4,,,,,,"Kopfschmerzen, Heiß, Muskelkater",,,,,,,,,,,,33955485-caa7-802b-8aad-e76d7094e6f7,"Outdoor-Time, Dehnen",,"Magnesium, Multivitamin, Zink, Kreatin, Vit D, Omega-3","Reisestress, Me-Time, Freunde","Gelesen, Schlafmaske, Late Meal, Heiß, Bett geteilt, Nasenpflaster",84.45,,,,,,,,,,,,,,,,,,,,,,,,
7/3/2025,2025-07-03,Thursday,2025-W27,Frei,,0,,,,FALSE,,85,96,5.7,,,,,,Muskelkater,,,,,,,,,,,,33955485-caa7-80c5-8328-f08dea3608fd,"Outdoor-Time, Dehnen, Kalte Dusche, Physio",,"Koffein, Magnesium, Multivitamin, Zink, Kreatin, B12, Vit D, Omega-3",,"Gelesen, Schlafmaske, Late Meal, Bett geteilt, Nasenpflaster",84.3,,,,,,,,,,,,,,,,,,,,,,,,
7/2/2025,2025-07-02T18:31:00.000+02:00,Wednesday,2025-W27,,,68,MTG Halle,Halle,🌙 Abend,FALSE,Umsetzen schnell 4x2 50/60/70/80kg,48,88,8.7,,,,,,"Heiß, Muskelkater",,,,,85.3,,,,,,,33955485-caa7-8059-951d-e6e470992d62,"Outdoor-Time, Kalte Dusche, Libido, Physio",,"Koffein, Magnesium, Multivitamin, Zink, Kreatin, B12, Vit D, Elektrolyte, Omega-3",,"Gelesen, Schlafmaske, Late Meal, Bett geteilt, Nasenpflaster",84.7,,,,,,,,,,,,,,,,,,,,,,,,
7/1/2025,2025-07-01T19:44:00.000+02:00,Tuesday,2025-W27,,,141,MTG Halle,,🌙 Abend,FALSE,,61,100,11.8,,,,,,"Heiß, Muskelkater",,,,,,,,,,,,33955485-caa7-80a6-b1c3-e5b367041c4e,"Outdoor-Time, Dehnen, Kalte Dusche",,"Koffein, Magnesium, Multivitamin, Zink, Kreatin, B12, Vit D, Elektrolyte, Omega-3",Freunde,"Zahnspange, Gelesen, Late Meal, Heiß, Bett geteilt, Nasenpflaster",84.6,,,,,,,,,,,,,,,,,,,,,,,,
6/30/2025,2025-06-30,Monday,2025-W27,Kraft,,0,MTG Halle,Halle,,FALSE,"Trapbar 3/2/2/2/1/1 100/105/110/115/120/125kg
Aufroller 3x6
Hüftbeuger 8/7/6 70/80/90kg
Liegestütz 3x10
Aufsteiger 3/2/2/2/1 100/105/110/115/120kg
Beuger spezial 3x6
Tscherbakis 4x",65,98,7.3,,,,,,"Heiß, Muskelkater",,124,,129.2,,,,,,,,33955485-caa7-8045-b032-e1e019c98a2b,"Verdauungsspaziergang, Outdoor-Time, Dehnen, Kalte Dusche, Libido",,"Koffein, Magnesium, Multivitamin, Zink, Kreatin, Vit D, Omega-3",,"Gelesen, Late Meal, Bett geteilt, Nasenpflaster",85.2,,,,,,,,,,,,,,,,,,,,,,,,
6/29/2025,2025-06-29,Sunday,2025-W27,Frei,,0,,,,FALSE,,79,95,4.9,,,,,,"Kopfschmerzen, Heiß, Muskelkater, Allergie",,,,,,,,,,,,33955485-caa7-80ad-af43-c5c794c1a12e,"Outdoor-Time, Kalte Dusche",,"Koffein, Magnesium, Multivitamin, Zink, Kreatin, Vit D, Omega-3",Freunde,"Gelesen, Late Meal, Bett geteilt, Nasenpflaster",85.25,,,,,,,,,,,,,,,,,,,,,,,,
6/28/2025,2025-06-28,Saturday,2025-W26,Frei,,0,,,,FALSE,,71,90,4.7,,,,,,"Kopfschmerzen, Heiß, Muskelkater, Allergie",,,,,,,,,,,,33955485-caa7-808b-9a2b-edf2b8ccf2f8,"Outdoor-Time, Kalte Dusche, Libido",,"Magnesium, Multivitamin, Zink, Kreatin, Vit D, Omega-3","Reisestress, Freunde","Schlafmaske, Bett geteilt, Nasenpflaster",85.1,,,,,,,,,,,,,,,,,,,,,,,,
6/27/2025,2025-06-27T12:06:00.000+02:00,Friday,2025-W26,,,130,MTG Halle,,🌅 Vormittag,FALSE,,86,87,9.5,,,,,,"Verdauung, Erschöpft, Muskelkater",,,,,,,,,,,,33955485-caa7-80e4-a65c-c21b8d2c8745,"Outdoor-Time, Kalte Dusche",,"Magnesium, Multivitamin, Zink, Kreatin, Vit D, Omega-3",,"Schlafmaske, Bett geteilt",84.95,,,,,,,,,,,,,,,,,,,,,,,,
6/26/2025,2025-06-26,Thursday,2025-W26,Frei,,0,,,,FALSE,,88,96,10,,,,,,,,,,,,,,,,,,33955485-caa7-807a-bf6c-d65198619b70,Outdoor-Time,,"Koffein, Magnesium, Multivitamin, Kreatin, Vit D, Omega-3","Freunde, Me-Time, Reisestress","Gelesen, Schlafmaske, Unterbrechung, Heiß, Bett geteilt, Nasenpflaster",84.2,,,,,,,,,,,,,,,,,,,,,,,,
6/25/2025,2025-06-25T15:52:00.000+02:00,Wednesday,2025-W26,,,180,MTG Halle,,☀️ Nachmittag,TRUE,,92,97,8.8,,,,,,,,,,,,,,,,,,33955485-caa7-807e-92a6-eee35fd1b1ff,"Outdoor-Time, Kalte Dusche, Libido, Physio",,"Koffein, Magnesium, Multivitamin, Zink, Kreatin, Vit D, Elektrolyte, Omega-3",Freunde,"Gelesen, Schlafmaske, Bett geteilt, Nasenpflaster",84.4,,,,,,,,,,,,,,,,,,,,,,,,
6/24/2025,2025-06-24T15:30:00.000+02:00,Tuesday,2025-W26,,,165,Mannheim,,☀️ Nachmittag,TRUE,,94,93,9.8,,,,,,"Verdauung, Erschöpft",,,,,,,,,,,,33955485-caa7-800c-8749-e49c7dbb3373,"Outdoor-Time, Dehnen, Kalte Dusche",,"Magnesium, Multivitamin, Zink, Kreatin, Vit D, Elektrolyte, Omega-3",Freunde,"Gelesen, Schlafmaske, Bett geteilt, Nasenpflaster",84.8,,,,,,,,,,,,,,,,,,,,,,,,
6/23/2025,2025-06-23T17:01:00.000+02:00,Monday,2025-W26,Kraft,,71,MTG Halle,Halle,☀️ Nachmittag,FALSE,"Aufroller 3x6
Trapbar 6x2 100/105/110/115/120/125kg
Liegestütz 3x10
Hüftbeuger 4x6 80/70/80/90kg
Aufsteiger 5x2 90/95/100/105/105kg
Beuger spezial 3x6
Tscherbakis 3x6",83,91,13,,,,,,,,112,,133.3,,,,,,,,33955485-caa7-80d3-bf98-e6041e04f515,Outdoor-Time,,"Koffein, Magnesium, Multivitamin, Zink, Kreatin, Omega-3","Me-Time, Reisestress","Schlafmaske, Bett geteilt, Nasenpflaster",84.95,,,,,,,,,,,,,,,,,,,,,,,,
6/22/2025,2025-06-22,Sunday,2025-W26,Frei,,0,,,,FALSE,,79,84,5.7,,,,,,"Erschöpft, Muskelkater",,,,,,,,,,,,33955485-caa7-800a-b35f-f24e1e598147,"Lympho, Outdoor-Time, Kalte Dusche, Libido",,"Magnesium, Multivitamin, Zink, Kreatin, Vit D, Omega-3","Beziehungsstress, Me-Time, Reisestress, Freunde","Schlafmaske, Anderes Bett",,,,,,,,,,,,,,,,,,,,,,,,,
6/21/2025,2025-06-21T14:00:00.000+02:00,Saturday,2025-W25,Wettkampf,,178,Dessau,,☀️ Nachmittag,FALSE,Weit: 7.91m +0.8m/s,73,92,14.2,,,,,,"Erschöpft, Muskelkater",,,,,,7.91,,,,,,2cc55485-caa7-8083-9597-d7d7f42804f3,"Verdauungsspaziergang, Outdoor-Time, Dehnen, Kalte Dusche, Sauna, Libido",,"Koffein, Magnesium, Multivitamin, Zink, Kreatin, Vit D, Elektrolyte, Omega-3","Freunde, Me-Time","Schlafmaske, Anderes Bett",,,,,,,,,,,,,,,,,,,,,,,,,
6/20/2025,2025-06-20,Friday,2025-W25,Auftakt,,0,Dessau,Draußen - Sonnig,,FALSE,,61,90,8.6,,,,,,"Erschöpft, Muskelkater",,,,,,,,,,,,33955485-caa7-80d1-a4cf-d08b85094032,"Outdoor-Time, Dehnen, Kalte Dusche",,"Magnesium, Multivitamin, Zink, Kreatin, Vit D, Elektrolyte, Omega-3","Freunde, Me-Time, Reisestress","Gelesen, Schlafmaske, Late Meal, Unterbrechung, Bett geteilt, Nasenpflaster",84.5,,,,,,,,,,,,,,,,,,,,,,,,
6/19/2025,2025-06-19,Thursday,2025-W25,Frei,,0,,,,FALSE,,58,96,4.5,,,,,,"Erschöpft, Muskelkater",,,,,,,,,,,,33955485-caa7-8075-8b7a-cf64a3108ac3,"Lympho, Outdoor-Time, Dehnen, Kalte Dusche",,"Koffein, Magnesium, Multivitamin, Zink, Kreatin, Vit D, Elektrolyte, Omega-3",,"Gelesen, Zahnspange, Schlafmaske, Late Meal, Bett geteilt, Nasenpflaster",85.1,,,,,,,,,,,,,,,,,,,,,,,,
6/18/2025,2025-06-18T10:05:00.000+02:00,Wednesday,2025-W25,,,152,Mannheim,,🌅 Vormittag,TRUE,,82,93,9.1,,,,,,"Erschöpft, Muskelkater",,,,,,,,,,,,33955485-caa7-80ee-a2d4-f0e84ee975e2,"Lympho, Outdoor-Time, Kalte Dusche, Physio",,"Magnesium, Multivitamin, Zink, Kreatin, B12, Vit D, Omega-3",Freunde,"Schlafmaske, Unterbrechung, Bett geteilt, Nasenpflaster",84.6,,,,,,,,,,,,,,,,,,,,,,,,
6/17/2025,2025-06-17T10:58:00.000+02:00,Tuesday,2025-W25,Kraft,,73,MS Halle,Halle,🌅 Vormittag,FALSE,"Aufroller 3x7
Umsetzen 2/2/2/2/2/1 90/95/100/105/110/110kg
Hüftbeuger 8/7/6 55/50/50kg
Armarbeit 3x50 3kg
Aufsteiger 4/3/3/3/2 70/80/90/100/110kg
Beuger spezial 3x6
Tscherbakis 3x6",54,87,13.5,,,,,,"Erschöpft, Allergie, Muskelkater",,117.3,,,113.7,,,,,,,33955485-caa7-8023-81a9-c7fe2044bf1f,"Outdoor-Time, Kalte Dusche",,"Koffein, Magnesium, Multivitamin, Zink, Kreatin, Omega-3","Freunde, Me-Time, Reisestress","Late Meal, Anderes Bett",,,,,,,,,,,,,,,,,,,,,,,,,
6/16/2025,2025-06-16T11:47:00.000+02:00,Monday,2025-W25,,,168,MS Halle,,🌅 Vormittag,FALSE,,48,84,11.3,,,,,,,,,,,,,,,,,,33955485-caa7-805b-b228-ddd23d8cf83e,"Outdoor-Time, Libido",,"Multivitamin, Zink, Kreatin, Omega-3","Freunde, Me-Time","Late Meal, Anderes Bett",,,,,,,,,,,,,,,,,,,,,,,,,
6/15/2025,2025-06-15,Sunday,2025-W25,Frei,,0,,,,FALSE,,97,100,6.8,,,,,,"Muskelkater, Allergie",,,,,,,,,,,,33955485-caa7-8098-833d-e14ae58560de,"Outdoor-Time, Dehnen, Libido",,"Magnesium, Multivitamin, Zink, Kreatin, Vit D, Omega-3","Me-Time, Reisestress","Gelesen, Late Meal, Bett geteilt, Nasenpflaster",84.9,,,,,,,,,,,,,,,,,,,,,,,,
6/14/2025,2025-06-14T18:30:00.000+02:00,Saturday,2025-W24,,,37,Franklin,,🌙 Abend,FALSE,,81,92,7,,,,,,"Erschöpft, Allergie, Muskelkater",,,,,,,,,,,,33955485-caa7-8054-be9a-e66b1830360f,"Outdoor-Time, Dehnen",,"Koffein, Magnesium, Multivitamin, Zink, Kreatin, Vit D, Omega-3",,"Gelesen, Schlafmaske, Late Meal, Bett geteilt, Nasenpflaster",84.8,,,,,,,,,,,,,,,,,,,,,,,,
6/13/2025,2025-06-13T19:00:00.000+02:00,Friday,2025-W24,,,136,MTG Halle,,🌙 Abend,FALSE,,86,100,9.4,,,,,,"Verdauung, Erschöpft, Muskelkater, Allergie",,,,,,,,,,,,33955485-caa7-8013-a98e-eb107cee5d89,"Outdoor-Time, Dehnen",,"Koffein, Magnesium, Multivitamin, Zink, Kreatin, Vit D, Omega-3",Beziehungsstress,"Gelesen, Schlafmaske, Late Meal, Bett geteilt, Nasenpflaster",84.75,,,,,,,,,,,,,,,,,,,,,,,,
6/12/2025,2025-06-12T17:24:00.000+02:00,Thursday,2025-W24,Kraft,,70,MTG Halle,Halle,☀️ Nachmittag,FALSE,"Armarbeit spezial 3x20 7kg
Umsetzen 4/3/3/2/1 90/95/100/105/110kg
Wade 3x8 60/60/70kg
Hüftbeuger 8/7/6 70/80/90kg
Splitsquat 4/3/3/2/2 50/55/60/65/70kg
Hantelsprünge 3x3 40/50/60kg
Tscherbakis 3x6",98,97,14,,,,,,"Muskelkater, Allergie",,,,,113.7,,,,,,,33955485-caa7-804f-838c-f76874763e18,"Outdoor-Time, Dehnen, Libido, Physio",,"Koffein, Magnesium, Multivitamin, Zink, Kreatin, B12, Vit D, Omega-3",,"Gelesen, Zahnspange, Schlafmaske, Bett geteilt, Nasenpflaster",83.85,,,,,,,,,,,,,,,,,,,,,,,,
6/11/2025,2025-06-11T16:05:00.000+02:00,Wednesday,2025-W24,,,203,Mannheim,,☀️ Nachmittag,TRUE,,76,90,8.7,,,,,,"Erschöpft, Muskelkater, Allergie",,,,,,,,,,,,33955485-caa7-8015-a02e-d27a67519325,"Outdoor-Time, Physio",,"Koffein, Magnesium, Multivitamin, Zink, Kreatin, Elektrolyte, Omega-3",Freunde,"Gelesen, Schlafmaske, Bett geteilt, Nasenpflaster",85.15,,,,,,,,,,,,,,,,,,,,,,,,
6/10/2025,2025-06-10T16:59:00.000+02:00,Tuesday,2025-W24,Kraft,,79,MTG Halle,Halle,☀️ Nachmittag,FALSE,"Trapbar 4/3/3/2 90/100/110/120kg
Hüftbeuger 3x8 70/80/90kg
Armarbeit 3x50 3kg
Aufroller 3x8
Aufsteiger 4/3/3/2 70/80/90/100kg
Beuger spezial 3x6
Kastenwechselsprünge 3x6",91,91,12.6,,,,,,"Kopfschmerzen, Erschöpft, Muskelkater, Allergie",,106.7,,128,,,,,,,,33955485-caa7-80f1-8513-efd1e74806c2,Dehnen,,"Magnesium, Multivitamin, Zink, Kreatin, B12, Omega-3","Beziehungsstress, Freunde","Gelesen, Schlafmaske, Late Meal, Unterbrechung, Bett geteilt",84.75,,,,,,,,,,,,,,,,,,,,,,,,
6/9/2025,2025-06-09T12:10:00.000+02:00,Monday,2025-W24,Wettkampf,,170,Mannheim,Draußen - Sonnig,🌅 Vormittag,FALSE,"100m: 10.57s +1.9m/s
100m: 10.66s +1.7m/s",74,88,12.1,,,,,,"Allergie, Muskelkater",,,,,,,,,,,10.57,33955485-caa7-8016-b14d-f59e709a6ee8,"Outdoor-Time, Verdauungsspaziergang, Libido",,"Koffein, Magnesium, Multivitamin, Zink, Kreatin, Elektrolyte, Omega-3",Freunde,"Gelesen, Late Meal, Bett geteilt",85.3,,,,,,,,,,,,,,,,,,,,,,,,
6/8/2025,2025-06-08,Sunday,2025-W24,Frei,,0,,,,FALSE,,73,83,5.6,,,,,,"Muskelkater, Allergie",,,,,,,,,,,,33955485-caa7-800b-8312-c108150d94b4,"Lympho, Outdoor-Time, Libido",,"Koffein, Multivitamin, Zink, Kreatin, Omega-3","Freunde, Me-Time, Reisestress","Hot-Shower, Schlafmaske, Late Meal, Anderes Bett",,,,,,,,,,,,,,,,,,,,,,,,,
6/7/2025,2025-06-07T16:40:00.000+02:00,Saturday,2025-W23,Wettkampf,,320,Innsbruck,Draußen - Regen,☀️ Nachmittag,FALSE,Weit: 7.87m +0.6m/s,56,100,17,,,,,,"Verdauung, Erschöpft, Verspannt, Allergie",,,,,,7.87,,,,,,2cc55485-caa7-801b-81ec-eb1bc914c761,"Outdoor-Time, Dehnen, Kalte Dusche, Libido, Verdauungsspaziergang",,"Koffein, Magnesium, Multivitamin, Zink, Kreatin, Vit D, Elektrolyte, Omega-3","Freunde, Me-Time","Schlafmaske, Late Meal, Anderes Bett",,,,,,,,,,,,,,,,,,,,,,,,,
6/6/2025,2025-06-06,Friday,2025-W23,Frei,,0,,,,FALSE,,80,89,7.5,,,,,,"Verspannt, Allergie",,,,,,,,,,,,33955485-caa7-80fd-b9e1-e33c1f275d7d,"Verdauungsspaziergang, Outdoor-Time, Dehnen, Libido",,"Magnesium, Multivitamin, Zink, Kreatin, Vit D, Omega-3","Freunde, Me-Time, Reisestress","Schlafmaske, Unterbrechung, Late Meal, Bett geteilt, Nasenpflaster",84.35,,,,,,,,,,,,,,,,,,,,,,,,
6/5/2025,2025-06-05T10:12:00.000+02:00,Thursday,2025-W23,Auftakt,,20,MTG Halle,,🌅 Vormittag,FALSE,,94,100,6,,,,,,"Erschöpft, Allergie",,,,,,,,,,,,33955485-caa7-8033-82a0-fdb3c2204e7a,"Lympho, Outdoor-Time, Kalte Dusche, Physio",,"Magnesium, Multivitamin, Zink, Kreatin, B12, Vit D, Omega-3",Freunde,"Gelesen, Schlafmaske, Late Meal, Bett geteilt, Nasenpflaster",84.75,,,,,,,,,,,,,,,,,,,,,,,,
6/4/2025,2025-06-04T16:07:00.000+02:00,Wednesday,2025-W23,,,172,Mannheim,,☀️ Nachmittag,TRUE,,89,100,7.4,,,,,,"Erschöpft, Allergie",,,,,,,,,,,,33955485-caa7-8059-b0e5-e752342b95c1,"Verdauungsspaziergang, Lympho, Outdoor-Time, Kalte Dusche, Libido, Physio",,"Magnesium, Multivitamin, Zink, Kreatin, B12, Omega-3",Freunde,"Gelesen, Zahnspange, Schlafmaske, Bett geteilt, Nasenpflaster",84.4,,,,,,,,,,,,,,,,,,,,,,,,
6/3/2025,2025-06-03T16:49:00.000+02:00,Tuesday,2025-W23,Kraft,,96,MTG Halle,Halle,☀️ Nachmittag,FALSE,"Aufroller 3x6
Umsetzen 5x2 90/95/100/105/110kg
Hüftbeuger 3x6 70/80/90kg
Armarbeit 3x50 3kg
Aufsteiger 3/3/2/2/2 90/100/110/120/130kg
Beuger spezial 3x10
Tscherbakis 3x6
Strecker 3x8 20kg",97,98,12.9,,,,,,"Erschöpft, Allergie",,138.7,,,117.3,,,,,,,33955485-caa7-8012-a74c-f4053a7c48bc,Dehnen,,"Magnesium, Multivitamin, Kreatin, Vit D, Omega-3","Reisestress, Freunde","Gelesen, Unterbrechung, Bett geteilt, Nasenpflaster",84.45,,,,,,,,,,,,,,,,,,,,,,,,
6/2/2025,2025-06-02T17:44:00.000+02:00,Monday,2025-W23,,,39,Franklin,,☀️ Nachmittag,FALSE,,60,89,5.5,,,,,,"Muskelkater, Erschöpft, Allergie",,,,,,,,,,,,33955485-caa7-8091-99e2-c2531b70ad08,"Outdoor-Time, Kalte Dusche, Libido",,"Magnesium, Multivitamin, Kreatin, Elektrolyte, Omega-3",,"Bett geteilt, Nasenpflaster",84.2,,,,,,,,,,,,,,,,,,,,,,,,
6/1/2025,2025-06-01,Sunday,2025-W23,Frei,,0,,,,FALSE,,71,88,5.2,,,,,,"Erschöpft, Muskelkater, Allergie",,,,,,,,,,,,33955485-caa7-8033-89f5-e3be1352c6f5,"Verdauungsspaziergang, Outdoor-Time",,"Magnesium, Multivitamin, Kreatin, Zink, Vit D, Omega-3","Freunde, Me-Time, Reisestress","Schlafmaske, Late Meal, Unterbrechung, Bett geteilt, Anderes Bett",,,,,,,,,,,,,,,,,,,,,,,,,
5/31/2025,2025-05-31T18:10:00.000+02:00,Saturday,2025-W22,Wettkampf,,181,Essen,,🌙 Abend,FALSE,Weit: 7.94m -0.3m/s,73,91,14.5,,,,,,"Muskelkater, Allergie",,,,,,7.94,,,,,,2cc55485-caa7-80a1-8116-feea55ba5d11,"Nap, Outdoor-Time, Dehnen, Libido, Physio, Verdauungsspaziergang",,"Koffein, Magnesium, Multivitamin, Zink, Kreatin, Vit D, Omega-3","Freunde, Me-Time","Schlafmaske, Late Meal, Unterbrechung, Bett geteilt, Anderes Bett",,,,,,,,,,,,,,,,,,,,,,,,,
5/30/2025,2025-05-30,Friday,2025-W22,Frei,,0,,,,FALSE,,69,82,8.9,,,,,,Muskelkater,,,,,,,,,,,,32555485-caa7-8021-90b5-e234d1ce9b4a,"Outdoor-Time, Dehnen, Libido, Physio",,"Magnesium, Multivitamin, Zink, Kreatin, Vit D, Omega-3","Freunde, Me-Time, Reisestress","Schlafmaske, Unterbrechung, Late Meal, Anderes Bett",,,,,,,,,,,,,,,,,,,,,,,,,
5/29/2025,2025-05-29T09:57:00.000+02:00,Thursday,2025-W22,Wettkampf,,123,Duisburg,,,FALSE,Weit: 7.32m +0.0m/s,70,81,12.5,,,,,,"Muskelkater, Allergie",,,,,,7.32,,,,,,2cc55485-caa7-8047-9c7a-ce96fa5eca1a,"Nap, Outdoor-Time, Kalte Dusche, Libido",,"Koffein, Magnesium, Multivitamin, Zink, Kreatin, Vit D, Omega-3","Freunde, Me-Time, Reisestress","Schlafmaske, Late Meal, Anderes Bett",,,,,,,,,,,,,,,,,,,,,,,,,
5/28/2025,2025-05-28T11:31:00.000+02:00,Wednesday,2025-W22,Auftakt,,66,,,🌅 Vormittag,FALSE,Umsetzen 3x2 60/70/80kg,74,98,8.7,,,,,,"Kopfschmerzen, Allergie",,,,,85.3,,,,,,,32555485-caa7-8037-9249-c380877133af,"Outdoor-Time, Kalte Dusche, Libido",,"Magnesium, Multivitamin, Zink, Kreatin, Vit D, Omega-3","Freunde, Me-Time","Schlafmaske, Bett geteilt, Nasenpflaster",,,,,,,,,,,,,,,,,,,,,,,,,
5/27/2025,2025-05-27,Tuesday,2025-W22,Frei,,0,,,,FALSE,,63,82,5.6,,,,,,"Kopfschmerzen, Muskelkater, Allergie, Krank",,,,,,,,,,,,32555485-caa7-808c-83aa-f1660262489d,"Lympho, Outdoor-Time, Dehnen, Kalte Dusche",,"Magnesium, Multivitamin, Zink, Kreatin, Vit D, Omega-3",,"Gelesen, Zahnspange, Schlafmaske, Unterbrechung, Anderes Bett, Nasenpflaster",83.85,,2067,67,62,324,,,,,,,,,,,,,,,,,,,
5/26/2025,2025-05-26,Monday,2025-W22,Frei,,0,,,,FALSE,,21,55,6.3,,,,,,"Kopfschmerzen, Allergie, Muskelkater, Krank",,,,,,,,,,,,32555485-caa7-80bc-9abc-daf76cecbb02,"Verdauungsspaziergang, Outdoor-Time, Meditation, Lympho",,"Koffein, Magnesium, Multivitamin, Zink, Kreatin, Vit D, Elektrolyte, Omega-3",,"Gelesen, Unterbrechung, Bett geteilt, Nasenpflaster, Kopfhörer",,,,,,,,,,,,,,,,,,,,,,,,,
5/25/2025,2025-05-25T13:18:00.000+02:00,Sunday,2025-W22,Wettkampf,,130,Ettlingen,,☀️ Nachmittag,FALSE,Weit: 7.74m +0.4m/s,51,89,15.1,,,,,,"Kopfschmerzen, Muskelkater, Allergie, Krank",,,,,,7.74,,,,,,2cc55485-caa7-80f8-93be-d6065be85d23,"Outdoor-Time, Dehnen, Libido",,"Koffein, Magnesium, Multivitamin, Kreatin, Vit D, Elektrolyte, Omega-3","Reisestress, Freunde","Gelesen, Schlafmaske, Unterbrechung, Bett geteilt, Nasenpflaster, Kopfhörer",,,,,,,,,,,,,,,,,,,,,,,,,
5/24/2025,2025-05-24T15:03:00.000+02:00,Saturday,2025-W21,,,71,Mannheim,,☀️ Nachmittag,FALSE,,59,87,8.1,,,,,,"Muskelkater, Allergie",,,,,,,,,,,,32555485-caa7-802e-b87b-e4a18eadacde,"Lympho, Dehnen, Kalte Dusche",,"Magnesium, Multivitamin, B12, Vit D, Omega-3",,"Gelesen, Schlafmaske, Late Meal, Bett geteilt, Nasenpflaster",83.5,,2748,112,51,457,,,,,,,,,,,,,,,,,,,
5/23/2025,2025-05-23,Friday,2025-W21,Frei,,0,,,,FALSE,,84,100,5.8,,,,,,"Muskelkater, Allergie",,,,,,,,,,,,32555485-caa7-80dd-8dd7-d97685dc11b5,"Lympho, Outdoor-Time, Dehnen, Libido",,"Magnesium, Multivitamin, Kreatin, B12, Vit D, Omega-3",,"Gelesen, Zahnspange, Schlafmaske, Late Meal, Unterbrechung, Bett geteilt, Nasenpflaster",83.85,12.6,2432,114,101,282,,,,,,,,,,,,,,,,,,,
5/22/2025,2025-05-22T19:12:00.000+02:00,Thursday,2025-W21,Kraft,,70,MTG Halle,Halle,🌙 Abend,FALSE,"Armarbeit 3x20 7kg
Trapbar 5x2 80/90/100/110/120kg
Wade 3x8 60kg
Hüftbeuger 3x6 70/80/90kg
Splitsquat 4x3 60kg
Box-Jumps 3x3",44,94,12.9,,,,,,Allergie,,,,128,,,,,,,,32555485-caa7-80c8-9da4-efba0ba81d48,Physio,,Omega-3,Freunde,"Gelesen, Schlafmaske, Unterbrechung, Bett geteilt, Nasenpflaster, Kopfhörer",83.9,,2121,90,80,266,,,,,,,,,,,,,,,,,,,
5/21/2025,2025-05-21T16:11:00.000+02:00,Wednesday,2025-W21,,,158,MTG Halle,,☀️ Nachmittag,TRUE,,73,100,12,,,,,,Allergie,,,,,,,,,,,,32555485-caa7-80b3-b44a-fb94b88808bf,"Physio, Spaziergang, Lympho, Blackroll, Outdoor-Time",,"Koffein, Magnesium, Multivitamin, Kreatin, B12, Vit D, Omega-3",Freunde,"Gelesen, Schlafmaske, Bett geteilt, Nasenpflaster",,,2434,107,87,315,,,,,,,,,,,,,,,,,,,
5/20/2025,2025-05-20T17:12:00.000+02:00,Tuesday,2025-W21,Kraft,,98,MTG Halle,Halle,☀️ Nachmittag,FALSE,"Adduktor 3x8 50kg
Abduktor 3x8 50kg
Umsetzen 5x2 95/100/105/110/115kg
Liegestütz 3x15
Armarbeit 3x50 3kg
Aufsteiger 4/3/3/2/2 90/100/110/120/130kg
Beuger spezial 3x10
Strecker 3x8 20kg
Aufroller 3x6
Tscherbakis 3x6",43,95,15.5,,,,,,Allergie,,138.7,,,122.7,,,,,,,32555485-caa7-80f3-907b-c84e3bb5ef09,"Dehnen, Outdoor-Time",,"Koffein, Magnesium, Multivitamin, Kreatin, B12, Vit D, Omega-3",Freunde,"Gelesen, Schlafmaske, Bett geteilt, Nasenpflaster",,,2641,147,100,292,,,,,,,,,,,,,,,,,,,
5/19/2025,2025-05-19T16:05:00.000+02:00,Monday,2025-W21,,,148,MTG Halle,,☀️ Nachmittag,FALSE,,68,100,10.3,,,,,,"Muskelkater, Allergie",,,,,,,,,,,,32555485-caa7-80c8-b7ef-ffcd5bec963a,Outdoor-Time,,"Koffein, Magnesium, Multivitamin, Kreatin, B12, Vit D, Elektrolyte, Omega-3","Beziehungsstress, Freunde","Gelesen, Schlafmaske, Unterbrechung, Bett geteilt",84.3,12.7,2816,119,71,433,,,,,,,,,,,,,,,,,,,
5/18/2025,2025-05-18,Sunday,2025-W21,Frei,,0,,,,FALSE,,47,95,4.3,,,,,,Allergie,,,,,,,,,,,,32555485-caa7-80ed-814e-f847ef6c76ec,"Lympho, Blackroll, Outdoor-Time, Libido",,"Koffein, Magnesium, Multivitamin, Omega-3, Vit D",Reisestress,"Gelesen, Schlafmaske, Bett geteilt, Nasenpflaster",84.05,12.8,2463,157,98,249,,,,,,,,,,,,,,,,,,,
5/17/2025,2025-05-17T13:04:00.000+02:00,Saturday,2025-W20,,,78,,,☀️ Nachmittag,FALSE,,93,95,10,,,,,,Allergie,,,,,,,,,,,,32555485-caa7-80ee-910c-d087eaaf5a99,Dehnen,,"Magnesium, Multivitamin, Kreatin, Omega-3, B12, Vit D",,"Zahnspange, Schlafmaske, Bett geteilt, Nasenpflaster",84.05,12.7,2150,100,75,276,,,,,,,,,,,,,,,,,,,
5/16/2025,2025-05-16T17:30:00.000+02:00,Friday,2025-W20,Kraft,,88,MTG Halle,Halle,☀️ Nachmittag,FALSE,"Armarbeit spezial 3x20 7kg
Trapbar 4/3/3/3/2 80/90/100/110/120kg
Wade 3x10 60kg
Hüftbeuger 8/7/6 70/80/90kg
Squat 4/3/3/3/2 100/110/120/130/140kg
Strecker 3x8 20kg
Beuger spezial 3x8
Kastensprünge 3x3",52,98,13.6,,,,,,Allergie,,,,128,,,,,,,,32555485-caa7-809c-ad03-de9355fac1a6,"Spaziergang, Outdoor-Time, Dehnen, Libido",,"Magnesium, Multivitamin, Kreatin, Omega-3, Vit D",,"Schlafmaske, Bett geteilt, Nasenpflaster",84.05,12.7,3226,186,128,351,,,,,,,,,,,,,,,,,,,
5/15/2025,2025-05-15T16:21:00.000+02:00,Thursday,2025-W20,,,147,Mannheim,,☀️ Nachmittag,FALSE,,66,94,11.7,,,,,,Allergie,,,,,,,,,,,,32555485-caa7-80a4-baa6-cac9fbfe1c81,"Physio, Lympho, Outdoor-Time",,"Magnesium, Multivitamin, Kreatin, Omega-3, B12, Vit D, Elektrolyte",Freunde,"Schlafmaske, Unterbrechung, Bett geteilt, Nasenpflaster",84.05,12.7,2434,105,60,3886,,,,,,,,,,,,,,,,,,,
5/14/2025,2025-05-14T15:08:00.000+02:00,Wednesday,2025-W20,,,187,Mannheim,,☀️ Nachmittag,TRUE,,70,100,13.6,,,,,,Allergie,,,,,,,,,,,,32555485-caa7-8004-90f4-e4c5336da04e,"Outdoor-Time, Dehnen",,"Magnesium, Multivitamin, Kreatin, Omega-3, Vit D, Elektrolyte",Freunde,"Schlafmaske, Bett geteilt, Nasenpflaster",84.3,12.7,,,,,,,,,,,,,,,,,,,,,,,
5/13/2025,2025-05-13T18:13:00.000+02:00,Tuesday,2025-W20,,,66,Franklin,,🌙 Abend,FALSE,,81,100,10.1,,,,,,Allergie,,,,,,,,,,,,32555485-caa7-8075-b0a0-daa2eba554b1,"Outdoor-Time, Libido",,"Magnesium, Multivitamin, Kreatin, Omega-3, B12, Vit D",Reisestress,"Schlafmaske, Bett geteilt, Nasenpflaster",84.3,12.9,1893,87,106,154,,,,,,,,,,,,,,,,,,,
5/12/2025,2025-05-12T14:32:00.000+02:00,Monday,2025-W20,Kraft,,71,MTG Halle,,☀️ Nachmittag,FALSE,"Adduktor 2x10 50kg
Abduktor 2x10 50kg
Liegestütz 2x15
Umsetzen 4/3/3/2/2 95/100/105/110/115kg
Armarbeit 2x50 3kg
Aufsteiger 4/3/3/2 90/100/110/120kg
Aufroller 2x6
Tscherbakis 2x6
Strecker 2x8 20kg",70,98,15.2,,,,,,,,128,,,122.7,,,,,,,32555485-caa7-8011-a320-d6c2397f4b67,"Outdoor-Time, Dehnen, Libido",,"Magnesium, Multivitamin, Kreatin, Omega-3, B12, Vit D",Freunde,"Schlafmaske, Bett geteilt, Nasenpflaster",83.7,12.9,1914,113,110,124,,,,,,,,,,,,,,,,,,,
5/11/2025,2025-05-11,Sunday,2025-W20,Frei,,0,,,,FALSE,,73,95,8,,,,,,,,,,,,,,,,,,32555485-caa7-8020-8f91-fbc49aacbee1,"Meditation, Outdoor-Time, Dehnen, Kalte Dusche",,"Koffein, Magnesium, Multivitamin, Omega-3, B12, Vit D",,Bett geteilt,84.65,12.9,1352,44,54,184,,,,,,,,,,,,,,,,,,,
5/10/2025,2025-05-10T17:21:00.000+02:00,Saturday,2025-W19,Ausdauer,Joggen,27,MTG Halle,Halle,☀️ Nachmittag,FALSE,,61,86,12.8,,,,,,,,,,,,,,,,,,32555485-caa7-80ba-8fd9-c4ab13953b4c,Dehnen,,"Magnesium, Multivitamin, Omega-3, Vit D",Beziehungsstress,"Bett geteilt, Nasenpflaster",84.65,12.9,2116,102,85,247,,,,,,,,,,,,,,,,,,,
5/9/2025,2025-05-09,Friday,2025-W19,Frei,,0,,,,FALSE,,50,78,8.9,,,,,,Muskelkater,,,,,,,,,,,,32555485-caa7-80a4-8184-d54111a8977c,"Meditation, Neuroathletik",,"Magnesium, Multivitamin, Omega-3, Vit D",,"Zahnspange, Late Meal, Unterbrechung, Bett geteilt",85.1,12.8,2218,152,79,236,,,,,,,,,,,,,,,,,,,
5/8/2025,2025-05-08T09:54:00.000+02:00,Thursday,2025-W19,,,98,Belek,,,TRUE,,33,81,12,,,,,,Muskelkater,,,,,,,,,,,,32555485-caa7-80f3-80d9-d07c0454b73a,"Outdoor-Time, Urlaub, Libido, Physio",,"Omega-3, Vit D","Freunde, Beziehungsstress, Reisestress","Schlafmaske, Anderes Bett, Unterbrechung",87.2,,,,,,,,,,,,,,,,,,,,,,,,
5/7/2025,2025-05-07T10:07:00.000+02:00,Wednesday,2025-W19,,,108,Belek,,🌅 Vormittag,TRUE,,76,96,16.7,,,,,,Muskelkater,,,,,,,,,,,,32555485-caa7-80c6-9d43-da8a0dd4c8e9,"Outdoor-Time, Urlaub, Lympho, Libido, Physio, Eisbad",⭐⭐⭐ Diszipliniert,"Koffein, Magnesium, Multivitamin, Kreatin, Omega-3, Vit D","Freunde, Beziehungsstress","Schlafmaske, Unterbrechung, Anderes Bett",,,5360,253,223,599,,,,,,,,,,,,,,,,,,,
5/7/2025,2025-05-07T16:03:00.000+02:00,Wednesday,2025-W19,,,124,Belek,,☀️ Nachmittag,TRUE,,76,96,16.7,,,,,,,,,,,,,,,,,,35a55485-caa7-8063-b82e-ce241a63a015,,,,,,,,,,,,,,,,,,,,,,,,,,,,,,
5/6/2025,2025-05-06T10:02:00.000+03:00,Tuesday,2025-W19,,,69,Belek,,,TRUE,,97,91,11.9,,,,,,Muskelkater,,,,,,,,,,,,32555485-caa7-809b-b723-f939f9591ad8,"Spaziergang, Outdoor-Time, Urlaub, Libido, Eisbad",⭐⭐⭐ Diszipliniert,"Koffein, Magnesium, Multivitamin, Kreatin, Omega-3, Vit D","Freunde, Beziehungsstress","Gelesen, Schlafmaske, Anderes Bett",,,6951,277,311,782,,,,,,,,,,,,,,,,,,,
5/6/2025,2025-05-06T16:13:00.000+03:00,Tuesday,2025-W19,,,19,Belek,,☀️ Nachmittag,FALSE,,97,91,11.9,,,,,,,,,,,,,,,,,,35855485-caa7-8020-9ed8-ddecca10a9da,,,,,,,,,,,,,,,,,,,,,,,,,,,,,,
5/5/2025,2025-05-05T10:13:00.000+03:00,Monday,2025-W19,,,84,Belek,,,TRUE,,70,94,15.1,,,,,,Muskelkater,,,,,,,,,,,,32555485-caa7-8056-bcb1-eb13f5228b59,"Outdoor-Time, Urlaub, Physio, Eisbad",⭐⭐⭐ Diszipliniert,"Koffein, Magnesium, Multivitamin, Kreatin, Omega-3, Vit D",Freunde,"Schlafmaske, Anderes Bett, Unterbrechung",86.2,,6615,301,300,695,,,,,,,,,,,,,,,,,,,
5/5/2025,2025-05-05T16:04:00.000+03:00,Monday,2025-W19,Kraft,,93,Belek,Halle,☀️ Nachmittag,TRUE,"Armarbeit spezial 3x20 7,5kg
Trapbar 4/3/3/3/2 85/95/105/115/125kg
Wade 3x20
Squat 5/4/4/3/3 105/115/125/135/145kg
Beuger spezial 3x8
Hüftbeuger 3x8 20/25/30kg
Strecker 3x8 20kg",70,94,15.1,,,,,,,,,,133.3,,,,,,,,35755485-caa7-80e6-85fb-c462aec5b0a9,,,,,,,,,,,,,,,,,,,,,,,,,,,,,,
5/4/2025,2025-05-04T10:04:00.000+03:00,Sunday,2025-W19,,,99,Belek,,,FALSE,,61,100,14,,,,,,Muskelkater,,,,,,,,,,,,32555485-caa7-806b-8602-e0b5c8942d26,"Urlaub, Outdoor-Time, Lympho, Eisbad",⭐⭐⭐ Diszipliniert,"Koffein, Magnesium, Multivitamin, Kreatin, Omega-3, Vit D",Freunde,"Schlafmaske, Unterbrechung",84.2,,3870,147,187,412,,,,,,,,,,,,,,,,,,,
5/4/2025,2025-05-04T16:03:00.000+03:00,Sunday,2025-W19,,,106,Belek,,☀️ Nachmittag,FALSE,,61,100,14,,,,,,,,,,,,,,,,,,35655485-caa7-801e-8a95-fe553cd23d80,,,,,,,,,,,,,,,,,,,,,,,,,,,,,,
5/3/2025,2025-05-03T10:00:00.000+03:00,Saturday,2025-W18,,,97,Belek,,,TRUE,,83,100,16,,,,,,Muskelkater,,,,,,,,,,,,32555485-caa7-80c9-941d-fd44360010a4,"Outdoor-Time, Urlaub, Physio, Eisbad",⭐⭐⭐ Diszipliniert,"Koffein, Magnesium, Multivitamin, Kreatin, Omega-3, Vit D",Freunde,Schlafmaske,86.1,,3667,205,152,375,,,,,,,,,,,,,,,,,,,
5/3/2025,2025-05-03T16:06:00.000+03:00,Saturday,2025-W18,Kraft,,108,Belek,Halle,☀️ Nachmittag,TRUE,"Umsetzen 3/3/2/2/1/1 90/95/100/105/110/115kg
Aufroller 6/7/8
Liegestütz 3x15
Armarbeit 3x50 2,5kg
Aufsteiger 4/3/3/3/2 90/100/110/120/130kg
Adduktor 3x10 30/45/45kg
Abduktor 3x10 45/55/55kg
Tscherbakis 3x6",83,100,16,,,,,,,,138.7,,,118.8,,,,,,,35555485-caa7-8012-a3dc-e2be9234c1e2,,,,,,,,,,,,,,,,,,,,,,,,,,,,,,
5/2/2025,2025-05-02,Friday,2025-W18,Frei,,0,Belek,,,FALSE,,66,100,5.9,,,,,,"Verdauung, Muskelkater",,,,,,,,,,,,32555485-caa7-8096-93f2-f293006a1b6a,"Outdoor-Time, Urlaub, Sauna, Libido",⭐⭐⭐ Diszipliniert,"Koffein, Magnesium, Multivitamin, Omega-3, Vit D",Freunde,"Schlafmaske, Unterbrechung, Anderes Bett",85.4,,5445,233,253,573,,,,,,,,,,,,,,,,,,,
5/1/2025,2025-05-01T10:10:00.000+03:00,Thursday,2025-W18,,,110,Belek,,,TRUE,,66,96,13.5,,,,,,Muskelkater,,,,,,,,,,,,32555485-caa7-80f3-9a60-f31a7ae5fe53,"Outdoor-Time, Urlaub, Lympho, Libido, Physio, Eisbad",⭐⭐⭐ Diszipliniert,"Koffein, Magnesium, Multivitamin, Kreatin, Omega-3, Vit D",Freunde,Schlafmaske,84.4,,5270,206,298,462,,,,,,,,,,,,,,,,,,,
5/1/2025,2025-05-01T16:04:00.000+03:00,Thursday,2025-W18,,,90,Belek,,☀️ Nachmittag,TRUE,,66,96,13.5,,,,,,,,,,,,,,,,,,35355485-caa7-8062-9853-e02fa2a4e59b,,,,,,,,,,,,,,,,,,,,,,,,,,,,,,
4/30/2025,2025-04-30T10:05:00.000+03:00,Wednesday,2025-W18,,,89,Belek,,,FALSE,,79,100,13.7,,,,,,Muskelkater,,,,,,,,,,,,32555485-caa7-8006-9ea6-c39b8d98609b,"Outdoor-Time, Urlaub, Eisbad",⭐⭐⭐ Diszipliniert,"Koffein, Magnesium, Multivitamin, Kreatin, Omega-3, Vit D","Freunde, Beziehungsstress","Schlafmaske, Anderes Bett",84.8,,3909,178,192,380,,,,,,,,,,,,,,,,,,,
4/30/2025,2025-04-30T15:00:00.000+03:00,Wednesday,2025-W18,,,210,Belek,,☀️ Nachmittag,TRUE,,79,100,13.7,,,,,,,,,,,,,,,,,,35255485-caa7-801a-afd7-c667e0dc4d82,,,,,,,,,,,,,,,,,,,,,,,,,,,,,,
4/29/2025,2025-04-29T10:05:00.000+03:00,Tuesday,2025-W18,,,150,Belek,,,TRUE,,96,100,14.9,,,,,,Verdauung,,,,,,,,,,,,32555485-caa7-8065-94a1-ffc254fb2af4,"Outdoor-Time, Urlaub, Physio, Eisbad",⭐⭐⭐ Diszipliniert,"Koffein, Magnesium, Multivitamin, Kreatin, Omega-3, Vit D",Freunde,Unterbrechung,84.7,,4337,187,185,497,,,,,,,,,,,,,,,,,,,
4/29/2025,2025-04-29T16:05:00.000+03:00,Tuesday,2025-W18,Kraft,,109,Belek,Halle,☀️ Nachmittag,TRUE,"Trapbar 5/4/4/3/3 80/90/100/110/120kg
Beuger spezial 3x8
Armarbeit spezial 3x20 7,5kg
Wade 3x10
Squat 5/4/4/3/3 100/110/120/130/140kg
Hüftbeuger 3x8 20/22,5/25kg / Hip-Thrust ?
Box-Jump 3x3
Strecker 3x8 20kg",96,100,14.9,,,,,,,,,,132,,,,,,,,35155485-caa7-8024-8242-dea8963bc36a,,,,,,,,,,,,,,,,,,,,,,,,,,,,,,
4/28/2025,2025-04-28T17:03:00.000+02:00,Monday,2025-W18,,,49,Belek,,☀️ Nachmittag,TRUE,,51,57,12.2,,,,,,Kopfschmerzen,,,,,,,,,,,,32555485-caa7-80f1-baa8-e20938a756de,"Meditation, Outdoor-Time, Urlaub, Eisbad",,"Koffein, Magnesium, Multivitamin, Omega-3, Vit D","Freunde, Reisestress","Hot-Shower, Bett geteilt, Anderes Bett, Nap",,,3130,159,117,369,,,,,,,,,,,,,,,,,,,
4/27/2025,2025-04-27,Sunday,2025-W18,Frei,,0,,,,FALSE,,89,93,12.4,,,,,,Allergie,,,,,,,,,,,,32555485-caa7-80b8-a245-c02f238b95ad,Libido,,"Multivitamin, Omega-3, Vit D",Freunde,"Schlafmaske, Bett geteilt, Nasenpflaster",83.8,12.6,3201,125,107,464,,,,,,,,,,,,,,,,,,,
4/26/2025,2025-04-26,Saturday,2025-W17,Frei,,0,,,,FALSE,,57,90,12.2,,,,,,Allergie,,,,,,,,,,,,32555485-caa7-80ba-bc84-f6ef9733562b,Outdoor-Time,,"Magnesium, Multivitamin, Kreatin, Omega-3, Vit D",,"Zahnspange, Schlafmaske, Bett geteilt, Nasenpflaster",83.35,12.6,3072,134,104,421,,,,,,,,,,,,,,,,,,,
4/25/2025,2025-04-25T16:44:00.000+02:00,Friday,2025-W17,,,121,,,☀️ Nachmittag,FALSE,,58,96,11.8,,,,,,Allergie,,,,,,,,,,,,32555485-caa7-8039-aaa6-dbca1a01162a,Dehnen,,"Koffein, Magnesium, Multivitamin, Kreatin, Omega-3, Vit D",Beziehungsstress,"Schlafmaske, Bett geteilt, Nasenpflaster",83.9,12.6,2669,135,77,363,,,,,,,,,,,,,,,,,,,
4/24/2025,2025-04-24T16:55:00.000+02:00,Thursday,2025-W17,Kraft,,79,MTG Halle,Halle,☀️ Nachmittag,FALSE,"Ab/Adduktor 2x10 50kg
Umsetzen 5/4/3/2 90/95/100/105kg
Liegestütz 2x15
Armarbeit 2x50 3kg
Aufsteiger 5/4/4/3 90/100/100/110kg
Aufroller 2x8
Tscherbakis 2x6
Strecker 2x8 20kg",62,95,14.2,,,,,,"Muskelkater, Allergie",,121,,,112,,,,,,,32555485-caa7-8088-9ebe-eeff29176293,"Dehnen, Libido, Physio",,"Magnesium, Multivitamin, Kreatin, Omega-3, B12, Vit D",,"Schlafmaske, Bett geteilt, Nasenpflaster",83.65,12.6,2637,91,114,325,,,,,,,,,,,,,,,,,,,
4/23/2025,2025-04-23T15:03:00.000+02:00,Wednesday,2025-W17,,,89,MTG Halle,,☀️ Nachmittag,FALSE,,67,79,11.4,,,,,,"Muskelkater, Allergie",,,,,,,,,,,,32555485-caa7-80c6-a9f8-e829cb615014,"Meditation, Outdoor-Time, Dehnen",,"Magnesium, Multivitamin, Kreatin, Omega-3, Vit D",,"Schlafmaske, Bett geteilt",84.55,12.7,2091,89,55,318,,,,,,,,,,,,,,,,,,,
4/22/2025,2025-04-22,Tuesday,2025-W17,Frei,,0,,,,FALSE,,44,54,10.7,,,,,,Allergie,,,,,,,,,,,,32555485-caa7-8034-b6df-db0ca03c3008,"Spaziergang, Outdoor-Time, Libido",,"Koffein, Multivitamin, Omega-3, Vit D","Freunde, Reisestress","Schlafmaske, Bett geteilt",83.65,12.7,4027,155,188,433,,,,,,,,,,,,,,,,,,,
4/21/2025,2025-04-21T18:48:00.000+02:00,Monday,2025-W17,Kraft,,61,MTG Halle,Halle,🌙 Abend,FALSE,"Trapbar 5/4/3/2 100/110/120/130kg
Armarbeit spezial 2x7 7kg
Hüftbeuger 8/7/6 70/80/90kg
Wade 2x12 50kg
Squat 6/5/4/3 110/120/130/135kg
Beuger spezial 2x8
Box-Jump 2x3
Strecker 2x8 20kg",70,100,14.4,,,,,,Allergie,,,,138.7,,,,,,,,32555485-caa7-800a-8112-f66654449eb5,Dehnen,,"Koffein, Magnesium, Multivitamin, Kreatin, Omega-3, B12, Vit D",,"Schlafmaske, Bett geteilt, Nasenpflaster",83.9,12.7,2302,111,92,266,,,,,,,,,,,,,,,,,,,
4/20/2025,2025-04-20,Sunday,2025-W17,Frei,,0,,,,FALSE,,93,100,7.1,,,,,,Allergie,,,,,,,,,,,,32555485-caa7-80a0-9ab7-caf0d8b23ed7,Outdoor-Time,,"Magnesium, Multivitamin, Kreatin, Omega-3, B12, Vit D",,"Hot-Shower, Schlafmaske, Bett geteilt, Nasenpflaster",84.35,12.7,2897,176,83,371,,,,,,,,,,,,,,,,,,,
4/19/2025,2025-04-19T13:00:00.000+02:00,Saturday,2025-W16,,,74,MTG Halle,,☀️ Nachmittag,FALSE,,95,97,10.7,,,,,,"Muskelkater, Allergie",,,,,,,,,,,,32555485-caa7-8058-a330-f29a951e498f,"Outdoor-Time, Dehnen",,"Koffein, Magnesium, Multivitamin, Kreatin, Omega-3, B12, Vit D",,"Zahnspange, Schlafmaske, Bett geteilt, Nasenpflaster",83.7,12.5,2363,125,102,246,,,,,,,,,,,,,,,,,,,
4/18/2025,2025-04-18T15:34:00.000+02:00,Friday,2025-W16,Kraft,,84,MTG Halle,Halle,☀️ Nachmittag,FALSE,"Adduktor 3x10 50kg
Abduktor 3x10 50kg
Umsetzen 5/4/3/3/2 85/90/95/100/105kg
Armarbeit 3x50 3kg
Aufsteiger 5/4/4/4/3 90/95/100/105/110kg
Aufroller 3x8
Liegestütz 3x15
Box-Jump 3x6
Strecker 3x8 20kg",47,94,15.4,,,,,,"Muskelkater, Allergie",,121,,,112,,,,,,,32555485-caa7-80e5-a327-cfe3e5b04b4f,"Meditation, Dehnen",,"Magnesium, Multivitamin, Kreatin, Omega-3, B12",,"Hot-Shower, Schlafmaske, Bett geteilt",84,12.5,2231,147,68,268,,,,,,,,,,,,,,,,,,,
4/17/2025,2025-04-17T18:03:00.000+02:00,Thursday,2025-W16,,,46,MTG Halle,Halle,🌙 Abend,FALSE,,78,90,11.9,,,,,,"Muskelkater, Erschöpft, Allergie",,,,,,,,,,,,32555485-caa7-80bd-9e6e-d44e4f8b40da,"Spaziergang, Meditation, Outdoor-Time, Dehnen, Physio",,"Magnesium, Multivitamin, Kreatin, Omega-3",,"Schlafmaske, Bett geteilt, Nasenpflaster",83.8,12.4,3894,103,178,478,,,,,,,,,,,,,,,,,,,
4/16/2025,2025-04-16T16:16:00.000+02:00,Wednesday,2025-W16,,,67,MTG Halle,,☀️ Nachmittag,FALSE,2 Einheiten Pilates vor der normalen Trainingseinheit,65,81,16.2,,,,,,"Muskelkater, Allergie",,,,,,,,,,,,32555485-caa7-8076-b067-c162630d3935,"Meditation, Dehnen, Outdoor-Time, Kalte Dusche, Akupunktur",,"Koffein, Magnesium, Multivitamin, Kreatin, Omega-3, B12",Freunde,"Schlafmaske, Late Meal, Bett geteilt, Nasenpflaster",83.2,12.5,3956,128,178,488,,,,,,,,,,,,,,,,,,,
4/15/2025,2025-04-15T16:15:00.000+02:00,Tuesday,2025-W16,,,131,MTG Halle,,☀️ Nachmittag,FALSE,1 Einheit Pilates,92,82,14.7,,,,,,"Muskelkater, Allergie",,,,,,,,,,,,32555485-caa7-80d7-ab45-eb16b3c78d2c,"Meditation, Outdoor-Time, Dehnen, Kalte Dusche",,"Magnesium, Multivitamin, Kreatin, Omega-3, B12",Freunde,"Schlafmaske, Bett geteilt, Nasenpflaster",83.2,12.4,3113,134,128,368,,,,,,,,,,,,,,,,,,,
4/14/2025,2025-04-14T17:06:00.000+02:00,Monday,2025-W16,Kraft,,92,MTG Halle,Halle,☀️ Nachmittag,FALSE,"2 Einheiten Pilates morgens / nachmittags
Trapbar 5/4/4/3/3/2 100/105/110/115/120/125kg
Armarbeit spezial 3x20 7kg
Hüftbeuger 10/9/8 70/80/90kg
Wade 3x12 60kg
Squat 6/5/4/3/2 100/110/120/130/150kg
Beuger spezial 3x8
Box-Jump 3x3
Beinstrecker 3x8 20kg",78,83,17.8,,,1 - Hoch,,,"Muskelkater, Allergie",,,,133.3,,,,,,,,32555485-caa7-806e-9de2-fa5114024070,"Outdoor-Time, Dehnen, Meditation, Physio, Neuroathletik",,"Magnesium, Multivitamin, Kreatin, Omega-3, B12",Freunde,"Schlafmaske, Late Meal",83.8,12.4,3128,117,143,344,,,,,,,,,,,,,,,,,,,
4/13/2025,2025-04-13,Sunday,2025-W16,Frei,,0,,,,FALSE,,83,100,10.4,,,,,,Allergie,,,,,,,,,,,,32555485-caa7-8026-9e30-d3113d0344f1,"Outdoor-Time, Kalte Dusche",,"Magnesium, Multivitamin, Omega-3, B12",,"Zahnspange, Schlafmaske, Late Meal, Unterbrechung, Bett geteilt",83,12.5,3399,176,131,381,,,,,,,,,,,,,,,,,,,
4/12/2025,2025-04-12T18:33:00.000+02:00,Saturday,2025-W15,,,39,MTG Halle,,🌙 Abend,FALSE,,90,100,10.2,,,,,,"Muskelkater, Allergie",,,,,,,,,,,,32555485-caa7-80eb-af88-fb0ebf0c8764,"Outdoor-Time, Meditation, Dehnen, Kalte Dusche, Sauna",,"Magnesium, Multivitamin, Kreatin, Omega-3, B12",,"Bett geteilt, Nasenpflaster",82.65,12.3,3115,159,102,388,,,,,,,,,,,,,,,,,,,
4/11/2025,2025-04-11T17:11:00.000+02:00,Friday,2025-W15,,,145,Saarbrücken,,☀️ Nachmittag,FALSE,,71,84,12.4,,,,,,Allergie,,,,,,,,,,,,32555485-caa7-80ca-b71a-f17ad3e3adab,"Meditation, Outdoor-Time, Neuroathletik",,"Koffein, Magnesium, Multivitamin, Kreatin, Omega-3","Reisestress, Freunde","Schlafmaske, Bett geteilt, Nasenpflaster",82.65,12.2,,,,,,,,,,,,,,,,,,,,,,,
4/10/2025,2025-04-10,Thursday,2025-W15,Frei,,0,,,,FALSE,,68,69,11.6,,,,,,Allergie,,,,,,,,,,,,32555485-caa7-805f-9689-e30e16bae970,Outdoor-Time,,"Koffein, Multivitamin, Kreatin, Omega-3, Vit D","Freunde, Reisestress","Schlafmaske, Unterbrechung, Bett geteilt",82.65,12.4,,,,,,,,,,,,,,,,,,,,,,,
4/9/2025,2025-04-09T16:23:00.000+02:00,Wednesday,2025-W15,Kraft,,168,Saarbrücken,,☀️ Nachmittag,TRUE,"Umsetzen 5/4/3/2 80/90/100/105kg
Aufsteiger 5/4/4/3 80/90/100/110kg",55,100,15.1,,,,,,"Verdauung, Allergie, Muskelkater",,121,,,112,,,,,,,32555485-caa7-80a9-89b8-fa80d5425940,"Meditation, Physio",,"Koffein, Magnesium, Multivitamin, Kreatin, Omega-3, Vit D","Reisestress, Freunde","Schlafmaske, Unterbrechung",82.25,12.4,,,,,,,,,,,,,,,,,,,,,,,
4/8/2025,2025-04-08T15:40:00.000+02:00,Tuesday,2025-W15,,,88,Mannheim,,☀️ Nachmittag,FALSE,,72,100,12.5,,,,,,Allergie,,,,,,,,,,,,32555485-caa7-80cd-8e83-eb22a199fe19,"Meditation, Lympho, Outdoor-Time, Dehnen",,"Koffein, Magnesium, Multivitamin, Kreatin, Omega-3, B12, Vit D",Beziehungsstress,Bett geteilt,82.6,12.5,2620,100,77,385,,,,,,,,,,,,,,,,,,,
4/7/2025,2025-04-07T18:02:00.000+02:00,Monday,2025-W15,Kraft,,115,MTG Halle,,🌙 Abend,FALSE,"Armarbeit spezial 3x20 7kg
Trapbar 5/5/4/4/3/3 100/105/110/115/120/125kg
Hüftbeuger 10/9/8 70/80/90kg
Wade 3x12 50kg
Squat 6/5/5/4/4/3 100/110/120/130/140/140kg
Beuger spezial 3x8
Box-Jump 3x3
Strecker 3x8 20kg",49,100,16.1,,,,,,Allergie,,,,137.5,,,,,,,,32555485-caa7-809f-a6d0-c165bf347385,"Meditation, Dehnen",,"Koffein, Magnesium, Multivitamin, Kreatin, Omega-3, B12, Vit D",,Bett geteilt,82.6,12.3,2315,127,94,234,,,,,,,,,,,,,,,,,,,
4/6/2025,2025-04-06,Sunday,2025-W15,Frei,,0,,,,FALSE,,66,100,6.7,,,,,,Allergie,,,,,,,,,,,,32555485-caa7-80fa-b632-ff72a14f0316,"Meditation, Outdoor-Time, Libido",,"Magnesium, Multivitamin, Omega-3, B12, Vit D",,Bett geteilt,81.9,12.3,2576,89,125,289,,,,,,,,,,,,,,,,,,,
4/5/2025,2025-04-05,Saturday,2025-W14,Frei,,0,,,,FALSE,,97,93,8.3,,,,,Müde,"Verdauung, Erschöpft, Allergie",,,,,,,,,,,,32555485-caa7-801d-a2e0-f022fdb9e07b,"Meditation, Outdoor-Time, Kalte Dusche, Sauna, Libido",,"Magnesium, Multivitamin, Omega-3, Vit D","Beziehungsstress, Freunde","Zahnspange, Anderes Bett",82.65,12.2,2136,71,78,285,,,,,,,,,,,,,,,,,,,
4/4/2025,2025-04-04,Friday,2025-W14,,,0,,,,FALSE,,,,,,,,,,,,,,,,,,,,,,32555485-caa7-8027-ae84-d4f0a37d919b,,,,,,82,12.1,2490,121,81,308,,,,,,,,,,,,,,,,,,,
4/3/2025,2025-04-03,Thursday,2025-W14,,,0,,,,FALSE,,,,,,,,,,,,,,,,,,,,,,32555485-caa7-807f-be45-cd1e9c6b433c,,,,,,83.05,12.4,,,,,,,,,,,,,,,,,,,,,,,
4/2/2025,2025-04-02,Wednesday,2025-W14,,,0,,,,FALSE,,,,,,,,,,,,,,,,,,,,,,32555485-caa7-809c-93d3-d7f54da53d68,,,,,,83.05,12.4,,,,,,,,,,,,,,,,,,,,,,,
4/1/2025,2025-04-01,Tuesday,2025-W14,,,0,,,,FALSE,,,,,,,,,,,,,,,,,,,,,,32555485-caa7-802d-a26c-e4426389e977,,,,,,82.25,12.3,,,,,,,,,,,,,,,,,,,,,,,
3/31/2025,2025-03-31,Monday,2025-W14,,,0,,,,FALSE,,,,,,,,,,,,,,,,,,,,,,32455485-caa7-80a5-9c20-ec278e51cdb0,,,,,,81.75,12.3,,,,,,,,,,,,,,,,,,,,,,,
3/30/2025,2025-03-30,Sunday,2025-W14,,,0,,,,FALSE,,,,,,,,,,,,,,,,,,,,,,32455485-caa7-8094-96c0-da613d279689,,,,,,81.75,12.2,3185,98,76,526,,,,,,,,,,,,,,,,,,,
3/29/2025,2025-03-29,Saturday,2025-W13,,,0,,,,FALSE,,,,,,,,,,,,,,,,,,,,,,32455485-caa7-80aa-9cf0-e91e154e6f43,,,,,,82.1,12.3,2051,83,49,325,,,,,,,,,,,,,,,,,,,
3/28/2025,2025-03-28,Friday,2025-W13,,,0,,,,FALSE,,,,,,,,,,,,,,,,,,,,,,32455485-caa7-8022-b100-c1646ea8e51c,,,,,,82.3,12.3,3445,161,107,458,,,,,,,,,,,,,,,,,,,
3/27/2025,2025-03-27,Thursday,2025-W13,,,0,,,,FALSE,,,,,,,,,,,,,,,,,,,,,,32455485-caa7-8043-b6d3-d36056ef414f,,,,,,82.6,12.3,,,,,,,,,,,,,,,,,,,,,,,
3/26/2025,2025-03-26,Wednesday,2025-W13,,,0,,,,FALSE,,,,,,,,,,,,,,,,,,,,,,32455485-caa7-8048-812c-ceca3465ff8d,,,,,,83,12.4,,,,,,,,,,,,,,,,,,,,,,,
3/25/2025,2025-03-25,Tuesday,2025-W13,,,0,,,,FALSE,,,,,,,,,,,,,,,,,,,,,,32455485-caa7-8027-9b86-e73039c9e313,,,,,,82.65,12.3,,,,,,,,,,,,,,,,,,,,,,,
3/24/2025,2025-03-24,Monday,2025-W13,,,0,,,,FALSE,,,,,,,,,,,,,,,,,,,,,,32455485-caa7-808b-9e84-f702413c62fd,,,,,,82.25,12.3,,,,,,,,,,,,,,,,,,,,,,,
3/23/2025,2025-03-23,Sunday,2025-W13,,,0,,,,FALSE,,,,,,,,,,,,,,,,,,,,,,32455485-caa7-8060-ba6f-f166123991c6,,,,,,81.9,12.2,,,,,,,,,,,,,,,,,,,,,,,
3/22/2025,2025-03-22,Saturday,2025-W12,,,0,,,,FALSE,,,,,,,,,,,,,,,,,,,,,,32455485-caa7-8025-982d-e92d6258b56d,,,,,,,,,,,,,,,,,,,,,,,,,,,,,,
3/21/2025,2025-03-21,Friday,2025-W12,,,0,,,,FALSE,,,,,,,,,,,,,,,,,,,,,,32455485-caa7-80c4-b504-c0ebc4954ae5,,,,,,,,,,,,,,,,,,,,,,,,,,,,,,
3/20/2025,2025-03-20,Thursday,2025-W12,,,0,,,,FALSE,,,,,,,,,,,,,,,,,,,,,,32455485-caa7-801e-a6c8-ffcdbe56b78d,,,,,,81.55,12.2,,,,,,,,,,,,,,,,,,,,,,,
3/19/2025,2025-03-19,Wednesday,2025-W12,,,0,,,,FALSE,,,,,,,,,,,,,,,,,,,,,,32455485-caa7-8064-8b25-de2a01ccb0f3,,,,,,81.85,12.1,3467,127,108,498,,,,,,,,,,,,,,,,,,,
3/18/2025,2025-03-18,Tuesday,2025-W12,,,0,,,,FALSE,,,,,,,,,,,,,,,,,,,,,,32455485-caa7-80ab-9ef5-d3ddac0baa63,,,,,,81.6,12.3,2441,111,92,290,,,,,,,,,,,,,,,,,,,
3/17/2025,2025-03-17,Monday,2025-W12,,,0,,,,FALSE,,,,,,,,,,,,,,,,,,,,,,32455485-caa7-8040-bb84-d9662af48728,,,,,,81.6,12.2,3587,177,124,435,,,,,,,,,,,,,,,,,,,
3/16/2025,2025-03-16,Sunday,2025-W12,,,0,,,,FALSE,,,,,,,,,,,,,,,,,,,,,,32455485-caa7-8073-ab5d-e351c8268107,,,,,,81.6,12.2,2711,127,97,329,,,,,,,,,,,,,,,,,,,
3/15/2025,2025-03-15,Saturday,2025-W11,,,0,,,,FALSE,,,,,,,,,,,,,,,,,,,,,,32455485-caa7-80ee-8a50-cb012ee447d0,,,,,,81.6,12.2,3208,122,101,454,,,,,,,,,,,,,,,,,,,
3/14/2025,2025-03-14,Friday,2025-W11,,,0,,,,FALSE,,,,,,,,,,,,,,,,,,,,,,32455485-caa7-80bc-a24d-f1310c84653d,,,,,,81.95,12.3,2749,131,55,426,,,,,,,,,,,,,,,,,,,
3/13/2025,2025-03-13,Thursday,2025-W11,,,0,,,,FALSE,,,,,,,,,,,,,,,,,,,,,,32455485-caa7-809b-9bd6-d743760c671b,,,,,,81.65,12.3,2927,133,122,322,,,,,,,,,,,,,,,,,,,
3/12/2025,2025-03-12,Wednesday,2025-W11,,,0,,,,FALSE,,,,,,,,,,,,,,,,,,,,,,32455485-caa7-804c-9b2c-c8a2decc9c90,,,,,,81.4,12.2,2490,113,89,303,,,,,,,,,,,,,,,,,,,
3/11/2025,2025-03-11,Tuesday,2025-W11,,,0,,,,FALSE,,,,,,,,,,,,,,,,,,,,,,32455485-caa7-8037-afad-ec25b2d85891,,,,,,81.6,12.4,2690,111,66,414,,,,,,,,,,,,,,,,,,,
3/10/2025,2025-03-10,Monday,2025-W11,,,0,,,,FALSE,,,,,,,,,,,,,,,,,,,,,,32455485-caa7-8072-b121-f77f592dc7c7,,,,,,81.6,12.3,2461,103,60,367,,,,,,,,,,,,,,,,,,,
3/9/2025,2025-03-09,Sunday,2025-W11,,,0,,,,FALSE,,,,,,,,,,,,,,,,,,,,,,32455485-caa7-8019-a19e-e74102077547,,,,,,82,12.2,2452,96,81,329,,,,,,,,,,,,,,,,,,,
3/8/2025,2025-03-08,Saturday,2025-W10,,,0,,,,FALSE,,,,,,,,,,,,,,,,,,,,,,32455485-caa7-8029-87eb-fd34c02eb167,,,,,,81.7,12.1,2940,93,126,362,,,,,,,,,,,,,,,,,,,
3/7/2025,2025-03-07,Friday,2025-W10,,,0,,,,FALSE,,,,,,,,,,,,,,,,,,,,,,32455485-caa7-80df-be96-eb9b10bbbecc,,,,,,,,,,,,,,,,,,,,,,,,,,,,,,
3/6/2025,2025-03-06,Thursday,2025-W10,,,0,,,,FALSE,,,,,,,,,,,,,,,,,,,,,,32455485-caa7-80fe-8d7a-d0647a52dac9,,,,,,81.25,12.1,3403,121,120,461,,,,,,,,,,,,,,,,,,,
3/5/2025,2025-03-05,Wednesday,2025-W10,,,0,,,,FALSE,,,,,,,,,,,,,,,,,,,,,,32455485-caa7-80ca-8010-f673107883ad,,,,,,81.25,12.2,2916,127,134,302,,,,,,,,,,,,,,,,,,,
3/4/2025,2025-03-04,Tuesday,2025-W10,,,0,,,,FALSE,,,,,,,,,,,,,,,,,,,,,,32455485-caa7-80ab-a994-c86bf71e3c9d,,,,,,81.25,12,2750,112,116,309,,,,,,,,,,,,,,,,,,,
3/3/2025,2025-03-03,Monday,2025-W10,,,0,,,,FALSE,,,,,,,,,,,,,,,,,,,,,,32455485-caa7-80a8-b3ac-dafe8d288821,,,,,,80.6,12,2900,103,114,366,,,,,,,,,,,,,,,,,,,
3/2/2025,2025-03-02,Sunday,2025-W10,,,0,,,,FALSE,,,,,,,,,,,,,,,,,,,,,,32455485-caa7-8096-bcf1-d3bbd5edf772,,,,,,81.6,12.1,1711,76,67,201,,,,,,,,,,,,,,,,,,,
3/1/2025,2025-03-01,Saturday,2025-W09,,,0,,,,FALSE,,,,,,,,,,,,,,,,,,,,,,32455485-caa7-8058-81a7-f9b42e3122e6,,,,,,82.4,12.4,,,,,,,,,,,,,,,,,,,,,,,
2/28/2025,2025-02-28,Friday,2025-W09,,,0,,,,FALSE,,,,,,,,,,,,,,,,,,,,,,32455485-caa7-80e9-8f12-df1a0b76e2bb,,,,,,82.4,12.2,1901,85,67,234,,,,,,,,,,,,,,,,,,,
2/27/2025,2025-02-27,Thursday,2025-W09,,,0,,,,FALSE,,,,,,,,,,,,,,,,,,,,,,32455485-caa7-803f-9059-dadd1bd15746,,,,,,81.75,12,2410,108,79,322,,,,,,,,,,,,,,,,,,,
2/26/2025,2025-02-26,Wednesday,2025-W09,,,0,,,,FALSE,,,,,,,,,,,,,,,,,,,,,,32455485-caa7-8061-90b9-c3c88712c988,,,,,,81.75,12.2,3069,116,154,309,,,,,,,,,,,,,,,,,,,
2/25/2025,2025-02-25,Tuesday,2025-W09,,,0,,,,FALSE,,,,,,,,,,,,,,,,,,,,,,32455485-caa7-80f1-bb42-c531f705145b,,,,,,81.1,12,3664,140,137,467,,,,,,,,,,,,,,,,,,,
2/24/2025,2025-02-24,Monday,2025-W09,,,0,,,,FALSE,,,,,,,,,,,,,,,,,,,,,,32455485-caa7-80fe-984d-f2c5aeedf748,,,,,,81.1,12,,,,,,,,,,,,,,,,,,,,,,,
2/23/2025,2025-02-23,Sunday,2025-W09,,,0,,,,FALSE,,,,,,,,,,,,,,,,,,,,,,32455485-caa7-809f-8905-facc9c680c0f,,,,,,,,,,,,,,,,,,,,,,,,,,,,,,
2/22/2025,2025-02-22,Saturday,2025-W08,Wettkampf,,0,Halle Dortmund,Halle,,FALSE,Weit: 7.67m,,,,,,,,,,,,,,,7.67,,,,,,2cc55485-caa7-80de-acd9-f184e70acdf6,,,,,,,,,,,,,,,,,,,,,,,,,,,,,,
2/21/2025,2025-02-21,Friday,2025-W08,,,0,,,,FALSE,,,,,,,,,,,,,,,,,,,,,,32455485-caa7-80a0-9266-c378b1ccdde9,,,,,,81.1,12,,,,,,,,,,,,,,,,,,,,,,,
2/20/2025,2025-02-20,Thursday,2025-W08,,,0,,,,FALSE,,,,,,,,,,,,,,,,,,,,,,32455485-caa7-8044-9828-ca4a527ea092,,,,,,81.1,12.1,2192,91,47,358,,,,,,,,,,,,,,,,,,,
2/19/2025,2025-02-19,Wednesday,2025-W08,,,0,,,,FALSE,,,,,,,,,,,,,,,,,,,,,,32455485-caa7-8028-a8f7-eb63cb417125,,,,,,80.8,12,2553,132,79,325,,,,,,,,,,,,,,,,,,,
2/18/2025,2025-02-18,Tuesday,2025-W08,,,0,,,,FALSE,,,,,,,,,,,,,,,,,,,,,,32455485-caa7-809d-94c5-d294d02d8e75,,,,,,81.15,12,4169,191,220,365,,,,,,,,,,,,,,,,,,,
2/17/2025,2025-02-17,Monday,2025-W08,,,0,,,,FALSE,,,,,,,,,,,,,,,,,,,,,,32455485-caa7-8015-be11-c8384d9523fb,,,,,,81.85,12.1,1611,92,69,159,,,,,,,,,,,,,,,,,,,
2/16/2025,2025-02-16,Sunday,2025-W08,,,0,,,,FALSE,,,,,,,,,,,,,,,,,,,,,,32455485-caa7-80ae-ade8-c22d18ef5d5b,,,,,,,,,,,,,,,,,,,,,,,,,,,,,,
2/15/2025,2025-02-15,Saturday,2025-W07,Wettkampf,,0,Halle Birmingham,Halle,,FALSE,Weit: 7.48m,,,,,,,,,,,,,,,7.48,,,,,,2cc55485-caa7-8092-b865-faa12cc0ced7,,,,,,,,,,,,,,,,,,,,,,,,,,,,,,
2/14/2025,2025-02-14,Friday,2025-W07,,,0,,,,FALSE,,,,,,,,,,,,,,,,,,,,,,32455485-caa7-80c0-91a3-c952945669be,,,,,,80.75,12,,,,,,,,,,,,,,,,,,,,,,,
2/13/2025,2025-02-13,Thursday,2025-W07,,,0,,,,FALSE,,,,,,,,,,,,,,,,,,,,,,32455485-caa7-80cf-aea5-e07e1fe7a116,,,,,,80.75,12.1,2371,111,73,320,,,,,,,,,,,,,,,,,,,
2/12/2025,2025-02-12,Wednesday,2025-W07,,,0,,,,FALSE,,,,,,,,,,,,,,,,,,,,,,32455485-caa7-80f3-bb51-ec655090ece4,,,,,,80.75,12,,,,,,,,,,,,,,,,,,,,,,,
2/11/2025,2025-02-11,Tuesday,2025-W07,,,0,,,,FALSE,,,,,,,,,,,,,,,,,,,,,,32455485-caa7-80d6-8f94-e9f5c0bd1377,,,,,,80.2,12,3026,112,115,389,,,,,,,,,,,,,,,,,,,
2/10/2025,2025-02-10,Monday,2025-W07,,,0,,,,FALSE,,,,,,,,,,,,,,,,,,,,,,32455485-caa7-8048-891b-c81e604b4100,,,,,,79.4,11.9,3840,150,140,509,,,,,,,,,,,,,,,,,,,
2/9/2025,2025-02-09,Sunday,2025-W07,,,0,,,,FALSE,,,,,,,,,,,,,,,,,,,,,,32455485-caa7-80a7-a799-f5af838f183f,,,,,,,,,,,,,,,,,,,,,,,,,,,,,,
2/8/2025,2025-02-08,Saturday,2025-W06,Wettkampf,,0,Halle Hamburg,Halle,,FALSE,Weit: 7.31m,,,,,,,,,,,,,,,7.31,,,,,,2cc55485-caa7-8071-b991-f163dea1931d,,,,,,,,,,,,,,,,,,,,,,,,,,,,,,
2/7/2025,2025-02-07,Friday,2025-W06,,,0,,,,FALSE,,,,,,,,,,,,,,,,,,,,,,32455485-caa7-8072-9eb4-d63d8039d25b,,,,,,79.4,11.9,,,,,,,,,,,,,,,,,,,,,,,
2/6/2025,2025-02-06,Thursday,2025-W06,,,0,,,,FALSE,,,,,,,,,,,,,,,,,,,,,,32455485-caa7-8091-8a84-e4ea3ee1fb09,,,,,,79.65,11.9,2224,128,90,234,,,,,,,,,,,,,,,,,,,
2/5/2025,2025-02-05,Wednesday,2025-W06,,,0,,,,FALSE,,,,,,,,,,,,,,,,,,,,,,32455485-caa7-80ed-9cf1-d1caadbab504,,,,,,80.2,12.1,,,,,,,,,,,,,,,,,,,,,,,
2/4/2025,2025-02-04,Tuesday,2025-W06,,,0,,,,FALSE,,,,,,,,,,,,,,,,,,,,,,32455485-caa7-80bb-a31f-d2e90a0d9d10,,,,,,80.7,12.1,,,,,,,,,,,,,,,,,,,,,,,
2/3/2025,2025-02-03,Monday,2025-W06,,,0,,,,FALSE,,,,,,,,,,,,,,,,,,,,,,32455485-caa7-80a3-a655-ce90ade4f051,,,,,,81.15,12.1,,,,,,,,,,,,,,,,,,,,,,,
2/2/2025,2025-02-02,Sunday,2025-W06,,,0,,,,FALSE,,,,,,,,,,,,,,,,,,,,,,32455485-caa7-8093-a9b0-f78e359ab395,,,,,,82.25,12.3,1279,66,46,155,,,,,,,,,,,,,,,,,,,
2/1/2025,2025-02-01,Saturday,2025-W05,,,0,,,,FALSE,,,,,,,,,,,,,,,,,,,,,,32455485-caa7-80fc-9c91-ffbae3e56886,,,,,,82.25,12.3,2505,103,81,347,,,,,,,,,,,,,,,,,,,
1/31/2025,2025-01-31,Friday,2025-W05,,,0,,,,FALSE,,,,,,,,,,,,,,,,,,,,,,32455485-caa7-80a3-b84b-c0ef73aa278d,,,,,,82.25,12.3,2567,135,63,362,,,,,,,,,,,,,,,,,,,
1/30/2025,2025-01-30,Thursday,2025-W05,,,0,,,,FALSE,,,,,,,,,,,,,,,,,,,,,,32455485-caa7-80e7-84a0-f42404187b6b,,,,,,,,,,,,,,,,,,,,,,,,,,,,,,
1/29/2025,2025-01-29,Wednesday,2025-W05,Wettkampf,,0,Halle Belgrad,Halle,,FALSE,Weit: 7.46m,,,,,,,,,,,,,,,7.46,,,,,,2cc55485-caa7-80c4-ac0b-fa384a197565,,,,,,,,,,,,,,,,,,,,,,,,,,,,,,
1/28/2025,2025-01-28,Tuesday,2025-W05,,,0,,,,FALSE,,,,,,,,,,,,,,,,,,,,,,32455485-caa7-8010-93e9-cb8f218e22e3,,,,,,81.3,12.3,,,,,,,,,,,,,,,,,,,,,,,
1/27/2025,2025-01-27,Monday,2025-W05,,,0,,,,FALSE,,,,,,,,,,,,,,,,,,,,,,32455485-caa7-80c8-9bc4-dd022f2b4967,,,,,,81.3,12.3,2532,136,72,342,,,,,,,,,,,,,,,,,,,
1/26/2025,2025-01-26,Sunday,2025-W05,,,0,,,,FALSE,,,,,,,,,,,,,,,,,,,,,,32455485-caa7-808c-9776-e996da03a185,,,,,,82.15,12.3,1969,79,57,279,,,,,,,,,,,,,,,,,,,
1/25/2025,2025-01-25,Saturday,2025-W04,Wettkampf,,0,Halle Dortmund,Halle,,FALSE,Weit: 7.51m,,,,,,,,,,,,,,,7.51,,,,,,2cc55485-caa7-8048-9b11-f9f83a8cac0c,,,,,,,,,,,,,,,,,,,,,,,,,,,,,,
1/24/2025,2025-01-24,Friday,2025-W04,,,0,,,,FALSE,,,,,,,,,,,,,,,,,,,,,,32455485-caa7-801e-a709-d146d6ba2418,,,,,,80.5,12.1,3154,164,119,356,,,,,,,,,,,,,,,,,,,
1/23/2025,2025-01-23,Thursday,2025-W04,,,0,,,,FALSE,,,,,,,,,,,,,,,,,,,,,,32455485-caa7-80ef-b9ae-f11e5e752e62,,,,,,80.8,12.1,2452,111,74,333,,,,,,,,,,,,,,,,,,,
1/22/2025,2025-01-22,Wednesday,2025-W04,,,0,,,,FALSE,,,,,,,,,,,,,,,,,,,,,,32455485-caa7-804e-a171-ebcb36627944,,,,,,80.8,12.1,2029,96,75,239,,,,,,,,,,,,,,,,,,,
1/21/2025,2025-01-21,Tuesday,2025-W04,,,0,,,,FALSE,,,,,,,,,,,,,,,,,,,,,,32455485-caa7-80a3-b651-ee99fe0142ca,,,,,,81.55,12.8,3558,137,136,456,,,,,,,,,,,,,,,,,,,
1/20/2025,2025-01-20,Monday,2025-W04,,,0,,,,FALSE,,,,,,,,,,,,,,,,,,,,,,32455485-caa7-8032-9138-c5d2cd2586f5,,,,,,81.9,12.2,2870,136,71,424,,,,,,,,,,,,,,,,,,,
1/19/2025,2025-01-19,Sunday,2025-W04,,,0,,,,FALSE,,,,,,,,,,,,,,,,,,,,,,32455485-caa7-808e-8df9-eaf89da52a07,,,,,,80.85,11.9,2588,127,92,308,,,,,,,,,,,,,,,,,,,
1/18/2025,2025-01-18,Saturday,2025-W03,Wettkampf,,0,Halle Sindelfingen,Halle,,FALSE,"60m: 6.87s
Weit: 7.71m",,,,,,,,,,,,,,,7.71,,,,6.87,,2cc55485-caa7-80be-b752-ec2eb594ad48,,,,,,81.75,12.4,1931,111,62,234,,,,,,,,,,,,,,,,,,,
1/17/2025,2025-01-17,Friday,2025-W03,,,0,,,,FALSE,,,,,,,,,,,,,,,,,,,,,,32455485-caa7-804c-b93e-e2539b634807,,,,,,81.4,12.3,1807,106,49,240,,,,,,,,,,,,,,,,,,,
1/16/2025,2025-01-16,Thursday,2025-W03,,,0,,,,FALSE,,,,,,,,,,,,,,,,,,,,,,32455485-caa7-80f5-8d54-c8de975f6a63,,,,,,81.85,12.4,2178,99,57,324,,,,,,,,,,,,,,,,,,,
1/15/2025,2025-01-15,Wednesday,2025-W03,,,0,,,,FALSE,,,,,,,,,,,,,,,,,,,,,,32455485-caa7-80cb-9f04-e84bcc2ac104,,,,,,82.35,12.3,2233,110,70,293,,,,,,,,,,,,,,,,,,,
1/14/2025,2025-01-14,Tuesday,2025-W03,,,0,,,,FALSE,,,,,,,,,,,,,,,,,,,,,,32455485-caa7-8030-a873-ca734a70e673,,,,,,81.6,12.1,2201,131,81,237,,,,,,,,,,,,,,,,,,,
1/13/2025,2025-01-13,Monday,2025-W03,,,0,,,,FALSE,,,,,,,,,,,,,,,,,,,,,,32455485-caa7-804d-8e13-e3ec8cd79220,,,,,,,,,,,,,,,,,,,,,,,,,,,,,,
1/12/2025,2025-01-12,Sunday,2025-W03,,,0,,,,FALSE,,,,,,,,,,,,,,,,,,,,,,32455485-caa7-80b5-b9a0-dd274ca0f9c2,,,,,,,,2525,129,102,282,,,,,,,,,,,,,,,,,,,
1/11/2025,2025-01-11,Saturday,2025-W02,,,0,,,,FALSE,,,,,,,,,,,,,,,,,,,,,,32455485-caa7-800c-b684-deed34dae507,,,,,,,,2857,140,111,333,,,,,,,,,,,,,,,,,,,
1/10/2025,2025-01-10,Friday,2025-W02,,,0,,,,FALSE,,,,,,,,,,,,,,,,,,,,,,32455485-caa7-805d-b8bf-cb7e0a1e033b,,,,,,81,,3371,229,131,331,,,,,,,,,,,,,,,,,,,
1/9/2025,2025-01-09,Thursday,2025-W02,,,0,,,,FALSE,,,,,,,,,,,,,,,,,,,,,,32455485-caa7-8056-98ca-e93445207bd0,,,,,,,,2242,127,82,257,,,,,,,,,,,,,,,,,,,
1/8/2025,2025-01-08,Wednesday,2025-W02,,,0,,,,FALSE,,,,,,,,,,,,,,,,,,,,,,32455485-caa7-8015-ae25-da2248ab1714,,,,,,,,,,,,,,,,,,,,,,,,,,,,,,
1/7/2025,2025-01-07,Tuesday,2025-W02,,,0,,,,FALSE,,,,,,,,,,,,,,,,,,,,,,32455485-caa7-8045-8298-fe3770165e64,,,,,,,,3088,190,111,340,,,,,,,,,,,,,,,,,,,
1/6/2025,2025-01-06,Monday,2025-W02,,,0,,,,FALSE,,,,,,,,,,,,,,,,,,,,,,32455485-caa7-8099-9445-d7f2f596df7d,,,,,,,,2932,158,116,321,,,,,,,,,,,,,,,,,,,
1/5/2025,2025-01-05,Sunday,2025-W02,,,0,,,,FALSE,,,,,,,,,,,,,,,,,,,,,,32455485-caa7-80cb-a690-e06ed762897c,,,,,,,,1816,107,70,202,,,,,,,,,,,,,,,,,,,
1/4/2025,2025-01-04,Saturday,2025-W01,,,0,,,,FALSE,,,,,,,,,,,,,,,,,,,,,,32455485-caa7-801c-8f9f-f8e092f48f16,,,,,,80.55,11.9,2200,91,94,244,,,,,,,,,,,,,,,,,,,
1/3/2025,2025-01-03,Friday,2025-W01,,,0,,,,FALSE,,,,,,,,,,,,,,,,,,,,,,32455485-caa7-801e-bbe3-d0cd3fe4e8b8,,,,,,,,1473,66,41,214,,,,,,,,,,,,,,,,,,,
1/2/2025,2025-01-02,Thursday,2025-W01,,,0,,,,FALSE,,,,,,,,,,,,,,,,,,,,,,32455485-caa7-802c-9c7c-d2b1b52ea952,,,,,,81.45,12.3,1754,87,49,236,,,,,,,,,,,,,,,,,,,
1/1/2025,2025-01-01,Wednesday,2025-W01,,,0,,,,FALSE,,,,,,,,,,,,,,,,,,,,,,32455485-caa7-8000-8d14-f9503cb7a83b,,,,,,81.75,12.4,2535,76,146,228,,,,,,,,,,,,,,,,,,,
12/31/2024,2024-12-31,Tuesday,2024-W01,,,0,,,,FALSE,,,,,,,,,,,,,,,,,,,,,,32355485-caa7-80da-b569-fa15c887b68a,,,,,,81.5,12.2,,,,,,,,,,,,,,,,,,,,,,,
12/30/2024,2024-12-30,Monday,2024-W01,,,0,,,,FALSE,,,,,,,,,,,,,,,,,,,,,,32355485-caa7-803e-9f86-d2630c69a3f0,,,,,,81.7,12.3,2422,128,41,381,,,,,,,,,,,,,,,,,,,
12/29/2024,2024-12-29,Sunday,2024-W01,,,0,,,,FALSE,,,,,,,,,,,,,,,,,,,,,,32355485-caa7-809d-aa15-df1b54d00255,,,,,,81.7,12.2,2477,139,54,372,,,,,,,,,,,,,,,,,,,
12/28/2024,2024-12-28,Saturday,2024-W52,,,0,,,,FALSE,,,,,,,,,,,,,,,,,,,,,,32355485-caa7-8010-8d20-d5443fd1464e,,,,,,81.2,12.2,2744,134,83,368,,,,,,,,,,,,,,,,,,,
12/27/2024,2024-12-27,Friday,2024-W52,,,0,,,,FALSE,,,,,,,,,,,,,,,,,,,,,,32355485-caa7-80aa-bad8-eb56fe8dfeb9,,,,,,81.2,12.2,1949,85,67,252,,,,,,,,,,,,,,,,,,,
12/26/2024,2024-12-26,Thursday,2024-W52,,,0,,,,FALSE,,,,,,,,,,,,,,,,,,,,,,32355485-caa7-8059-9bcf-f97f7a1f0552,,,,,,81.4,12.2,2440,114,55,376,,,,,,,,,,,,,,,,,,,
12/25/2024,2024-12-25,Wednesday,2024-W52,,,0,,,,FALSE,,,,,,,,,,,,,,,,,,,,,,32355485-caa7-801a-bc52-e846e3ba0b5d,,,,,,81.7,12.1,3398,114,125,458,,,,,,,,,,,,,,,,,,,
12/24/2024,2024-12-24,Tuesday,2024-W52,,,0,,,,FALSE,,,,,,,,,,,,,,,,,,,,,,32355485-caa7-8085-9321-e3ec416ec860,,,,,,80.95,12,3426,153,142,393,,,,,,,,,,,,,,,,,,,
12/23/2024,2024-12-23,Monday,2024-W52,,,0,,,,FALSE,,,,,,,,,,,,,,,,,,,,,,32355485-caa7-80c7-99b4-d5a14acdc2c9,,,,,,79.9,11.9,2810,167,120,270,,,,,,,,,,,,,,,,,,,
12/22/2024,2024-12-22,Sunday,2024-W52,,,0,,,,FALSE,,,,,,,,,,,,,,,,,,,,,,32355485-caa7-8064-826b-d9e3b507c44c,,,,,,79.7,11.9,2850,138,107,347,,,,,,,,,,,,,,,,,,,
12/21/2024,2024-12-21,Saturday,2024-W51,,,0,,,,FALSE,,,,,,,,,,,,,,,,,,,,,,32355485-caa7-8034-b427-d2b184c2c842,,,,,,79.95,12,2419,144,84,275,,,,,,,,,,,,,,,,,,,
12/20/2024,2024-12-20,Friday,2024-W51,,,0,,,,FALSE,,,,,,,,,,,,,,,,,,,,,,32355485-caa7-80e8-9cc1-d53856c9994c,,,,,,80.25,11.9,2078,100,89,233,,,,,,,,,,,,,,,,,,,
12/19/2024,2024-12-19,Thursday,2024-W51,,,0,,,,FALSE,,,,,,,,,,,,,,,,,,,,,,32355485-caa7-806c-ba86-fc7b8620317d,,,,,,79.2,11.8,2961,134,117,349,,,,,,,,,,,,,,,,,,,
12/18/2024,2024-12-18,Wednesday,2024-W51,,,0,,,,FALSE,,,,,,,,,,,,,,,,,,,,,,32355485-caa7-800a-b9e8-e67c87ba54e4,,,,,,,,2318,112,88,272,,,,,,,,,,,,,,,,,,,
12/17/2024,2024-12-17,Tuesday,2024-W51,,,0,,,,FALSE,,,,,,,,,,,,,,,,,,,,,,32355485-caa7-80e5-982a-f9c7e35080b5,,,,,,79.35,11.9,1658,68,41,261,,,,,,,,,,,,,,,,,,,
12/16/2024,2024-12-16,Monday,2024-W51,,,0,,,,FALSE,,,,,,,,,,,,,,,,,,,,,,32355485-caa7-8060-8c5e-f4eedaaf297e,,,,,,79.35,11.6,1250,51,49,154,,,,,,,,,,,,,,,,,,,
12/15/2024,2024-12-15,Sunday,2024-W51,,,0,,,,FALSE,,,,,,,,,,,,,,,,,,,,,,32355485-caa7-803c-9fa3-ca04fa7edbdd,,,,,,79.8,13.1,,,,,,,,,,,,,,,,,,,,,,,
12/14/2024,2024-12-14,Saturday,2024-W50,,,0,,,,FALSE,,,,,,,,,,,,,,,,,,,,,,32355485-caa7-80f6-8bf9-f2b0b6654bcf,,,,,,82.45,12.2,2788,147,82,375,,,,,,,,,,,,,,,,,,,
12/13/2024,2024-12-13,Friday,2024-W50,,,0,,,,FALSE,,,,,,,,,,,,,,,,,,,,,,32355485-caa7-8013-81b0-cca8ca4f441e,,,,,,,,2551,113,110,276,,,,,,,,,,,,,,,,,,,
12/12/2024,2024-12-12,Thursday,2024-W50,,,0,,,,FALSE,,,,,,,,,,,,,,,,,,,,,,32355485-caa7-80ad-8308-cd25fe5a7198,,,,,,81.3,12.2,,,,,,,,,,,,,,,,,,,,,,,
12/11/2024,2024-12-11,Wednesday,2024-W50,,,0,,,,FALSE,,,,,,,,,,,,,,,,,,,,,,32355485-caa7-8046-bb56-f6e4d4a394d6,,,,,,80.55,12.1,,,,,,,,,,,,,,,,,,,,,,,
12/10/2024,2024-12-10,Tuesday,2024-W50,,,0,,,,FALSE,,,,,,,,,,,,,,,,,,,,,,32355485-caa7-801c-ab8f-e1e2e31ea1a3,,,,,,81.05,12.2,,,,,,,,,,,,,,,,,,,,,,,
12/9/2024,2024-12-09,Monday,2024-W50,,,0,,,,FALSE,,,,,,,,,,,,,,,,,,,,,,32355485-caa7-80ce-bdf8-edb875013462,,,,,,81.05,12.1,,,,,,,,,,,,,,,,,,,,,,,
12/8/2024,2024-12-08,Sunday,2024-W50,,,0,,,,FALSE,,,,,,,,,,,,,,,,,,,,,,32355485-caa7-801d-8257-ed04295569b2,,,,,,81.05,11.9,,,,,,,,,,,,,,,,,,,,,,,
12/7/2024,2024-12-07,Saturday,2024-W49,,,0,,,,FALSE,,,,,,,,,,,,,,,,,,,,,,32355485-caa7-8001-840e-fc20b903c713,,,,,,81.35,12.2,,,,,,,,,,,,,,,,,,,,,,,
12/6/2024,2024-12-06,Friday,2024-W49,Sprint,,0,,,,FALSE,"warm-up
3x50
3x50 zwl",,,,,,,,,,,,,,,,,,,,,32355485-caa7-8064-abb6-e912680ff5ba,,,,,,81.6,12,,,,,,,,,,,,,,,,,,,,,,,
12/5/2024,2024-12-05,Thursday,2024-W49,Sprint,Beschleunigung,0,,,,FALSE,"warm-up
sprungkordi
20/30/40
zwl/frei",,,,,,,,,,,,,,,,,,,,,32355485-caa7-806f-9a8c-c7026c2f92bf,,,,,,81.4,11.3,,,,,,,,,,,,,,,,,,,,,,,
12/4/2024,2024-12-04,Wednesday,2024-W49,Kraft,,0,,,,FALSE,"Umsetzen 4/4/3/3/2/2
Ad/Abduktor 3x10
Pull Up 4x8
Aufsteiger 5/4/4/3/3/2
Hüftbeuger 4x8
Armarbeit 3x50",,,,,,,,,,,,,,,,,,,,,32355485-caa7-8086-b7ea-c139d46ea947,,,,,,80.75,12,,,,,,,,,,,,,,,,,,,,,,,
12/3/2024,2024-12-03,Tuesday,2024-W49,Sprung,Absprung,0,,,,FALSE,"warm-up
Hürden
2x7er
2x9er
2x11er",,,,,,,,,,,,,,,,,,,,,32355485-caa7-8020-aa49-c8ebceb7d0d9,,,,,,80.75,12.1,,,,,,,,,,,,,,,,,,,,,,,
12/2/2024,2024-12-02,Monday,2024-W49,Kraft,,0,,,,FALSE,"Beuger/Wade 3x12
Trapbar 5/5/4/4/3/3
Aufroller 4x8
Leg Press 6/5/4/3/3/2
Latzug 4x10
Hipthrust 3x7",,,,,,,,,,,,,,,,,,,,,32355485-caa7-8064-abd5-da26c62b5643,,,,,,80.75,12,,,,,,,,,,,,,,,,,,,,,,,
12/1/2024,2024-12-01,Sunday,2024-W49,Frei,,0,,,,FALSE,,,,,,,,,,,,,,,,,,,,,,32355485-caa7-80e7-833e-e936b4835270,,,,,,81.05,12.1,,,,,,,,,,,,,,,,,,,,,,,
11/30/2024,2024-11-30,Saturday,2024-W48,Sprint,,0,,,,FALSE,"400m warm-up
Mobi / Kordi
3x2x6 Wechsler
3x6 Drops
3x50
LP: 3 SP: 8
3x60 
LP: 3 SP 10
3x80 InOut/Acc/InOut
LP. 3",,,,,,,,,,,,,,,,,,,,,32355485-caa7-80f2-9050-fd316f59f5f4,,,,,,81.05,12,,,,,,,,,,,,,,,,,,,,,,,
11/29/2024,2024-11-29,Friday,2024-W48,Kraft,,0,,,,FALSE,"Umsetzen 5/4/4/3/2
Hüftbeuger 3x8
3x8 Pull up
3x50 Armarbeit
3x10 Ad/Abduktor
Aufsteiger 5/4/4/3/2",,,,,,,,,,,,,,,,,,,,,32355485-caa7-8051-b4ae-db5e16be14cd,,,,,,,,,,,,,,,,,,,,,,,,,,,,,,
11/28/2024,2024-11-28,Thursday,2024-W48,Frei,,0,,,,FALSE,,,,,,,,,,,,,,,,,,,,,,32355485-caa7-808d-a05b-c5b165fcbf1b,,,,,,,,,,,,,,,,,,,,,,,,,,,,,,
11/27/2024,2024-11-27,Wednesday,2024-W48,Tempos,Sekundenläufe,0,,,,FALSE,"2x400
mobi
4x20 Hürdensteiger
3x2x4 HüSprünge mit ZH
4x15""/30""/45""
LP: 90""/2'
SP: 6'
18""/100m",,,,,,,,,,,,,,,,,,,,,32355485-caa7-802f-be1a-e31f8c6fdb90,,,,,,81.2,12,,,,,,,,,,,,,,,,,,,,,,,
11/26/2024,2024-11-26,Tuesday,2024-W48,Sprung,,0,,,,FALSE,,,,,,,,,,,,,,,,,,,,,,32355485-caa7-80e4-ace2-c4a0917972ce,,,,,,81.2,12.2,,,,,,,,,,,,,,,,,,,,,,,
11/25/2024,2024-11-25,Monday,2024-W48,Kraft,,0,,,,FALSE,"Trapbar 5/4/4/3/3
Beuger/Wade 3x12
Aufroller 3x8
Beinpresse 6/5/4/3/2
Hipthrust 3x7
Latzug 3x10",,,,,,,,,,,,,,,,,,,,,32355485-caa7-8074-a333-ea10ea3c6ef2,,,,,,81.2,12.3,,,,,,,,,,,,,,,,,,,,,,,
11/24/2024,2024-11-24,Sunday,2024-W48,Frei,,0,,,,FALSE,,,,,,,,,,,,,,,,,,,,,,32355485-caa7-8099-97f1-c475da46de21,,,,,,81.15,12.3,,,,,,,,,,,,,,,,,,,,,,,
11/23/2024,2024-11-23,Saturday,2024-W47,Regeneration,,0,,,,FALSE,"10min rudern
Reha
Fuß, Knie, Rücken",,,,,,,,,,,,,,,,,,,,,32355485-caa7-80ad-9a4b-d906943c3916,,,,,,81.15,12.3,,,,,,,,,,,,,,,,,,,,,,,
11/22/2024,2024-11-22,Friday,2024-W47,"Diagnostik, Regeneration",,0,,,,FALSE,"10min rudern
Reha
Fuß, Knie, Rücken",,,,,,,,,,,,,,,,,,,,,32355485-caa7-80ef-b26e-e9fda67d5265,,,,,,,,,,,,,,,,,,,,,,,,,,,,,,
11/21/2024,2024-11-21,Thursday,2024-W47,Diagnostik,,0,,,,FALSE,,,,,,,,,,,,,,,,,,,,,,32355485-caa7-80fe-a564-e4c154e57918,,,,,,81.15,12.2,,,,,,,,,,,,,,,,,,,,,,,
11/20/2024,2024-11-20,Wednesday,2024-W47,Frei,,0,,,,FALSE,,,,,,,,,,,,,,,,,,,,,,32355485-caa7-80ad-b449-ce75b039d6b4,,,,,,81.15,12,,,,,,,,,,,,,,,,,,,,,,,
11/19/2024,2024-11-19,Tuesday,2024-W47,Sprint,Tempos,0,,,,FALSE,"2x600m
4x20 Hürden
3x2x6 HüSprünge mit ZH
2x60
2x100
2x80
LP: 2
SP: 8

Umsetzen 5/4/3
Aufsteiger 5/4/3
Hüftbeuger 3x8",,,,,,,,,,,,,,,,,,,,,32355485-caa7-808f-8379-eccb9cc3024d,,,,,,81.15,12.3,,,,,,,,,,,,,,,,,,,,,,,
11/18/2024,2024-11-18,Monday,2024-W47,"Kraft, Sprint",,0,,,,FALSE,"2x4x100m NI
Mobi
2x30m ZWL Kordi (7,5kg)
Skipping/KHL/Hinke 
2x2x30/40/50
LP: 2
SP: 8

Trapbar 6/5/4/3
Lunges3x16",,,,,,,,,,,,,,,,,,,,,32355485-caa7-80ab-87da-d3962cba137f,,,,,,80.65,12.2,,,,,,,,,,,,,,,,,,,,,,,
11/17/2024,2024-11-17,Sunday,2024-W47,Frei,,0,,,,FALSE,,,,,,,,,,,,,,,,,,,,,,32355485-caa7-80d4-8e3e-f109cce9d1d8,,,,,,81,12.2,,,,,,,,,,,,,,,,,,,,,,,
11/16/2024,2024-11-16,Saturday,2024-W46,Tempos,Sekundenläufe,0,,,,FALSE,"warm-up
Mobi, Kordi
4x30""/45""/60""
LP: 90'/120'
SP: 6min
20""/100m",,,,,,,,,,,,,,,,,,,,,32355485-caa7-80ec-af54-f14bcff20390,,,,,,80.7,12.3,,,,,,,,,,,,,,,,,,,,,,,
11/15/2024,2024-11-15,Friday,2024-W46,Sprint,Tempos,0,,,,FALSE,"2x600m
Mobi
4x10 Hürdenkordi
2x2x6 HS mit ZH
2x2x6 li/li/re/re
4x60m 7,90/7,94/7,71/7,80
3x100m 12,09/11,93/12,13
3x80m 9,91/10,31/9,72
LP. 2
SP: 8",,,,,,,,,,,,,,,,,,,,,32355485-caa7-8080-bd90-f35312902e81,,,,,,81.35,12.4,,,,,,,,,,,,,,,,,,,,,,,
11/14/2024,2024-11-14,Thursday,2024-W46,Kraft,,0,,,,FALSE,"2min rad
Umsetzen 5/5/4/4/3/3
Ad/Ab 4x12
4x8 Klimmzüge
Aufsteiger 5/5/4/4/3
Hüftbeuger4x8",,,,,,,,,,,,,,,,,,,,,32355485-caa7-8006-9ffb-e4b763de0ea8,,,,,,82,12.5,,,,,,,,,,,,,,,,,,,,,,,
11/13/2024,2024-11-13,Wednesday,2024-W46,Regeneration,Ergometer,0,,,,FALSE,"10min Rad
10min Rudern",,,,,,,,,,,,,,,,,,,,,32355485-caa7-80dc-ad9e-f98f15055b15,,,,,,81.2,12.2,,,,,,,,,,,,,,,,,,,,,,,
11/12/2024,2024-11-12,Tuesday,2024-W46,"Sprint, Sprung","Koordination, Beschleunigung",0,,,,FALSE,"2x5x100
50m GP, 6min SP
Mobi
2x30m HPL 1080 5%
2x30m Skippings 7,5kg
1x20 Keile KHL 6""

2x30m SPL 1080 5%
2x30m KHL 7,5kg
1x20 Keile KHL 

2x30m Pen 1 1080
2x30m Hinke 7,5kg
1x20 Keile KHL

2x30/40/50
LP: 2 SP: 8",,,,,,,,,,,,,,,,,,,,,32355485-caa7-806a-ade1-e66f933b384e,,,,,,,,,,,,,,,,,,,,,,,,,,,,,,
11/11/2024,2024-11-11,Monday,2024-W46,Kraft,,0,,,,FALSE,"Trapbar 6/6/5/5/4
Beuger/Wade 3x15
3x8e Lunges
3x8 Aufroller
3x8 Hipthrust
3x15 Push up",,,,,,,,,,,,,,,,,,,,,32355485-caa7-8037-9006-e70277411ae6,,,,,,80.45,12.1,,,,,,,,,,,,,,,,,,,,,,,
11/10/2024,2024-11-10,Sunday,2024-W46,Frei,,0,,,,FALSE,,,,,,,,,,,,,,,,,,,,,,32355485-caa7-80c0-954d-f7abec2ac7f8,,,,,,80.45,12,,,,,,,,,,,,,,,,,,,,,,,
11/9/2024,2024-11-09,Saturday,2024-W45,Tempos,,0,,,,FALSE,"2 laps
mobi
4x10 Hürdenkordi
4x2x6 HS mit ZH
4x30""/45""/60""
20""/100m
LP: 1,5/2
SP: 8",,,,,,,,,,,,,,,,,,,,,32355485-caa7-80fa-8cfb-eef8be96183c,,,,,,80.85,12.3,,,,,,,,,,,,,,,,,,,,,,,
11/8/2024,2024-11-08,Friday,2024-W45,"Sprint, Sprung",,0,,,,FALSE,"warm-up
mobi/kordi
sprungkordi
4x60
3x100
4x80",,,,,,,,,,,,,,,,,,,,,32355485-caa7-80c6-b184-ea4b1618d510,,,,,,80.85,12.3,,,,,,,,,,,,,,,,,,,,,,,
11/7/2024,2024-11-07,Thursday,2024-W45,Kraft,,0,,,,FALSE,"Umsetzen 6/5/5/4/4
Ad/Abduktor 3x12
4x8 Pull up
Aufsteiger 6/5/5/4/4
4x8 Hüftbeuger",,,,,,,,,,,,,,,,,,,,,32355485-caa7-806b-a496-fdf25ed83277,,,,,,80.85,12.2,,,,,,,,,,,,,,,,,,,,,,,
11/6/2024,2024-11-06,Wednesday,2024-W45,Regeneration,Ergometer,0,,,,FALSE,2x15min rad,,,,,,,,,,,,,,,,,,,,,32355485-caa7-80a9-bc74-df8f45d66118,,,,,,80.15,12.2,,,,,,,,,,,,,,,,,,,,,,,
11/5/2024,2024-11-05,Tuesday,2024-W45,Sprint,Beschleunigung,0,,,,FALSE,"Warm-up
mobi/kordi
2x30/40/50",,,,,,,,,,,,,,,,,,,,,32355485-caa7-8031-986a-f6ad8b34f506,,,,,,79.95,12.1,,,,,,,,,,,,,,,,,,,,,,,
11/4/2024,2024-11-04,Monday,2024-W45,Kraft,,0,,,,FALSE,"Trapbar 8/7/6/5/4
Beuger 4x15
Wade 4x15
4x8 Lunges
4x8 Aufroller
4x8 Hipthrust
4x12 Pushup",,,,,,,,,,,,,,,,,,,,,32355485-caa7-802c-ac36-cc05b9a0f4a4,,,,,,79.95,12.3,,,,,,,,,,,,,,,,,,,,,,,
11/3/2024,2024-11-03,Sunday,2024-W45,Ausdauer,Joggen,0,,,,FALSE,20min joggen,,,,,,,,,,,,,,,,,,,,,32355485-caa7-805f-a073-e13527d024cf,,,,,,81.1,12.4,,,,,,,,,,,,,,,,,,,,,,,
11/2/2024,2024-11-02,Saturday,2024-W44,Frei,,0,,,,FALSE,,,,,,,,,,,,,,,,,,,,,,32355485-caa7-80c3-bd0e-dd7b780fde20,,,,,,81.1,12.2,,,,,,,,,,,,,,,,,,,,,,,
11/1/2024,2024-11-01,Friday,2024-W44,Tempos,,0,,,,FALSE,"2x6x100m NI
Mobi
Hürdenkordi 4x10
2x3x6 Hürden
80 Medbälle
3x30/45/60""
LP:2
SP: 8",,,,,,,,,,,,,,,,,,,,,32355485-caa7-807a-b4ec-d11e55878604,,,,,,79.95,12.2,,,,,,,,,,,,,,,,,,,,,,,
10/31/2024,2024-10-31,Thursday,2024-W44,Kraft,,0,,,,FALSE,"Umsetzen 6/5/5/4
Adduktor/Abduktor 40kg
4x6 Klimmzüge
Aufsteiger 6/5/5/4
Hüftbeuger 4x8",,,,,,,,,,,,,,,,,,,,,31f55485-caa7-807c-bd20-c6f66326c0ba,,,,,,80.75,12.2,,,,,,,,,,,,,,,,,,,,,,,
10/30/2024,2024-10-30,Wednesday,2024-W44,Frei,,0,,,,FALSE,,,,,,,,,,,,,,,,,,,,,,31f55485-caa7-8072-9e12-f08a5647a3a6,,,,,,80.3,12.2,,,,,,,,,,,,,,,,,,,,,,,
10/29/2024,2024-10-29,Tuesday,2024-W44,Tempos,,0,,,,FALSE,"2x800m
Mobi, Kordi
3x30m HPL, Straights, SPL
4x60m
3x100m
4x80m
LP: 2
SP: 8
80: 11,0s",,,,,,,,,,,,,,,,,,,,,31f55485-caa7-8089-b6b1-dea5e2265a34,,,,,,79.85,12.2,,,,,,,,,,,,,,,,,,,,,,,
10/28/2024,2024-10-28,Monday,2024-W44,Kraft,,0,,,,FALSE,"Trapbar 8/7/6/5
3x15 Wade
3x15 Beuger
4x8 Lunges each
4x6 Aufroller
4x8 Hipthrust
4x10 push up
3x8 Fußheber",,,,,,,,,,,,,,,,,,,,,31f55485-caa7-802b-a033-e81af18bcedd,,,,,,80.5,12.1,,,,,,,,,,,,,,,,,,,,,,,
10/27/2024,2024-10-27,Sunday,2024-W44,Frei,,0,,,,FALSE,,,,,,,,,,,,,,,,,,,,,,31f55485-caa7-8034-8c71-ddc954756a3f,,,,,,79.85,12.2,,,,,,,,,,,,,,,,,,,,,,,
10/26/2024,2024-10-26,Saturday,2024-W43,Frei,,0,,,,FALSE,,,,,,,,,,,,,,,,,,,,,,31f55485-caa7-8068-885e-c5d914a55ced,,,,,,80.55,12.1,,,,,,,,,,,,,,,,,,,,,,,
10/25/2024,2024-10-25,Friday,2024-W43,Tempos,,0,,,,FALSE,"10x100m NI
Mobi
4x10 Hürdenkordi
3x2x6 Hürdensprünge
30'/45'/60'Sekundenläufe
20' auf 100m
LP: 3
SP:8",,,,,,,,,,,,,,,,,,,,,31f55485-caa7-8089-ac78-d0c2d859477a,,,,,,80.55,12.2,,,,,,,,,,,,,,,,,,,,,,,
10/24/2024,2024-10-24,Thursday,2024-W43,Kraft,,0,,,,FALSE,"Umsetzen 6/5/3
Adduktor/Abduktor 3x12
3x6 Pull Up
Step-up 6/5/4
3x8 Hüftbeuger
3x8 Wade",,,,,,,,,,,,,,,,,,,,,31f55485-caa7-806d-b4c1-f9f69e0a84ba,,,,,,80.55,12.3,,,,,,,,,,,,,,,,,,,,,,,
10/23/2024,2024-10-23,Wednesday,2024-W43,Frei,,0,,,,FALSE,,,,,,,,,,,,,,,,,,,,,,31f55485-caa7-80ab-a93a-c15d5ea42866,,,,,,80.85,12.4,,,,,,,,,,,,,,,,,,,,,,,
10/22/2024,2024-10-22,Tuesday,2024-W43,Regeneration,NI,0,,,,FALSE,"2x600m 
mobi/kordi
2x30m
HPL, straights, SPL
3x60
2x100
3x80
LP: 2
SP: 8",,,,,,,,,,,,,,,,,,,,,31f55485-caa7-800d-aac9-e75100b29f66,,,,,,80.85,12.4,,,,,,,,,,,,,,,,,,,,,,,
10/21/2024,2024-10-21,Monday,2024-W43,Kraft,,0,,,,FALSE,"Trapbar 8/7/6
2x15 Wade 
2x15 Beuger
3x16 Lunges
3x6 Aufroller
3x8 Hipthrust
3x10 Liegestütz",,,,,,,,,,,,,,,,,,,,,31f55485-caa7-806a-9365-f5ea24f8753b,,,,,,80.6,12.2,,,,,,,,,,,,,,,,,,,,,,,
10/20/2024,2024-10-20,Sunday,2024-W43,Frei,,0,,,,FALSE,,,,,,,,,,,,,,,,,,,,,,31f55485-caa7-808a-9f3b-f28b11ad4b59,,,,,,80.4,12.3,,,,,,,,,,,,,,,,,,,,,,,
10/19/2024,2024-10-19,Saturday,2024-W42,Frei,,0,,,,FALSE,,,,,,,,,,,,,,,,,,,,,,31f55485-caa7-804a-b6e8-fd325f0087b3,,,,,,80.4,12.3,,,,,,,,,,,,,,,,,,,,,,,
10/18/2024,2024-10-18,Friday,2024-W42,Regeneration,,0,,,,FALSE,"5x100m NI
50m gehpause
4x10 Hürden
3x2x6 Hürdensprünge mit ZH
60 Medball
30""/45""/60"" Läufe",,,,,,,,,,,,,,,,,,,,,31f55485-caa7-80e2-a61c-d86653dac970,,,,,,80.4,12.5,,,,,,,,,,,,,,,,,,,,,,,
10/17/2024,2024-10-17,Thursday,2024-W42,Kraft,,0,,,,FALSE,"2min rad
Umsetzen 6/5/4
Adduktor/Abduktor 3x12
Pull-Up 3x6
Step-Up 6/5/4
Hüftbeuger 3x8
Wade 3x8",,,,,,,,,,,,,,,,,,,,,31f55485-caa7-8031-a93d-ca1376f84951,,,,,,81.1,12.5,,,,,,,,,,,,,,,,,,,,,,,
10/16/2024,2024-10-16,Wednesday,2024-W42,Frei,,0,,,,FALSE,,,,,,,,,,,,,,,,,,,,,,31f55485-caa7-8026-8504-ecc41833fb87,Urlaub,,,,,,,,,,,,,,,,,,,,,,,,,,,,,
10/15/2024,2024-10-15,Tuesday,2024-W42,Frei,,0,,,,FALSE,,,,,,,,,,,,,,,,,,,,,,31f55485-caa7-80ad-987b-f50459328c1b,Urlaub,,,,,,,,,,,,,,,,,,,,,,,,,,,,,
10/14/2024,2024-10-14,Monday,2024-W42,Frei,,0,,,,FALSE,,,,,,,,,,,,,,,,,,,,,,31f55485-caa7-8060-a2fa-e646fee3ee39,Urlaub,,,,,,,,,,,,,,,,,,,,,,,,,,,,,
10/13/2024,2024-10-13,Sunday,2024-W42,Frei,,0,,,,FALSE,,,,,,,,,,,,,,,,,,,,,,31f55485-caa7-8032-b350-c38c5d137fcc,Urlaub,,,,,,,,,,,,,,,,,,,,,,,,,,,,,
10/12/2024,2024-10-12,Saturday,2024-W41,Frei,,0,,,,FALSE,,,,,,,,,,,,,,,,,,,,,,31f55485-caa7-8075-9ae8-dffd548c0668,Urlaub,,,,,,,,,,,,,,,,,,,,,,,,,,,,,
10/11/2024,2024-10-11,Friday,2024-W41,Frei,,0,,,,FALSE,,,,,,,,,,,,,,,,,,,,,,31f55485-caa7-8096-a83b-df4510080580,Urlaub,,,,,,,,,,,,,,,,,,,,,,,,,,,,,
10/10/2024,2024-10-10,Thursday,2024-W41,Frei,,0,,,,FALSE,,,,,,,,,,,,,,,,,,,,,,31f55485-caa7-80ae-92a4-d13e9976a5c3,Urlaub,,,,,,,,,,,,,,,,,,,,,,,,,,,,,
10/9/2024,2024-10-09,Wednesday,2024-W41,Frei,,0,,,,FALSE,,,,,,,,,,,,,,,,,,,,,,31f55485-caa7-806d-89d2-cda8009933d2,Urlaub,,,,"Anderes Bett, Gelesen",,,,,,,,,,,,,,,,,,,,,,,,,
10/8/2024,2024-10-08,Tuesday,2024-W41,Frei,,0,,,,FALSE,,84,100,11.8,,,,,,Achilles L,,,,,,,,,,,,31f55485-caa7-80a0-b4e8-cb9234cd901a,"Urlaub, Spaziergang, Outdoor-Time, Dehnen",,Koffein,,Anderes Bett,,,,,,,,,,,,,,,,,,,,,,,,,
10/7/2024,2024-10-07,Monday,2024-W41,Frei,,0,,,,FALSE,,,,9.7,,,,,,,,,,,,,,,,,,31f55485-caa7-8075-8a8a-fd8fa66a5277,"Urlaub, Nap, Spaziergang, Outdoor-Time",,,Reisestress,Anderes Bett,,,,,,,,,,,,,,,,,,,,,,,,,
10/6/2024,2024-10-06,Sunday,2024-W41,Frei,,0,,,,FALSE,,59,100,11.6,,,,,,,,,,,,,,,,,,31f55485-caa7-801d-bc5a-c6ea277d68c6,"Outdoor-Time, Dehnen",,Vit D,"Freunde, Reisestress","Bett geteilt, Gelesen, Zahnspange, Schlafmaske",81.5,12.4,,,,,,,,,,,,,,,,,,,,,,,
10/5/2024,2024-10-05,Saturday,2024-W40,Frei,,0,,,,FALSE,,81,100,9.3,,,,,,Achilles L,,,,,,,,,,,,31f55485-caa7-8078-80bb-cf9d07e20133,"Dehnen, Spaziergang, Outdoor-Time",,Vit D,"Beziehungsstress, Freunde","Heiß, Gelesen, Bett geteilt, Zahnspange, Schlafmaske",81.1,12.3,,,,,,,,,,,,,,,,,,,,,,,
10/4/2024,2024-10-04T15:12:00.000+02:00,Friday,2024-W40,Regeneration,NI,54,MTG Halle,,☀️ Nachmittag,FALSE,,86,87,11.8,,,,,,Achilles L,,,,,,,,,,,,31f55485-caa7-80df-af9b-cfdd6da632e5,"Dehnen, Libido, Kalte Dusche",,"Kreatin, Vit D",,"Bett geteilt, Hot-Shower, Schlafmaske",81.1,12.2,,,,,,,,,,,,,,,,,,,,,,,
10/3/2024,2024-10-03,Thursday,2024-W40,Frei,,0,,,,FALSE,,71,78,13.3,,,,,,,,,,,,,,,,,,31f55485-caa7-809b-a108-fee055e7ff8a,"Spaziergang, Outdoor-Time, Kalte Dusche",,Koffein,"Me-Time, Reisestress, Beziehungsstress","Anderes Bett, Hot-Shower, Schlafmaske",,,,,,,,,,,,,,,,,,,,,,,,,
10/2/2024,2024-10-02T17:25:00.000+02:00,Wednesday,2024-W40,Kraft,,77,MS Halle,,☀️ Nachmittag,FALSE,"Umsetzen 6/5/4 60/70/80kg
Adduktor 3x12 70kg
Abduktor 3x12 60kg
Klimmzüge 3x6
Box-Jump 3x6
Hüftbeuger 3x8 50kg",59,84,15.5,,,,,,,,,,,90.7,,,,,,,31f55485-caa7-805e-9e27-dca3d2a60f93,"Spaziergang, Outdoor-Time, Libido",,"Kreatin, Vit D","Freunde, Me-Time, Reisestress","Late Meal, Bett geteilt, Zahnspange, Schlafmaske",81.1,12.4,,,,,,,,,,,,,,,,,,,,,,,
10/1/2024,2024-10-01T16:54:00.000+02:00,Tuesday,2024-W40,Regeneration,NI,58,Franklin,,☀️ Nachmittag,FALSE,,69,95,11.5,,,,,,Achilles L,,,,,,,,,,,,31f55485-caa7-8009-8c69-dc0bdb8241e8,"Dehnen, Outdoor-Time, Kalte Dusche",,"Greens, Kreatin, Vit D",,"Heiß, Gelesen, Bett geteilt, Schlafmaske",81.1,12.4,,,,,,,,,,,,,,,,,,,,,,,
9/30/2024,2024-09-30T15:19:00.000+02:00,Monday,2024-W40,Kraft,,59,MTG Halle,Halle,☀️ Nachmittag,FALSE,"2min rad
Trapbar 8/7/6 70/70/80kg
2x15 Wade 40kg
2x15 Beuger 20kg
3x16 Lunges 10kg
3x6 Aufroller
3x8 Hipthrust 60kg
3x10 Push up",62,99,13.8,,,,,,,,,76,96,,,,,,,,31e55485-caa7-804b-81b0-db529ccbdc04,"Dehnen, Outdoor-Time",,"Greens, Magnesium, Kreatin, Vit D",,"Gelesen, Bett geteilt, Schlafmaske",80.75,12.4,,,,,,,,,,,,,,,,,,,,,,,
9/29/2024,2024-09-29,Sunday,2024-W40,Frei,,0,,,,FALSE,,75,100,8.6,,,,,,Kopfschmerzen,,,,,,,,,,,,31e55485-caa7-80f7-a1bc-c48f1561ea38,"Dehnen, Spaziergang, Outdoor-Time, Kalte Dusche",,"Greens, Kreatin",Freunde,"Gelesen, Bett geteilt, Zahnspange, Schlafmaske",81.55,12.6,,,,,,,,,,,,,,,,,,,,,,,
9/28/2024,2024-09-28T18:25:00.000+02:00,Saturday,2024-W39,Regeneration,,25,MTG Halle,,🌙 Abend,FALSE,"20min rad
frei trainieren
Lunges etc.",63,100,10.2,,,,,,,,,,,,,,,,,,31e55485-caa7-8024-adb4-dcc69ad155ee,"Dehnen, Outdoor-Time, Libido",,Greens,,"Gelesen, Bett geteilt, Schlafmaske",82,12.6,,,,,,,,,,,,,,,,,,,,,,,
9/27/2024,2024-09-27,Friday,2024-W39,Frei,,0,,,,FALSE,,46,100,6.8,,,,,,,,,,,,,,,,,,31e55485-caa7-8050-812b-cfcd94839830,"Dehnen, Kalte Dusche",,,Beziehungsstress,"Bett geteilt, Zahnspange, Schlafmaske",82.25,12.6,,,,,,,,,,,,,,,,,,,,,,,
9/26/2024,2024-09-26,Thursday,2024-W39,Frei,,0,,,,FALSE,,41,100,9.5,,,,,,Achilles L,,,,,,,,,,,,31e55485-caa7-806c-822f-c604bceb6bd1,"Spaziergang, Outdoor-Time, Dehnen, Libido",,,Freunde,"Late Meal, Gelesen, Bett geteilt, Schlafmaske",83.4,12.8,,,,,,,,,,,,,,,,,,,,,,,
9/25/2024,2024-09-25,Wednesday,2024-W39,Frei,,0,,,,FALSE,,61,100,8.1,,,,,,Achilles L,,,,,,,,,,,,31e55485-caa7-804e-afd4-ff4333c4460f,"Spaziergang, Outdoor-Time, Physio, Kalte Dusche",,,,"Bett geteilt, Schlafmaske",82.9,12.6,,,,,,,,,,,,,,,,,,,,,,,
9/24/2024,2024-09-24,Tuesday,2024-W39,Frei,,0,MTG Halle,,,FALSE,,84,98,8,,,,,,Achilles L,,,,,,,,,,,,31e55485-caa7-8025-85b4-d1c25620a9a7,"Dehnen, Outdoor-Time, Spaziergang, Libido",,,,"Late Meal, Bett geteilt, Schlafmaske",83.15,12,,,,,,,,,,,,,,,,,,,,,,,
9/23/2024,2024-09-23T17:59:00.000+02:00,Monday,2024-W39,Regeneration,,67,MTG Halle,Halle,☀️ Nachmittag,FALSE,3x10min Rad,82,90,11,,,,,,"Verdauung, Achilles L",,,,,,,,,,,,31e55485-caa7-809b-a783-e2ccf87e6e7a,"Dehnen, Spaziergang, Outdoor-Time",,,,"Bett geteilt, Zahnspange, Schlafmaske",82.75,12.4,,,,,,,,,,,,,,,,,,,,,,,
9/22/2024,2024-09-22,Sunday,2024-W39,Frei,,0,,,,FALSE,,65,73,8.7,,,,,,"Verdauung, Achilles L",,,,,,,,,,,,31e55485-caa7-8071-ae40-f93367de5677,"Spaziergang, Outdoor-Time",,,"Freunde, Reisestress, Me-Time","Late Meal, Schlafmaske, Anderes Bett",,,,,,,,,,,,,,,,,,,,,,,,,
9/21/2024,2024-09-21T16:42:00.000+02:00,Saturday,2024-W38,Wettkampf,,318,Genf,Draußen - Kalt,☀️ Nachmittag,FALSE,Weit: 7.74m NWI,81,88,18.2,,,,,,Achilles L,,,,,,7.74,,,,,,2cb55485-caa7-806f-9817-df5c534f5bfb,"Nap, Outdoor-Time, Libido, Dehnen, Kalte Dusche",,"Koffein, Multivitamin, Zink, Kreatin, Omega-3, Vit D","Freunde, Me-Time","Schlafmaske, Anderes Bett",,,,,,,,,,,,,,,,,,,,,,,,,
9/20/2024,2024-09-20,Friday,2024-W38,Frei,,0,,,,FALSE,,55,96,11.7,,,,,,Achilles L,,,,,,,,,,,,31e55485-caa7-80da-9d87-e25955f19508,"Libido, Physio, Outdoor-Time, Kalte Dusche",,"Magnesium, Multivitamin, Zink, Kreatin, Omega-3, Vit D","Freunde, Me-Time, Reisestress","Gelesen, Bett geteilt, Late Meal, Schlafmaske",81.45,12.3,,,,,,,,,,,,,,,,,,,,,,,
9/19/2024,2024-09-19,Thursday,2024-W38,Frei,,0,,,,FALSE,,79,100,9.9,,,,,,Achilles L,,,,,,,,,,,,31e55485-caa7-80fd-a163-fce3b2388e1a,"Dehnen, Lympho, Outdoor-Time, Kalte Dusche",,"Magnesium, Multivitamin, Zink, Omega-3, Vit D",Beziehungsstress,"Gelesen, Bett geteilt, Zahnspange, Schlafmaske",81.8,12.4,1584,96,56,180,,,,,,,,,,,,,,,,,,,
9/18/2024,2024-09-18T14:10:00.000+02:00,Wednesday,2024-W38,,,25,MTG Halle,,☀️ Nachmittag,FALSE,,65,100,9.3,,,,,,Achilles L,,,,,,,,,,,,31e55485-caa7-80ca-8635-e425acdac140,"Lympho, Physio, Outdoor-Time, Kalte Dusche",,"Magnesium, Multivitamin, Zink, Omega-3, Vit D",,"Gelesen, Bett geteilt, Schlafmaske",82,12.4,1850,83,77,218,,,,,,,,,,,,,,,,,,,
9/17/2024,2024-09-17T15:22:00.000+02:00,Tuesday,2024-W38,,,128,Saarbrücken,Halle,☀️ Nachmittag,TRUE,,64,100,14,,,,,,Achilles L,,,,,,,,,,,,31e55485-caa7-80d4-afa7-e290ba8f7b39,"Dehnen, Outdoor-Time, Spaziergang, Lympho, Libido, Kalte Dusche",,"Magnesium, Multivitamin, Zink, Kreatin, Omega-3, Vit D","Reisestress, Freunde, Me-Time","Late Meal, Bett geteilt, Hot-Shower, Zahnspange, Schlafmaske",81.7,12.4,2450,119,117,251,,,,,,,,,,,,,,,,,,,
9/16/2024,2024-09-16T19:14:00.000+02:00,Monday,2024-W38,Kraft,,80,MTG Halle,Halle,🌙 Abend,FALSE,"Umsetzen 3/2/2/1/1 80/90/100/105/110kg
Klimmzüge 3x6
Nordics 3x4
Squat 4/3/2/2 90/100/120/140kg
Box-Jump 3x3",61,100,14.7,,,,,,Achilles L,,,,,113.7,,,,,,,31e55485-caa7-805b-b7c2-ea581465f23c,"Dehnen, Outdoor-Time, Spaziergang",,"Magnesium, Multivitamin, Zink, Kreatin, Omega-3, Vit D",Beziehungsstress,"Gelesen, Bett geteilt, Hot-Shower, Schlafmaske",82.05,12.4,2412,146,136,161,,,,,,,,,,,,,,,,,,,
9/15/2024,2024-09-15,Sunday,2024-W38,Frei,,0,MTG Halle,,,FALSE,,56,98,6.7,,,,,,Achilles L,,,,,,,,,,,,31e55485-caa7-804e-a791-ecd75ff73f57,"Dehnen, Outdoor-Time",,"Magnesium, Multivitamin, Zink, Kreatin, Omega-3, Vit D",,"Bett geteilt, Hot-Shower, Schlafmaske",82.05,12.4,1714,77,61,221,,,,,,,,,,,,,,,,,,,
9/14/2024,2024-09-14T18:10:00.000+02:00,Saturday,2024-W37,"Sprint, Sprung",,78,MTG Halle,,🌙 Abend,FALSE,"warm-up
1 Acc
3x30m 5 1/2 fuß Keile
3x pen 1
60/100/80m
LP: 8/12",48,85,11.8,,,,,,Achilles L,,,,,,,,,,,,31e55485-caa7-801c-8d62-cca3f3b879c7,"Dehnen, Libido, Outdoor-Time, Kalte Dusche",,"Magnesium, Multivitamin, Zink, Kreatin, Omega-3, Vit D",Freunde,"Bett geteilt, Hot-Shower, Zahnspange, Schlafmaske",82.05,12.4,2204,134,90,226,,,,,,,,,,,,,,,,,,,
9/13/2024,2024-09-13T17:44:00.000+02:00,Friday,2024-W37,Kraft,,86,MTG Halle,Halle,☀️ Nachmittag,FALSE,"RDL 4/3/3/2/2 90/100/110/115/120kg
Hüftbeuger 3x5 70/80/90kg
Hipthrust 3x6 80/90/100kg
Armarbeit 3x30 2kg
Aufroller 3x6
Aufsteiger 4/3/2/2 90/100/110/110kg",47,75,15.5,,,,,,Achilles L,,117.3,120,,,,,,,,,31e55485-caa7-8024-b317-c878572cb264,"Libido, Outdoor-Time",,"Magnesium, Multivitamin, Zink, Kreatin, Omega-3, Vit D","Me-Time, Reisestress","Hot-Shower, Anderes Bett, Schlafmaske",,,,,,,,,,,,,,,,,,,,,,,,,
9/12/2024,2024-09-12,Thursday,2024-W37,Frei,,0,,,,FALSE,,55,80,12.4,,,,,,Achilles L,,,,,,,,,,,,31e55485-caa7-8064-9f3d-fbb1ae0587d4,"Libido, Outdoor-Time",,"Koffein, Multivitamin, Zink, Omega-3, Vit D","Freunde, Me-Time","Anderes Bett, Schlafmaske",,,,,,,,,,,,,,,,,,,,,,,,,
9/11/2024,2024-09-11T11:10:00.000+02:00,Wednesday,2024-W37,Regeneration,NI,49,MTG Halle,,🌅 Vormittag,FALSE,"3x3x100m NI
LP: 2
SP: 6",90,90,13.3,,,,,,Achilles L,,,,,,,,,,,,31e55485-caa7-800a-a500-e2d976132d09,"Outdoor-Time, Physio",,"Magnesium, Multivitamin, Zink, Kreatin, Omega-3, Vit D","Freunde, Me-Time, Reisestress","Bett geteilt, Zahnspange, Schlafmaske",81.5,12.4,2196,167,168,268,,,,,,,,,,,,,,,,,,,
9/10/2024,2024-09-10T17:32:00.000+02:00,Tuesday,2024-W37,"Sprint, Sprung",,80,MTG Halle,,☀️ Nachmittag,FALSE,"warm-up
Hürdenkordi
2x40m hinke
1 Acc
3x10er SPL
3x120m In / Out
3x40m",74,100,13.6,,,,,,Achilles L,,,,,,,,,,,,31e55485-caa7-8013-be32-cb74e29fae27,"Dehnen, Outdoor-Time, Kalte Dusche",,"Magnesium, Multivitamin, Zink, Kreatin, Omega-3, Vit D",,"Gelesen, Bett geteilt, Schlafmaske",82.15,12.6,1761,91,67,196,,,,,,,,,,,,,,,,,,,
9/9/2024,2024-09-09,Monday,2024-W37,Sprint,Beschleunigung,0,MTG Halle,,,FALSE,"warm-up
1 Acc
4x2x4 Hürdensprünge
3x3 Drops
20/30/40m
30/40/50m
40/50/60m
LP: 2
SP: 8",47,91,12.5,,,,,,Achilles L,,,,,,,,,,,,31e55485-caa7-803c-ac5a-d431067864a4,"Dehnen, Libido, Outdoor-Time",,"Magnesium, Multivitamin, Zink, Kreatin, Omega-3, Vit D",,"Unterbrechung, Gelesen, Bett geteilt, Zahnspange, Schlafmaske",81.8,12.6,,,,,,,,,,,,,,,,,,,,,,,
9/8/2024,2024-09-08,Sunday,2024-W37,Frei,,0,,,,FALSE,,78,100,8.2,,,,,,Achilles L,,,,,,,,,,,,31e55485-caa7-80e3-b042-c22a9ecd83bb,"Dehnen, Outdoor-Time",,"Koffein, Magnesium, Kreatin",,"Gelesen, Bett geteilt, Schlafmaske",,,,,,,,,,,,,,,,,,,,,,,,,
9/7/2024,2024-09-07,Saturday,2024-W36,Frei,,0,,,,FALSE,,60,100,9.5,,,,,,Achilles L,,,,,,,,,,,,31e55485-caa7-8015-b0cb-d5daba8f3243,"Dehnen, Outdoor-Time",,Koffein,,"Bett geteilt, Schlafmaske",81.8,12.6,,,,,,,,,,,,,,,,,,,,,,,
9/6/2024,2024-09-06T19:07:00.000+02:00,Friday,2024-W36,Kraft,,52,MTG Halle,Halle,🌙 Abend,FALSE,"RDL 4x2 90/100/110/120kg
Nordics 3x4
Aufsteiger 3x3 70/80/90kg",83,100,11.5,,,,,,Achilles L,,99,,,,,,,,,,31e55485-caa7-8048-869e-c83cb019863f,"Dehnen, Libido",,,,"Bett geteilt, Zahnspange, Schlafmaske",81.8,12.3,,,,,,,,,,,,,,,,,,,,,,,
9/5/2024,2024-09-05,Thursday,2024-W36,Regeneration,NI,0,Franklin,,,FALSE,"warm-up
Hürdenkordi
2x80m
2x120m
2x100m
LP:2
SP:6",62,88,7,,,,,,Achilles L,,,,,,,,,,,,31e55485-caa7-800a-b6c5-e6e0a801e09d,"Lympho, Libido, Outdoor-Time, Dehnen, Kalte Dusche",,"Magnesium, Multivitamin, Zink, Kreatin, Omega-3, Vit D",,"Gelesen, Bett geteilt, Schlafmaske",82.85,12.7,,,,,,,,,,,,,,,,,,,,,,,
9/4/2024,2024-09-04,Wednesday,2024-W36,Frei,,0,,,,FALSE,,29,53,7.5,,,,,,Achilles L,,,,,,,,,,,,31e55485-caa7-8008-abfa-c01ee3965513,"Libido, Outdoor-Time",,"Koffein, Magnesium, Zink, Elektrolyte","Freunde, Me-Time, Reisestress","Anderes Bett, Late Meal, Alkohol, Schlafmaske",,,,,,,,,,,,,,,,,,,,,,,,,
9/3/2024,2024-09-03T19:12:00.000+02:00,Tuesday,2024-W36,Wettkampf,,178,Rovereto,,🌙 Abend,FALSE,"Morgens Auftakt 50min
Weit: 7.78m -0.2m/s",52,97,17.1,,,,,,Achilles L,,,,,,7.78,,,,,,2cb55485-caa7-807f-ae97-c7dcc912f11d,"Libido, Physio, Outdoor-Time, Dehnen, Kalte Dusche",,"Koffein, Multivitamin, Kreatin, Elektrolyte, Omega-3, Vit D","Me-Time, Freunde","Anderes Bett, Schlafmaske",,,,,,,,,,,,,,,,,,,,,,,,,
9/2/2024,2024-09-02,Monday,2024-W36,Auftakt,,0,Rovereto,,,FALSE,,50,91,8.8,,,,,,Achilles L,,,,,,,,,,,,31e55485-caa7-806b-941a-feb3eda08c91,"Outdoor-Time, Dehnen",,"Magnesium, Multivitamin, Zink, Kreatin, Omega-3, Vit D","Reisestress, Me-Time","Bett geteilt, Schlafmaske",81,12.4,,,,,,,,,,,,,,,,,,,,,,,
9/1/2024,2024-09-01,Sunday,2024-W36,Frei,,0,,,,FALSE,,63,100,10.2,,,,,,Achilles L,,,,,,,,,,,,31e55485-caa7-8098-af66-ebfa14f59fb6,"Dehnen, Spaziergang, Outdoor-Time, Lympho, Kalte Dusche, Eisbad",,"Magnesium, Multivitamin, Zink, Omega-3, Vit D",,"Bett geteilt, Zahnspange, Schlafmaske",81,12.4,,,,,,,,,,,,,,,,,,,,,,,
8/31/2024,2024-08-31,Saturday,2024-W35,Ausdauer,Joggen,0,,,,FALSE,"Frei Yoga oder:

10min joggen",83,100,11.8,,,,,,Achilles L,,,,,,,,,,,,31d55485-caa7-80bb-bbdf-c223037c5afa,"Lympho, Libido, Outdoor-Time, Dehnen, Kalte Dusche",,"Magnesium, Multivitamin, Zink, Kreatin, Omega-3, Vit D",,"Gelesen, Bett geteilt, Schlafmaske",81.25,12.4,,,,,,,,,,,,,,,,,,,,,,,
8/30/2024,2024-08-30T20:24:00.000+02:00,Friday,2024-W35,Sprint,,92,MTG Halle,,🌙 Abend,FALSE,"warm-up
2x20 SPL frequent
1 Acc
3x3 Drops
50/60/80m
P: 8/10",78,98,9,,,,,,Achilles L,,,,,,,,,,,,31d55485-caa7-80af-b4d1-eb2c4c81998a,"Dehnen, Outdoor-Time, Kalte Dusche",,"Koffein, Magnesium, Multivitamin, Zink, Kreatin, Omega-3, Vit D",,"Gelesen, Schlafmaske, Bett geteilt",81.25,12.4,,,,,,,,,,,,,,,,,,,,,,,
8/29/2024,2024-08-29T20:44:00.000+02:00,Thursday,2024-W35,Kraft,,93,MTG Halle,Halle,🌙 Abend,FALSE,"Umsetzen 4x2 90/100/105/110kg
Aufroller 3x4
Hüftbeuger 3x8 70/80/80kg
Aufsteiger 3/3/2/2 90/100/110/120kg
Armarbeit 3x50 2kg
2x3 Kastensprünge",83,100,15,,,,,,"Achilles L, Kopfschmerzen",,128,,,117.3,,,,,,,31d55485-caa7-8011-b573-e7e0a693d62c,"Dehnen, Outdoor-Time, Kalte Dusche",,"Magnesium, Multivitamin, Omega-3, Vit D, Zink",,"Gelesen, Bett geteilt, Zahnspange, Schlafmaske",81.6,12.6,,,,,,,,,,,,,,,,,,,,,,,
8/28/2024,2024-08-28T18:29:00.000+02:00,Wednesday,2024-W35,Regeneration,NI,61,Walldorf,,🌙 Abend,FALSE,"3x60/100/80m
LP: 2
SP: 8",85,100,9.7,,,,,,"Achilles L, Kopfschmerzen",,,,,,,,,,,,31d55485-caa7-807b-894d-d7a7ae5c78c7,"Dehnen, Outdoor-Time, Kalte Dusche",,"Koffein, Magnesium, Zink, Omega-3, Vit D",Reisestress,"Gelesen, Bett geteilt, Schlafmaske",82.05,12.5,,,,,,,,,,,,,,,,,,,,,,,
8/27/2024,2024-08-27T10:06:00.000+02:00,Tuesday,2024-W35,Sprint,,145,Saarbrücken,Halle,🌅 Vormittag,TRUE,,86,92,13.1,,,,,,Achilles L,,,,,,,,,,,,31d55485-caa7-8005-b491-f4d9bcd9d60d,"Libido, Outdoor-Time",,"Koffein, Magnesium, Multivitamin, Zink, Kreatin, Omega-3, Vit D","Freunde, Me-Time, Reisestress","Schlafmaske, Anderes Bett",,,,,,,,,,,,,,,,,,,,,,,,,
8/26/2024,2024-08-26T16:02:00.000+02:00,Monday,2024-W35,Sprung,,133,Saarbrücken,Halle,☀️ Nachmittag,TRUE,,66,100,14.5,,,,,,Achilles L,,,,,,,,,,,,31d55485-caa7-80c4-be27-fd015b99d3b0,"Dehnen, Outdoor-Time, Spaziergang, Libido",,"Magnesium, Multivitamin, Zink, Kreatin, Omega-3, Vit D","Freunde, Reisestress, Me-Time","Schlafmaske, Zahnspange, Bett geteilt",81.35,12.5,,,,,,,,,,,,,,,,,,,,,,,
8/25/2024,2024-08-25T19:30:00.000+02:00,Sunday,2024-W35,Kraft,,71,MTG Halle,Halle,🌙 Abend,FALSE,"RDL 5x2 80/90/100/110/110kg
Armarbeit 3x50 2kg
Nordics 3x4
Adduktor 3x8 60kg
Abduktor 3x8 60kg
Splitsquat 3/2/2/2/1 70/70/75/85/90kg
Kastenwechselsprünge 2x4",55,100,13.4,,,,,,Achilles L,,,,,,,,,,,,31d55485-caa7-80ad-aede-e038bca30983,"Dehnen, Outdoor-Time, Libido",,"Magnesium, Multivitamin, Kreatin, Omega-3, Vit D, Zink",Freunde,"Gelesen, Schlafmaske, Bett geteilt",81.7,12.5,,,,,,,,,,,,,,,,,,,,,,,
8/24/2024,2024-08-24,Saturday,2024-W34,Frei,,0,,,,FALSE,,89,99,8.2,,,,,,"Achilles L, Kopfschmerzen",,,,,,,,,,,,31d55485-caa7-8073-b85c-dbb599e98b87,"Dehnen, Spaziergang, Outdoor-Time, Kalte Dusche",,"Magnesium, Multivitamin, Omega-3, Vit D, Zink",,"Schlafmaske, Bett geteilt",82.4,12.7,,,,,,,,,,,,,,,,,,,,,,,
8/23/2024,2024-08-23T17:06:00.000+02:00,Friday,2024-W34,Sprint,Tempos,80,MTG Halle,,☀️ Nachmittag,FALSE,"2 Acc
Mobi / Kordi
Hinke 30/40m
3x2x3 Hürdensprünge direkt

60/100/80m 85%
LP 8/12/10min
3x120m NI",70,97,11.9,2 - Normal,1 - Schlecht,3 - Normal,2 - Wenig,,Achilles L,,,,,,,,,,,,31d55485-caa7-807c-9411-eb32fe292a13,"Dehnen, Outdoor-Time, Kalte Dusche, Libido",,"Koffein, Magnesium, Multivitamin, Kreatin, Omega-3, Vit D, Zink",,Bett geteilt,81.9,12.6,,,,,,,,,,,,,,,,,,,,,,,
8/22/2024,2024-08-22T18:00:00.000+02:00,Thursday,2024-W34,Kraft,,79,MTG Halle,Halle,🌙 Abend,FALSE,"2min rad
Umsetzen 2/2/2/1/1 90/95/100/105/110kg
3x5 Aufroller
3x5 Hüftbeuger 70/80/90kg
Aufsteiger 3/3/3/2/2 100/105/110/110/110kg
3x50 Armarbeit 2kg
3x3 Kastenaufsprünge",76,100,15,1 - Unkonzentriert,1 - Schlecht,2 - Anstrengend,2 - Wenig,,Achilles L,,117.3,,,113.7,,,,,,,31d55485-caa7-807e-8b56-dcbb6dca4b82,"Dehnen, Spaziergang, Outdoor-Time, Eisbad",,"Koffein, Magnesium, Multivitamin, Kreatin, Omega-3, Vit D, Zink",,"Schlafmaske, Gelesen, Bett geteilt",81.6,12.5,,,,,,,,,,,,,,,,,,,,,,,
8/21/2024,2024-08-21T10:18:00.000+02:00,Wednesday,2024-W34,Sprint,,118,Saarbrücken,,🌅 Vormittag,TRUE,"2 Acc
Mobi / Kordi
Hürdenkordi
Hürdensprünge max
Dropjumps
Zwl Frei im wechsel
zwl 40/40/30m
80/60/50m frei",74,99,11.5,2 - Normal,3 - Gut,3 - Normal,2 - Wenig,,Achilles L,,,,,,,,,,,,31d55485-caa7-8052-9ada-e5e3483cc7f1,"Libido, Eisbad",,"Magnesium, Multivitamin, Kreatin, Omega-3, Vit D, Zink","Reisestress, Freunde","Schlafmaske, Bett geteilt",82.25,12.7,,,,,,,,,,,,,,,,,,,,,,,
8/20/2024,2024-08-20T15:51:00.000+02:00,Tuesday,2024-W34,Sprung,,181,Saarbrücken,,☀️ Nachmittag,TRUE,"2 Acc
Mobi / Kordi
Einspringen
7er/9er
2x11er
2x13er
2x15er
3x 5er Sprunglauf
3x Pen 1",56,99,10.8,2 - Normal,3 - Gut,3 - Normal,2 - Wenig,,Achilles L,,,,,,,,,,,,31d55485-caa7-805e-8d90-efc08925594f,"Dehnen, Kalte Dusche, Eisbad",,"Magnesium, Multivitamin, Kreatin, Omega-3, Vit D, Zink","Reisestress, Beziehungsstress, Freunde","Schlafmaske, Bett geteilt",82,12.6,,,,,,,,,,,,,,,,,,,,,,,
8/19/2024,2024-08-19T17:38:00.000+02:00,Monday,2024-W34,Kraft,,78,MTG Halle,Halle,☀️ Nachmittag,FALSE,"2min rad
Trapbar 3/3/2/2/2 90/100/110/120/125kg
3x50 Armarbeit 2kg
3x4 Nordics
Adduktor/Abduktor 3x8 50/60/60kg
SL squat 3/3/2/2 70/80/85/90kg
2x4 Kastenwechselsprünge",60,100,13.6,2 - Normal,3 - Gut,3 - Normal,2 - Wenig,,Achilles L,,,,133.3,,,,,,,,31d55485-caa7-80c9-9db1-f09f210fe4fb,"Dehnen, Verdauungsspaziergang, Outdoor-Time",,"Koffein, Magnesium, Kreatin, Omega-3, Multivitamin, Vit D, Zink",Beziehungsstress,"Gelesen, Schlafmaske, Bett geteilt",82.5,12.6,,,,,,,,,,,,,,,,,,,,,,,
8/18/2024,2024-08-18,Sunday,2024-W34,Frei,,0,,,,FALSE,,95,100,6.1,,,,,,Achilles L,,,,,,,,,,,,31d55485-caa7-80f6-aee8-d46cc350ec29,"Dehnen, Outdoor-Time, Kalte Dusche, Libido",,"Koffein, Magnesium",Reisestress,"Gelesen, Schlafmaske, Bett geteilt",82.3,12.7,,,,,,,,,,,,,,,,,,,,,,,
8/17/2024,2024-08-17T15:53:00.000+02:00,Saturday,2024-W33,Sprint,Tempos,105,Franklin,,☀️ Nachmittag,FALSE,"1 Acc
Mobi / Kordi
Hinke 30/40/50
4x2x3 Hürdensprünge
80m steigernd
LP: 12
120m in out (60/20/40)
LP: 18
3x80m NI
LP: 2",91,96,11.8,,,,,,Achilles L,,,,,,,,,,,,31d55485-caa7-80c7-9668-f34111d7e5b3,"Dehnen, Verdauungsspaziergang, Outdoor-Time, Eisbad",,"Koffein, Magnesium, Multivitamin, Kreatin, Omega-3, Vit D, Zink",,"Zahnspange, Schlafmaske, Bett geteilt",81.9,12.6,,,,,,,,,,,,,,,,,,,,,,,
8/16/2024,2024-08-16T17:23:00.000+02:00,Friday,2024-W33,Kraft,,153,MTG Halle,Halle,☀️ Nachmittag,FALSE,"Umsetzen 3/3/2/2/1/1 80/90/100/100/105/110kg
Aufroller 3x6
Hüftbeuger 3x6 60/70/80kg
Aufsteiger 5/4/3/3/2 80/90/100/110/120kg
Armarbeit 3x50 2kg
Box-Jump 3x3",72,94,15.3,2 - Normal,3 - Gut,2 - Anstrengend,1 - Keine,,Achilles L,,128,,,108.5,,,,,,,31d55485-caa7-808d-a245-f614f3e2c899,"Dehnen, Verdauungsspaziergang, Outdoor-Time",,"Magnesium, Multivitamin, Kreatin, Omega-3, Vit D, Zink",,"Hot-Shower, Schlafmaske, Bett geteilt",82.1,12.5,,,,,,,,,,,,,,,,,,,,,,,
8/15/2024,2024-08-15,Thursday,2024-W33,Frei,,0,,,,FALSE,,69,82,8.8,,,,,,Achilles L,,,,,,,,,,,,31d55485-caa7-8051-8e35-d51047ab1828,Outdoor-Time,,"Magnesium, Multivitamin, Kreatin, Omega-3, Vit D, Zink","Reisestress, Freunde, Me-Time","Schlafmaske, Bett geteilt, Anderes Bett",,,,,,,,,,,,,,,,,,,,,,,,,
8/14/2024,2024-08-14T18:24:00.000+02:00,Wednesday,2024-W33,,,100,MS Halle,,🌙 Abend,FALSE,"4x80
3x120
4x100
LP: 3
SP: 8",66,91,12.8,2 - Normal,2 - Okay,3 - Normal,2 - Wenig,,Achilles L,,,,,,,,,,,,31d55485-caa7-8084-8955-f21d08eb98a7,Outdoor-Time,,,"Reisestress, Freunde, Me-Time","Schlafmaske, Bett geteilt",81.7,12.7,,,,,,,,,,,,,,,,,,,,,,,
8/13/2024,2024-08-13T17:39:00.000+02:00,Tuesday,2024-W33,Sprung,Absprung,56,MTG Halle,,☀️ Nachmittag,TRUE,"2 Acc
Mobi, Kordi

2x7er
2x9er
2x11er
2x13er
3x Pen 1",74,98,12.6,3 - Konzentriert,2 - Okay,3 - Normal,2 - Wenig,,"Achilles L, Kopfschmerzen",,,,,,,,,,,,31d55485-caa7-801a-97bc-c7e4762fe854,"Verdauungsspaziergang, Outdoor-Time, Lympho, Libido",,"Magnesium, Multivitamin, Kreatin, Omega-3, Vit D, Zink",Freunde,"Zahnspange, Schlafmaske, Bett geteilt",82.2,12.7,,,,,,,,,,,,,,,,,,,,,,,
8/12/2024,2024-08-12T16:15:00.000+02:00,Monday,2024-W33,Kraft,,93,MTG Halle,Halle,☀️ Nachmittag,FALSE,"Trapbar 4/3/3/3/2 80/90/100/110/120kg
Armarbeit 3x50 2kg
Nordics 3x6
Adduktor 3x10 40kg
Abduktor 3x10 40kg
Aufsteiger 4/3/3/3/2 80/90/100/110/120kg
Kastenwechselsprünge 2x4",65,100,15.5,3 - Konzentriert,3 - Gut,2 - Anstrengend,1 - Keine,,,,128,,128,,,,,,,,31d55485-caa7-804a-a22b-fa5e12ecd32f,"Dehnen, Verdauungsspaziergang, Outdoor-Time, Lympho, Libido",,"Magnesium, Multivitamin, Kreatin, Omega-3, Vit D, Zink",,"Schlafmaske, Bett geteilt",81.7,12.5,,,,,,,,,,,,,,,,,,,,,,,
8/11/2024,2024-08-11,Sunday,2024-W33,Frei,,0,,,,FALSE,,86,100,6.5,,,,,,Achilles L,,,,,,,,,,,,31d55485-caa7-804d-beff-eaadf78d8148,"Dehnen, Outdoor-Time",,,,"Gelesen, Schlafmaske, Bett geteilt",81.7,12.6,,,,,,,,,,,,,,,,,,,,,,,
8/10/2024,2024-08-10T11:54:00.000+02:00,Saturday,2024-W32,"Sprung, Sprint",Absprung,176,MTG Halle,,🌅 Vormittag,FALSE,"2 acc
Mobi
Kordi in Grube
Hinke30m/40m

4x2 sprünge
7er/7er
7er/9er
9er/9er
11er/11er
4x5er sprunglauf in Grube

2x50m acc
2x60m
2x40m
LP: 3min
SP: 10min",96,100,12.8,,,,,,Achilles L,,,,,,,,,,,,31d55485-caa7-80f6-af17-d5ee725baf35,"Outdoor-Time, Verdauungsspaziergang, Kalte Dusche, Libido",,"Magnesium, Multivitamin, Kreatin, Omega-3, Vit D, Zink",,"Heiß, Bett geteilt",82.1,12.5,,,,,,,,,,,,,,,,,,,,,,,
8/9/2024,2024-08-09T18:00:00.000+02:00,Friday,2024-W32,Kraft,,87,MTG Halle,Halle,🌙 Abend,FALSE,"Umsetzen 3/3/3/2/2/2 70/80/90/95/100/105kg
Aufroller 3x6
Hüftbeuger 3x6 60/70/80kg
Squat 5/4/4/3/3 90/100/110/120/130kg
Armarbeit 3x50 2kg
Box-Jump 3x3",59,100,13.7,,,,,,Achilles L,,,,,112,,,,,,,31d55485-caa7-80e1-854c-ef4367f188eb,"Dehnen, Outdoor-Time",,"Magnesium, Multivitamin, Kreatin, Omega-3, Vit D, Zink",,"Zahnspange, Schlafmaske, Bett geteilt",81.55,12.5,,,,,,,,,,,,,,,,,,,,,,,
8/8/2024,2024-08-08T17:50:00.000+02:00,Thursday,2024-W32,Regeneration,NI,31,Franklin,,☀️ Nachmittag,FALSE,"2x4x100m
LP: 2
SP: 8",73,99,9.9,,,,,,Achilles L,,,,,,,,,,,,31d55485-caa7-80f9-9bd1-c95fe2c30c04,"Dehnen, Outdoor-Time, Kalte Dusche",,"Magnesium, Multivitamin, Kreatin, Omega-3, Zink",,"Hot-Shower, Schlafmaske, Bett geteilt",81.3,12.4,,,,,,,,,,,,,,,,,,,,,,,
8/7/2024,2024-08-07T17:11:00.000+02:00,Wednesday,2024-W32,Tempos,Tempos,103,MTG Halle,Draußen - Vergessen,☀️ Nachmittag,FALSE,"1 Acc
Mobi
Hürdenkordi 4x6
3x3x3 HS bb
1 Acc
80/150/120/100m
10/18/15min

80m: 8,56
100m: 10,84
120m: 12,81
150m: 15,91",53,100,13.6,2 - Normal,2 - Okay,2 - Anstrengend,1 - Keine,,Achilles L,,,,,,,,,,,,31d55485-caa7-8090-be85-d91fb6d0972e,"Dehnen, Outdoor-Time, Kalte Dusche",,"Magnesium, Multivitamin, Kreatin, Omega-3, Vit D, Zink",,"Hot-Shower, Schlafmaske, Bett geteilt",81.3,12.5,,,,,,,,,,,,,,,,,,,,,,,
8/6/2024,2024-08-06T18:25:00.000+02:00,Tuesday,2024-W32,Sprint,Beschleunigung,70,Franklin,,🌙 Abend,FALSE,"1 Acc
Mobi, Kordi
3x30 HPL, SPL, WPL
20,30,40,50
30,40,50,60
LP. 3
SP: 10

20m: 2,65
30m: 3,72
40m: 4,57
50m: 5,44
60m: 6,5",56,98,11.7,2 - Normal,3 - Gut,3 - Normal,2 - Wenig,,Achilles L,,,,,,,,,,,,31d55485-caa7-8034-8c6d-ee9434158fbb,"Outdoor-Time, Kalte Dusche",,"Magnesium, Multivitamin, Kreatin, Omega-3, Zink",,"Zahnspange, Schlafmaske, Bett geteilt",82.05,12.6,,,,,,,,,,,,,,,,,,,,,,,
8/5/2024,2024-08-05T17:29:00.000+02:00,Monday,2024-W32,Kraft,,86,MTG Halle,Halle,☀️ Nachmittag,FALSE,"Trapbar 5/4/4/3/3 80/90/100/105/110kg
Armarbeit 3x50 2kg
Nordics 3x6
Adduktor 3x10 40kg
Abduktor 3x10 40kg
Aufsteiger 4/3/3/3/2 80/90/100/105/110kg
Kastenwechselsprünge 3x8",61,100,15,3 - Konzentriert,3 - Gut,3 - Normal,1 - Keine,,Achilles L,,117.3,,121,,,,,,,,31d55485-caa7-808f-a258-fcc1ba7010f8,Outdoor-Time,,"Magnesium, Multivitamin, Kreatin, Omega-3, Vit D, Zink",,"Schlafmaske, Bett geteilt, Kopfhörer",82.65,12.7,,,,,,,,,,,,,,,,,,,,,,,
8/4/2024,2024-08-04,Sunday,2024-W32,Frei,,0,,,,FALSE,,78,100,7.6,,,,,,Achilles L,,,,,,,,,,,,31d55485-caa7-80ac-bd75-e5200f9c4755,"Outdoor-Time, Kalte Dusche, Libido",,"Magnesium, Multivitamin, Omega-3, Vit D, Zink",,"Schlafmaske, Bett geteilt, Kopfhörer",82.65,12.5,,,,,,,,,,,,,,,,,,,,,,,
8/3/2024,2024-08-03T16:54:00.000+02:00,Saturday,2024-W31,,,131,MTG Halle,,☀️ Nachmittag,FALSE,"2 Acc
Mobi
Kordi in Grube
3x40 Hinke
1 Acc
3x 7er
3x 9er
3x 11er
2x10er Sprunglauf

80 in Out
80 Acc
80 in out",90,95,12.2,3 - Konzentriert,3 - Gut,2 - Anstrengend,2 - Wenig,,Achilles L,,,,,,,,,,,,31d55485-caa7-8064-803b-ea73c745cb1a,"Verdauungsspaziergang, Outdoor-Time, Meditation, Kalte Dusche",,"Magnesium, Multivitamin, Kreatin, Omega-3, Zink",,"Zahnspange, Schlafmaske, Bett geteilt",82.35,12.6,,,,,,,,,,,,,,,,,,,,,,,
8/2/2024,2024-08-02T18:52:00.000+02:00,Friday,2024-W31,Kraft,,108,MTG Halle,Halle,🌙 Abend,FALSE,"Umsetzen 4/4/3/3/2 70/80/90/95/100kg
Aufroller 3x6
Hüftbeuger 3x6 50/60/70kg
Splitsquat 5/4/4/4/3 70/70/75/75/80kg
Armarbeit 3x50 2kg
Kastenwechselsprünge 3x4",94,89,15,2 - Normal,2 - Okay,2 - Anstrengend,2 - Wenig,,Achilles L,,,,,106.7,,,,,,,31d55485-caa7-809e-ad6e-dbfcc9f87ed0,"Dehnen, Outdoor-Time, Libido",,"Koffein, Magnesium, Multivitamin, Kreatin, Omega-3, Vit D, Zink",,"Schlafmaske, Bett geteilt, Kopfhörer",81.85,12.5,,,,,,,,,,,,,,,,,,,,,,,
8/1/2024,2024-08-01T17:24:00.000+02:00,Thursday,2024-W31,Regeneration,NI,44,Franklin,,☀️ Nachmittag,FALSE,"3x100/120/150
LP: 2
SP: 6",72,85,11,2 - Normal,2 - Okay,3 - Normal,2 - Wenig,,Achilles L,,,,,,,,,,,,31d55485-caa7-8042-88c8-fb87899a48bc,"Dehnen, Outdoor-Time",,"Koffein, Magnesium, Multivitamin, Kreatin, Omega-3, Vit D, Zink",,"Zahnspange, Bett geteilt",81.4,12.4,,,,,,,,,,,,,,,,,,,,,,,
7/31/2024,2024-07-31T17:24:00.000+02:00,Wednesday,2024-W31,Tempos,,115,MTG Halle,,☀️ Nachmittag,FALSE,"2x100m joggen
mobi
Hürdenkordi 4x8
4x2x4 Hürdensprünge
6,5 Fuß ohne Zwischenhopser
100/200/150/120
LP: 10/15/12

100m: 11,06
120m: 12,91
150m: 16,19
200m: 22,06",48,90,13.5,2 - Normal,3 - Gut,1 - Hoch,2 - Wenig,,Achilles L,,,,,,,,,,,,31855485-caa7-802d-a626-cb9604b1ffd1,"Dehnen, Outdoor-Time, Kalte Dusche",,"Koffein, Magnesium, Multivitamin, Kreatin, Omega-3, Vit D, Zink",,"Late Meal, Schlafmaske, Unterbrechung, Bett geteilt",81.65,12.5,,,,,,,,,,,,,,,,,,,,,,,
7/30/2024,2024-07-30T18:58:00.000+02:00,Tuesday,2024-W31,Sprint,Beschleunigung,106,Franklin,,🌙 Abend,FALSE,"2 Acc
Mobi
Kordi (Gehen, Skips, Straights, A-Skips, Maxis, Hinke)
2x30m HPL
2x30m SPL schnell
2x30m WPL
Acc
20/30/40
30/40/50
40/50/60
LP: 2,5
SP: 8

20m: 2,94
30m: 3,66
40m: 4,68
50m: 5,53
60m: 6,53",68,83,11.7,2 - Normal,3 - Gut,3 - Normal,2 - Wenig,,Achilles L,,,,,,,,,,,,31855485-caa7-80f2-ab80-c904bd4d59aa,"Dehnen, Outdoor-Time, Kalte Dusche",,"Koffein, Magnesium, Multivitamin, Kreatin, Omega-3, Zink",,"Zahnspange, Schlafmaske, Unterbrechung, Bett geteilt",81.65,12.6,,,,,,,,,,,,,,,,,,,,,,,
7/29/2024,2024-07-29T17:59:00.000+02:00,Monday,2024-W31,Kraft,,81,MTG Halle,Halle,☀️ Nachmittag,FALSE,"RDL 6/5/4/3/2 70/80/90/100/110kg
Armarbeit 3x50 2kg
Nordics 3x6
Liegestütz 3x10
Klimmzüge 3x8
Squat 6/5/4/4/3 80/90/100/110/120kg
Box-Jump 3x3",44,90,14,,,,,,Achilles L,,,,,,,,,,,,31855485-caa7-80ce-9987-d345008e5682,Outdoor-Time,,"Koffein, Magnesium, Multivitamin, Kreatin, Omega-3, Vit D, Zink",,"Zahnspange, Schlafmaske, Bett geteilt",81.9,12.5,,,,,,,,,,,,,,,,,,,,,,,
7/28/2024,2024-07-28,Sunday,2024-W31,Frei,,0,,,,FALSE,,70,89,9.6,,,,,,Achilles L,,,,,,,,,,,,31855485-caa7-802f-8ba9-cd8b5d6be0ac,"Dehnen, Meditation, Outdoor-Time, Kalte Dusche, Libido",,"Magnesium, Multivitamin, Omega-3, Vit D, Zink",Beziehungsstress,"Gelesen, Schlafmaske, Bett geteilt",82.55,12.5,,,,,,,,,,,,,,,,,,,,,,,
7/27/2024,2024-07-27T10:16:00.000+02:00,Saturday,2024-W30,,,180,MTG Halle,,🌅 Vormittag,TRUE,,56,81,10.1,,,,,,Achilles L,,,,,,,,,,,,31855485-caa7-806a-bc2f-eb297be915f9,Kalte Dusche,,"Koffein, Magnesium, Multivitamin, Kreatin, Omega-3, Vit D, Zink",Freunde,"Schlafmaske, Bett geteilt",82.1,12.5,,,,,,,,,,,,,,,,,,,,,,,
7/26/2024,2024-07-26T17:41:00.000+02:00,Friday,2024-W30,Kraft,,89,MTG Halle,Halle,☀️ Nachmittag,FALSE,"Umsetzen 5/5/4/3/3 70/80/90/100/100kg
Aufroller 8/7/6
Aufsteiger 5/5/4/4/3 70/80/90/100/100kg
Armarbeit 3x50 2kg
Hip-Thrust 3x8 60/70/80kg
Box-Jump 3x8",73,95,16.4,,,,,,Achilles L,,110,101.3,,110,,,,,,,31855485-caa7-8007-a6af-c83d44bf1f4a,,,Kreatin,,"Zahnspange, Schlafmaske, Bett geteilt",82.1,12.6,,,,,,,,,,,,,,,,,,,,,,,
7/25/2024,2024-07-25T17:37:00.000+02:00,Thursday,2024-W30,,,39,MTG Halle,,☀️ Nachmittag,TRUE,,79,94,11.5,,,,,,"Achilles L, Kopfschmerzen",,,,,,,,,,,,31855485-caa7-8021-97ca-f5a809a87c87,"Outdoor-Time, Kalte Dusche, Physio",,"Magnesium, Multivitamin, Kreatin, Omega-3, Zink",Freunde,"Gelesen, Schlafmaske, Bett geteilt",82.1,12.5,,,,,,,,,,,,,,,,,,,,,,,
7/24/2024,2024-07-24T10:34:00.000+02:00,Wednesday,2024-W30,,,197,MTG Halle,,🌅 Vormittag,TRUE,,88,97,14,,,,,,Achilles L,,,,,,,,,,,,31855485-caa7-80d5-8eee-ea314c2cc536,"Outdoor-Time, Libido",,"Magnesium, Multivitamin, Kreatin, Omega-3, Vit D, Zink",Freunde,"Gelesen, Zahnspange, Bett geteilt",81.65,12.4,,,,,,,,,,,,,,,,,,,,,,,
7/24/2024,2024-07-24T18:20:00.000+02:00,Wednesday,2024-W30,Kraft,,52,MTG Halle,Halle,🌙 Abend,FALSE,"Trapbar 6/5/5/5/4 70/80/90/100/100kg
Nordics 3x6
Splitsquat 5/5/4/4/3 50/50/60/60/60kg",88,97,14,,,,,,,,,,113.3,,,,,,,,3a755485-caa7-8059-885e-f599276c4445,,,,,,,,,,,,,,,,,,,,,,,,,,,,,,
7/23/2024,2024-07-23T15:30:00.000+02:00,Tuesday,2024-W30,,,165,MTG Halle,,☀️ Nachmittag,FALSE,,60,92,12.5,,,,,,Achilles L,,,,,,,,,,,,31855485-caa7-80d2-83b2-fa75f559fa04,"Outdoor-Time, Kalte Dusche",,"Magnesium, Multivitamin, Kreatin, Omega-3, Vit D, Zink",Freunde,Bett geteilt,81.65,12.4,,,,,,,,,,,,,,,,,,,,,,,
7/22/2024,2024-07-22,Monday,2024-W30,Frei,,0,,,,FALSE,,42,81,8,,,,,,Achilles L,,,,,,,,,,,,31855485-caa7-80a5-bd4e-dc27af317c8e,"Outdoor-Time, Libido",,"Magnesium, Multivitamin, Kreatin, Omega-3, Vit D, Zink",,"Zahnspange, Bett geteilt, Late Meal",81.15,12.4,,,,,,,,,,,,,,,,,,,,,,,
7/21/2024,2024-07-21T17:35:00.000+02:00,Sunday,2024-W30,Wettkampf,,213,Schifflange,,☀️ Nachmittag,FALSE,Weit: 7.75m +0.5m/s,58,100,14.8,,,,,,Achilles L,,,,,,7.75,,,,,,2cb55485-caa7-80ee-83d9-c856f4248aa5,"Outdoor-Time, Kalte Dusche, Libido, Dehnen",,"Koffein, Elektrolyte","Reisestress, Me-Time, Freunde",Bett geteilt,81.15,12.4,,,,,,,,,,,,,,,,,,,,,,,
7/20/2024,2024-07-20T18:00:00.000+02:00,Saturday,2024-W29,Auftakt,,60,MTG Halle,,🌙 Abend,FALSE,,61,100,10.1,,,,,,Achilles L,,,,,,,,,,,,31855485-caa7-80ed-b446-fb2b016c0c5a,"Outdoor-Time, Lympho, Libido, Dehnen",,"Koffein, Magnesium, Multivitamin, Omega-3, Vit D, Zink",,"Schlafmaske, Bett geteilt",82.1,12.5,,,,,,,,,,,,,,,,,,,,,,,
7/19/2024,2024-07-19,Friday,2024-W29,Frei,,0,,,,FALSE,,69,98,6.4,,,,,,Achilles L,,,,,,,,,,,,31855485-caa7-8058-ad80-ff1d4d6982e8,"Outdoor-Time, Verdauungsspaziergang, Kalte Dusche, Dehnen",,"Koffein, Magnesium, Multivitamin, Omega-3, Zink",,"Schlafmaske, Zahnspange, Bett geteilt",81.55,12.5,,,,,,,,,,,,,,,,,,,,,,,
7/18/2024,2024-07-18T17:48:00.000+02:00,Thursday,2024-W29,Kraft,,61,MTG Halle,Halle,☀️ Nachmittag,FALSE,"Umsetzen 2/2/1/1 80/90/95/100kg
Armarbeit 3x30 2kg
Hüftbeuger 3x12
Aufsteiger 4/3/3/2 80/90/100/110kg
Aufroller 3x5",81,100,13.1,,,,,,Achilles L,,117.3,,,103.3,,,,,,,31855485-caa7-807d-9608-ddbe87851764,"Outdoor-Time, Verdauungsspaziergang, Libido, Physio, Dehnen",,"Magnesium, Multivitamin, Kreatin, Omega-3, Vit D, Zink",,"Gelesen, Schlafmaske, Bett geteilt",81.55,12.4,,,,,,,,,,,,,,,,,,,,,,,
7/17/2024,2024-07-17T11:45:00.000+02:00,Wednesday,2024-W29,,,59,Franklin,,🌅 Vormittag,FALSE,,85,100,12.2,,,,,,"Krank, Achilles L",,,,,,,,,,,,31855485-caa7-80fe-98a2-e781826ae1b1,"Outdoor-Time, Libido",,"Magnesium, Multivitamin, Kreatin, Omega-3, Vit D, Zink",Reisestress,Bett geteilt,80.55,12.1,,,,,,,,,,,,,,,,,,,,,,,
7/16/2024,2024-07-16T16:00:00.000+02:00,Tuesday,2024-W29,,,140,,,☀️ Nachmittag,TRUE,,97,89,10.1,,,,,,"Achilles L, Kopfschmerzen",,,,,,,,,,,,31855485-caa7-800a-9cf4-c71735744fbc,Outdoor-Time,,Elektrolyte,Freunde,"Gelesen, Hot-Shower, Zahnspange, Schlafmaske, Bett geteilt",82.55,11.7,,,,,,,,,,,,,,,,,,,,,,,
7/15/2024,2024-07-15,Monday,2024-W29,Frei,,0,,,,FALSE,,19,25,9.7,,,,,,Achilles L,,,,,,,,,,,,31855485-caa7-80de-9865-f812551f2d58,"Outdoor-Time, Libido",,"Koffein, Magnesium, Multivitamin, Kreatin, Omega-3, Vit D, Elektrolyte","Reisestress, Freunde, Me-Time",Anderes Bett,,,,,,,,,,,,,,,,,,,,,,,,,
7/14/2024,2024-07-14T13:49:00.000+02:00,Sunday,2024-W29,Wettkampf,,169,La-Chaux,,☀️ Nachmittag,TRUE,Weit: 7.84m +1.3m/s,84,100,15.9,,,,,,Achilles L,,,,,,7.84,,,,,,2cb55485-caa7-80da-a0ad-ccc1aeb209bc,"Outdoor-Time, Libido, Dehnen",,Koffein,"Me-Time, Reisestress, Beziehungsstress","Schlafmaske, Anderes Bett",,,,,,,,,,,,,,,,,,,,,,,,,
7/13/2024,2024-07-13T11:57:00.000+02:00,Saturday,2024-W28,Auftakt,,43,MTG Halle,,🌅 Vormittag,FALSE,,46,99,12.6,,,,,,Achilles L,,,,,,,,,,,,31855485-caa7-8004-9cb6-c167444f226e,"Outdoor-Time, Verdauungsspaziergang, Kalte Dusche, Dehnen",,"Magnesium, Multivitamin, Omega-3","Reisestress, Freunde, Me-Time","Schlafmaske, Bett geteilt",80.8,12.2,,,,,,,,,,,,,,,,,,,,,,,
7/12/2024,2024-07-12,Friday,2024-W28,Frei,,0,,,,FALSE,,63,96,7,,,,,,Achilles L,,,,,,,,,,,,31855485-caa7-80c2-8b4a-fa2b6d7c155c,"Outdoor-Time, Kalte Dusche, Lympho, Dehnen",,"Magnesium, Multivitamin, Omega-3",,"Zahnspange, Schlafmaske, Bett geteilt",81.45,12.4,,,,,,,,,,,,,,,,,,,,,,,
7/11/2024,2024-07-11T11:25:00.000+02:00,Thursday,2024-W28,,,40,MTG Halle,,🌅 Vormittag,FALSE,,66,96,11.6,,,,,,"Achilles L, Kopfschmerzen",,,,,,,,,,,,31855485-caa7-801a-bbd3-c8d9dedd867e,"Outdoor-Time, Kalte Dusche, Libido, Physio, Dehnen",,"Magnesium, Multivitamin, Kreatin, Omega-3, Vit D",,Bett geteilt,,,,,,,,,,,,,,,,,,,,,,,,,
7/10/2024,2024-07-10T10:09:00.000+02:00,Wednesday,2024-W28,,,162,MTG Halle,,🌅 Vormittag,FALSE,,59,85,12.4,,,,,,Achilles L,,,,,,,,,,,,31855485-caa7-805a-a2e0-ead280fc7b68,"Outdoor-Time, Verdauungsspaziergang",,"Magnesium, Multivitamin, Kreatin, Omega-3",Beziehungsstress,"Zahnspange, Bett geteilt",82.55,12.5,,,,,,,,,,,,,,,,,,,,,,,
7/9/2024,2024-07-09T09:52:00.000+02:00,Tuesday,2024-W28,,,108,MTG Halle,,,TRUE,,69,92,10.6,,,,,,Achilles L,,,,,,,,,,,,31855485-caa7-8012-974c-c6d59f057ccb,"Outdoor-Time, Dehnen",,"Magnesium, Multivitamin, Kreatin, Omega-3",Freunde,"Schlafmaske, Bett geteilt",81.95,12.5,,,,,,,,,,,,,,,,,,,,,,,
7/8/2024,2024-07-08T17:49:00.000+02:00,Monday,2024-W28,Kraft,,70,MTG Halle,Halle,☀️ Nachmittag,FALSE,"Umsetzen 3/3/2/2/2 80/90/100/105/105kg
Wade 3x10 90kg
Nordics 3x6
Armarbeit 3x50 2,5kg
Aufroller 3x6
Aufsteiger 4/3/3/2/2 70/80/90/100/110kg
Tscherbakis 3x8",76,100,16.7,,,,,,Achilles L,,117.3,,,112,,,,,,,31855485-caa7-8052-8a5f-c28dc1131bcb,"Verdauungsspaziergang, Outdoor-Time, Libido, Dehnen",,"Magnesium, Multivitamin, Kreatin, Omega-3, Vit D",,"Zahnspange, Schlafmaske, Bett geteilt",82.35,12.5,,,,,,,,,,,,,,,,,,,,,,,
7/7/2024,2024-07-07,Sunday,2024-W28,Frei,,0,,,,FALSE,,94,100,10,,,,,,Achilles L,,,,,,,,,,,,31855485-caa7-80fb-aaaf-d6df6f11aad0,"Verdauungsspaziergang, Outdoor-Time, Kalte Dusche, Libido, Dehnen",,"Magnesium, Multivitamin, Kreatin, Omega-3",,"Schlafmaske, Zahnspange, Bett geteilt",82.35,12.5,,,,,,,,,,,,,,,,,,,,,,,
7/6/2024,2024-07-06T11:49:00.000+02:00,Saturday,2024-W27,,,71,Franklin,,🌅 Vormittag,FALSE,,59,97,13.1,,,,,,Achilles L,,,,,,,,,,,,31855485-caa7-802e-9a31-d2edd9ae273e,Outdoor-Time,,"Magnesium, Multivitamin, Kreatin, Omega-3, Vit D",,Bett geteilt,82.05,12.6,,,,,,,,,,,,,,,,,,,,,,,
7/5/2024,2024-07-05T15:14:00.000+02:00,Friday,2024-W27,Kraft,,78,MTG Halle,Halle,☀️ Nachmittag,FALSE,"Klimmzüge 3x5
RDL 6/5/4/3/2 70/80/90/100/110kg
Hüftbeuger 3x8 30/35/35kg
Abduktor 3x20
Adduktor 3x20
Box-Squat 5/4/4/4/3 80/90/100/110/120kg
Box-Jump 3x3",71,93,14.8,,,,,,Achilles L,,,,,,,,,,,,31855485-caa7-8050-a097-f9e2062ecef5,Outdoor-Time,,"Koffein, Magnesium, Multivitamin, Kreatin, Omega-3, Vit D",,Bett geteilt,81.5,12.5,,,,,,,,,,,,,,,,,,,,,,,
7/4/2024,2024-07-04T16:19:00.000+02:00,Thursday,2024-W27,,,54,Franklin,,☀️ Nachmittag,FALSE,,80,96,9.5,,,,,,Achilles L,,,,,,,,,,,,31855485-caa7-8083-93d6-d36a53e9d514,"Outdoor-Time, Verdauungsspaziergang",,"Magnesium, Multivitamin, Kreatin, Omega-3",Beziehungsstress,"Zahnspange, Bett geteilt",81.7,12.4,,,,,,,,,,,,,,,,,,,,,,,
7/3/2024,2024-07-03T10:15:00.000+02:00,Wednesday,2024-W27,,,145,MTG Halle,,🌅 Vormittag,FALSE,,69,92,11,,,,,,Achilles L,,,,,,,,,,,,31855485-caa7-8041-b22f-cd29278c9019,"Outdoor-Time, Verdauungsspaziergang, Libido",,"Magnesium, Multivitamin, Kreatin, Omega-3, Vit D",Beziehungsstress,Bett geteilt,82.2,12.3,,,,,,,,,,,,,,,,,,,,,,,
7/2/2024,2024-07-02T18:23:00.000+02:00,Tuesday,2024-W27,Kraft,,68,MTG Halle,Halle,🌙 Abend,FALSE,"Trapbar 5/4/3/3/2 70/80/90/100/110kg
Nordics 3x6
Wade 3x12 90kg
Armarbeit 3x50 2,5kg
Aufsteiger 4/3/3/3/2 70/80/90/100/110kg",89,97,15.3,,,,,,Achilles L,,117.3,,117.3,,,,,,,,31855485-caa7-80c7-8515-c0e9b0ab82e2,"Outdoor-Time, Verdauungsspaziergang",,"Koffein, Magnesium, Multivitamin, Kreatin, Omega-3, Vit D",Beziehungsstress,"Zahnspange, Bett geteilt",81.7,12.5,,,,,,,,,,,,,,,,,,,,,,,
7/1/2024,2024-07-01T14:00:00.000+02:00,Monday,2024-W27,,,150,MTG Halle,,☀️ Nachmittag,FALSE,,84,90,11.2,,,,,,Achilles L,,,,,,,,,,,,31855485-caa7-8089-8427-cd1dff701bc5,"Outdoor-Time, Verdauungsspaziergang, Libido",,"Magnesium, Multivitamin, Kreatin, Omega-3",Beziehungsstress,Bett geteilt,81.3,12.4,,,,,,,,,,,,,,,,,,,,,,,
6/30/2024,2024-06-30,Sunday,2024-W27,Frei,,0,,,,FALSE,,55,77,5,,,,,,"Achilles L, Kopfschmerzen",,,,,,,,,,,,31055485-caa7-8067-a208-ff73473d8dfd,,,"Magnesium, Multivitamin, Kreatin, Omega-3, Vit D",Beziehungsstress,"Late Meal, Bett geteilt",81.3,12.3,,,,,,,,,,,,,,,,,,,,,,,
6/29/2024,2024-06-29T11:52:00.000+02:00,Saturday,2024-W26,Wettkampf,,139,Braunschweig,Draußen - Sonnig,🌅 Vormittag,TRUE,Weit: 7.79m +0.7m/s,91,88,17.8,,,,,,Achilles L,,,,,,7.79,,,,,,2cb55485-caa7-80bc-9526-efaed1f3c08f,"Outdoor-Time, Libido, Meditation, Dehnen",,Koffein,"Freunde, Me-Time, Reisestress, Arbeitsstress","Schlafmaske, Late Meal, Anderes Bett",,,,,,,,,,,,,,,,,,,,,,,,,
6/28/2024,2024-06-28T12:33:00.000+02:00,Friday,2024-W26,,,43,,,🌅 Vormittag,FALSE,,95,100,13.4,,,,,,"Achilles L, Verdauung",,,,,,,,,,,,31055485-caa7-800c-8fac-e26644cf6525,"Meditation, Outdoor-Time, Kalte Dusche, Physio, Dehnen",,"Magnesium, Multivitamin, Omega-3","Reisestress, Freunde","Schlafmaske, Bett geteilt",80.35,12.2,,,,,,,,,,,,,,,,,,,,,,,
6/27/2024,2024-06-27,Thursday,2024-W26,Frei,,0,,,,FALSE,,92,100,10,,,,,,Achilles L,,,,,,,,,,,,31055485-caa7-8030-886e-ffb0e4cdcab4,"Outdoor-Time, Kalte Dusche, Lympho, Libido, Meditation, Dehnen",,"Magnesium, Multivitamin, Omega-3, Vit D",Freunde,"Zahnspange, Schlafmaske, Bett geteilt",80.35,12.1,,,,,,,,,,,,,,,,,,,,,,,
6/26/2024,2024-06-26T11:16:00.000+02:00,Wednesday,2024-W26,,,39,Franklin,,🌅 Vormittag,FALSE,,83,99,10.2,,,,,,Achilles L,,,,,,,,,,,,31055485-caa7-80dc-a62e-e8a2cee8863f,"Outdoor-Time, Verdauungsspaziergang, Kalte Dusche, Lympho, Meditation, Dehnen",,"Magnesium, Multivitamin, Kreatin, Omega-3, Vit D",,"Zahnspange, Schlafmaske, Bett geteilt",80.35,12.1,,,,,,,,,,,,,,,,,,,,,,,
6/25/2024,2024-06-25T16:09:00.000+02:00,Tuesday,2024-W26,,,142,MTG Halle,,☀️ Nachmittag,FALSE,,65,91,14.1,,,,,,"Achilles L, Verdauung",,,,,,,,,,,,31055485-caa7-802e-b425-d8ed3c945118,"Verdauungsspaziergang, Outdoor-Time, Kalte Dusche, Lympho, Libido, Dehnen",,"Magnesium, Multivitamin, Kreatin, Omega-3",,"Schlafmaske, Bett geteilt",80.35,12.3,,,,,,,,,,,,,,,,,,,,,,,
6/24/2024,2024-06-24T17:54:00.000+02:00,Monday,2024-W26,,,77,MTG Halle,Halle,☀️ Nachmittag,FALSE,"Umsetzen 2/2/1/1/1/1 90/100/105/110/100/105kg
Aufroller 3x5
Hip-Thrust 3x6 90/100/100kg
Hüftbeuger 3x6 40kg
Splitsquat 3/3/2/2 70/70/80/80kg",69,97,12.9,,,,,,"Achilles L, Kopfschmerzen",,,120,,108.5,,,,,,,31055485-caa7-808a-9aa1-ce8db87e42fb,"Outdoor-Time, Dehnen",,"Magnesium, Multivitamin, Kreatin, Omega-3, Vit D",,"Zahnspange, Schlafmaske, Unterbrechung, Bett geteilt",80.35,12.6,,,,,,,,,,,,,,,,,,,,,,,
6/23/2024,2024-06-23,Sunday,2024-W26,Frei,,0,,,,FALSE,,84,97,8.3,,,,,,Achilles L,,,,,,,,,,,,31055485-caa7-80e1-9b4d-f3dd31e8ef3d,"Verdauungsspaziergang, Outdoor-Time, Dehnen, Meditation",,"Magnesium, Multivitamin, Kreatin, Omega-3, Elektrolyte",,"Schlafmaske, Bett geteilt",80.85,12.2,,,,,,,,,,,,,,,,,,,,,,,
6/22/2024,2024-06-22T15:04:00.000+02:00,Saturday,2024-W25,Ausdauer,Joggen,22,Wald Viernheim,,☀️ Nachmittag,FALSE,,68,100,13.2,,,,,,Achilles L,,,,,,,,,,,,31055485-caa7-8061-9eb2-faec1f71794b,"Outdoor-Time, Verdauungsspaziergang, Kalte Dusche, Dehnen",,"Magnesium, Multivitamin, Kreatin, Omega-3, Vit D",Freunde,"Schlafmaske, Bett geteilt",80.65,12.1,,,,,,,,,,,,,,,,,,,,,,,
6/21/2024,2024-06-21T11:33:00.000+02:00,Friday,2024-W25,,,103,MTG Halle,,🌅 Vormittag,FALSE,,77,97,12,,,,,,Achilles L,,,,,,,,,,,,31055485-caa7-8070-b18c-c5ae64015bd6,"Nap, Outdoor-Time, Kalte Dusche, Lympho, Meditation",,"Magnesium, Multivitamin, Kreatin, Omega-3",,"Zahnspange, Schlafmaske, Bett geteilt",80.65,12.4,,,,,,,,,,,,,,,,,,,,,,,
6/20/2024,2024-06-20T15:23:00.000+02:00,Thursday,2024-W25,Kraft,,64,MTG Halle,Halle,☀️ Nachmittag,FALSE,"Trapbar 5x3 80/90/100/110/120kg
Beuger 10x 30kg + Nordics 2x6
Wade 3x10 75/75/90kg
Aufroller 8/8/6
Hüftbeuger 3x8 35kg
Aufsteiger 5x3 70/80/90/100/105kg",86,100,15.1,,,,,,Achilles L,,115.5,,132,,,,,,,,31055485-caa7-80d5-a763-e7a6fd682f7d,"Verdauungsspaziergang, Outdoor-Time, Libido, Meditation",,"Magnesium, Multivitamin, Kreatin, Omega-3, Vit D",,"Schlafmaske, Bett geteilt",81.6,12.4,,,,,,,,,,,,,,,,,,,,,,,
6/19/2024,2024-06-19T15:30:00.000+02:00,Wednesday,2024-W25,,,50,Franklin,,☀️ Nachmittag,FALSE,,91,92,10.8,,,,,,Achilles L,,,,,,,,,,,,31055485-caa7-80fe-bec0-e4dbd466bb3c,"Outdoor-Time, Kalte Dusche, Libido, Dehnen, Physio",,"Magnesium, Multivitamin, Kreatin, Omega-3",,"Zahnspange, Schlafmaske, Bett geteilt",81.15,12.2,,,,,,,,,,,,,,,,,,,,,,,
6/18/2024,2024-06-18T16:37:00.000+02:00,Tuesday,2024-W25,,,116,Mannheim,,☀️ Nachmittag,FALSE,,55,98,13,,,,,,"Achilles L, Kopfschmerzen, Verdauung",,,,,,,,,,,,31055485-caa7-80ad-8b23-db6e03b5c97e,"Outdoor-Time, Kalte Dusche, Lympho, Dehnen",,"Magnesium, Multivitamin, Kreatin, Omega-3, Vit D",,"Late Meal, Schlafmaske, Bett geteilt",80.3,12.2,,,,,,,,,,,,,,,,,,,,,,,
6/17/2024,2024-06-17T17:00:00.000+02:00,Monday,2024-W25,,,98,MTG Halle,,☀️ Nachmittag,FALSE,,42,99,13,,,,,,Achilles L,,,,,,,,,,,,31055485-caa7-80aa-9dea-fdbbcb2e78a1,"Outdoor-Time, Libido, Dehnen",,"Magnesium, Multivitamin, Kreatin, Omega-3",,"Zahnspange, Schlafmaske, Bett geteilt",79.45,12.1,,,,,,,,,,,,,,,,,,,,,,,
6/16/2024,2024-06-16T16:50:00.000+02:00,Sunday,2024-W25,Kraft,,53,MTG Halle,Halle,☀️ Nachmittag,FALSE,"Umsetzen 3/3/3/2/2/2 70/80/90/100/100/100kg
Armarbeit 3x50 2kg
Klimmzüge 3x6
Splitsquat 4/4/3/3/2 70/70/75/75/80kg
Hip-Thrust 3x8 80/70/70kg",49,88,13.6,,,,,,Achilles L,,,88.7,,106.7,,,,,,,31055485-caa7-80cf-855c-ed6360c8f03b,Dehnen,,"Magnesium, Multivitamin, Kreatin, Omega-3, Vit D",,"Schlafmaske, Bett geteilt",80.15,12.1,,,,,,,,,,,,,,,,,,,,,,,
6/15/2024,2024-06-15,Saturday,2024-W24,Frei,,0,,,,FALSE,,44,86,14.1,,,,,,"Achilles L, Allergie",,,,,,,,,,,,31055485-caa7-8053-90b5-de5656b98076,"Outdoor-Time, Libido",,"Koffein, Magnesium, Multivitamin, Kreatin, Omega-3",,"Late Meal, Zahnspange, Schlafmaske, Bett geteilt",81.1,12.1,,,,,,,,,,,,,,,,,,,,,,,
6/14/2024,2024-06-14T11:43:00.000+02:00,Friday,2024-W24,,,54,MTG Halle,,🌅 Vormittag,FALSE,,81,86,14.3,,,,,,"Achilles L, Allergie",,,,,,,,,,,,31055485-caa7-80b6-b82c-f6e93d5c89ee,"Outdoor-Time, Libido",,"Koffein, Magnesium, Multivitamin, Kreatin, Omega-3",,"Schlafmaske, Bett geteilt, Late Meal",80.9,12.1,,,,,,,,,,,,,,,,,,,,,,,
6/13/2024,2024-06-13T11:54:00.000+02:00,Thursday,2024-W24,Kraft,,57,MTG Halle,Halle,🌅 Vormittag,FALSE,"Trapbar 5x5 70/75/80/85/85kg
Nordics 3x6
Wade 3x12 75kg
Aufroller 3x8
Aufsteiger 3x5 70/75/80/85kg
Hüftbeuger 3x8 35kg",88,93,16.1,,,,,,"Achilles L, Allergie",,99.2,,99.2,,,,,,,,31055485-caa7-802f-9cb5-e5ae7230e748,Outdoor-Time,,"Magnesium, Multivitamin, Kreatin, Omega-3, Vit D",,"Late Meal, Schlafmaske, Bett geteilt",80.55,12,,,,,,,,,,,,,,,,,,,,,,,
6/12/2024,2024-06-12T11:22:00.000+02:00,Wednesday,2024-W24,,,87,,,🌅 Vormittag,FALSE,,63,91,13.3,,,,,,Achilles L,,,,,,,,,,,,31055485-caa7-800b-83b8-c9bb335f2e5f,"Outdoor-Time, Physio",,"Koffein, Magnesium, Multivitamin, Kreatin, Omega-3, Vit D",Reisestress,"Zahnspange, Schlafmaske, Bett geteilt",80.55,12.1,,,,,,,,,,,,,,,,,,,,,,,
6/11/2024,2024-06-11T15:21:00.000+02:00,Tuesday,2024-W24,Ausdauer,Joggen,24,,,☀️ Nachmittag,FALSE,2x10min?,62,90,12.6,,,,,,Achilles L,,,,,,,,,,,,31055485-caa7-80dc-a880-d429065c870a,"Dehnen, Outdoor-Time",,"Magnesium, Multivitamin, Kreatin, Omega-3",,"Zahnspange, Schlafmaske, Bett geteilt",80.05,11.9,,,,,,,,,,,,,,,,,,,,,,,
6/10/2024,2024-06-10,Monday,2024-W24,Frei,,0,,,,FALSE,,84,79,9.7,,,,,,Achilles L,,,,,,,,,,,,31055485-caa7-8092-9ed4-c49113d113ba,"Outdoor-Time, Libido",,"Magnesium, Multivitamin, Kreatin, Omega-3, Vit D",,"Schlafmaske, Bett geteilt",79.8,11.8,,,,,,,,,,,,,,,,,,,,,,,
6/9/2024,2024-06-09,Sunday,2024-W24,Frei,,0,,,,FALSE,,46,47,10.5,,,,,,Achilles L,,,,,,,,,,,,31055485-caa7-80d5-9cd0-d6fbdb5de083,"Outdoor-Time, Libido",,Koffein,"Freunde, Reisestress","Late Meal, Kopfhörer",,,,,,,,,,,,,,,,,,,,,,,,,
6/8/2024,2024-06-08T18:15:00.000+02:00,Saturday,2024-W23,Wettkampf,,244,Rom,Draußen - Sonnig,🌙 Abend,TRUE,Weit: 8.01m -0.3m/s,67,78,18.1,4 - Flow,4 - Super,,,Gut gelaunt,Achilles L,,,,,,8.01,,,,,,2cb55485-caa7-80a5-9646-ca44a0e11cfa,"Outdoor-Time, Kalte Dusche, Meditation, Physio, Dehnen",,"Koffein, Multivitamin, Elektrolyte","Reisestress, Freunde, Me-Time","Schlafmaske, Anderes Bett, Kopfhörer",,,,,,,,,,,,,,,,,,,,,,,,,
6/7/2024,2024-06-07T10:06:00.000+02:00,Friday,2024-W23,Wettkampf,,263,Rom,Draußen - Sonnig,🌅 Vormittag,TRUE,Weit: 8.08m -1.2m/s,65,96,16.1,4 - Flow,4 - Super,,,,Achilles L,,,,,,8.08,,,,,,2cb55485-caa7-80cb-baf0-e903c7d0e440,"Outdoor-Time, Kalte Dusche, Lympho, Meditation, Physio, Dehnen",,"Koffein, Magnesium, Multivitamin, Omega-3, Elektrolyte","Reisestress, Freunde, Me-Time","Schlafmaske, Anderes Bett",,,,,,,,,,,,,,,,,,,,,,,,,
6/6/2024,2024-06-06T10:48:00.000+02:00,Thursday,2024-W23,Auftakt,,65,Rom,Draußen - Sonnig,🌅 Vormittag,TRUE,,55,100,13,,,,,,"Achilles L, Kopfschmerzen",,,,,,,,,,,,31055485-caa7-8075-af37-d4f0fd7cfa99,"Outdoor-Time, Kalte Dusche, Meditation, Physio, Dehnen",,"Magnesium, Multivitamin, Omega-3, Vit D, Elektrolyte","Freunde, Me-Time",Anderes Bett,,,,,,,,,,,,,,,,,,,,,,,,,
6/5/2024,2024-06-05,Wednesday,2024-W23,Frei,,0,,,,FALSE,,42,74,11.5,,,,,,"Achilles L, Kopfschmerzen",,,,,,,,,,,,31055485-caa7-8002-bc84-efe285909998,"Verdauungsspaziergang, Outdoor-Time, Nap, Kalte Dusche, Libido, Physio, Dehnen",,"Magnesium, Multivitamin, Omega-3, Elektrolyte","Freunde, Reisestress","Zahnspange, Schlafmaske, Bett geteilt",79.8,12,,,,,,,,,,,,,,,,,,,,,,,
6/4/2024,2024-06-04T15:30:00.000+02:00,Tuesday,2024-W23,,,148,Mannheim,,☀️ Nachmittag,TRUE,,83,97,12.8,,,,,,Achilles L,,,,,,,,,,,,31055485-caa7-80d5-af49-e2ab32eb5a26,"Outdoor-Time, Kalte Dusche, Lympho, Libido, Meditation, Dehnen",,"Magnesium, Multivitamin, Omega-3, Vit D",,"Zahnspange, Schlafmaske, Bett geteilt",80.25,12.1,,,,,,,,,,,,,,,,,,,,,,,
6/3/2024,2024-06-03T14:35:00.000+02:00,Monday,2024-W23,,,145,MTG Halle,,☀️ Nachmittag,FALSE,,74,92,12.4,,,,,,Achilles L,,,,,,,,,,,,31055485-caa7-806e-9759-ec1a978b8b3a,"Outdoor-Time, Lympho, Meditation, Dehnen",,"Magnesium, Multivitamin, Kreatin, Omega-3",,"Zahnspange, Schlafmaske, Bett geteilt",80.25,12.1,,,,,,,,,,,,,,,,,,,,,,,
6/2/2024,2024-06-02T14:17:00.000+02:00,Sunday,2024-W23,,,70,Franklin,,☀️ Nachmittag,FALSE,,72,98,13.3,,,,,,Achilles L,,,,,,,,,,,,31055485-caa7-80d1-99de-f9bfee13b80e,"Outdoor-Time, Kalte Dusche, Lympho, Meditation, Dehnen",,"Magnesium, Multivitamin, Kreatin, Omega-3, Vit D",Freunde,"Zahnspange, Schlafmaske, Bett geteilt",80.55,12.1,,,,,,,,,,,,,,,,,,,,,,,
6/1/2024,2024-06-01,Saturday,2024-W22,Frei,,0,,,,FALSE,,61,94,9,,,,,,"Achilles L, Allergie",,,,,,,,,,,,31055485-caa7-80d3-8807-cacacf9619fb,"Outdoor-Time, Kalte Dusche, Libido, Meditation, Dehnen",,"Magnesium, Multivitamin, Kreatin, Omega-3",,"Zahnspange, Bett geteilt",81.1,12.1,,,,,,,,,,,,,,,,,,,,,,,
5/31/2024,2024-05-31T15:11:00.000+02:00,Friday,2024-W22,Kraft,,211,Oftersheim,,☀️ Nachmittag,FALSE,"Umsetzen 4x3 70/80/85/90kg
Klimmzüge 3x6
Aufsteiger 4/3/3/2 70/80/85/90kg
Aufroller 3x6",54,98,13.5,,,,,,"Achilles L, Allergie",,96,,,99,,,,,,,31055485-caa7-8009-85c7-d87edaf812a5,"Outdoor-Time, Meditation, Dehnen",,"Magnesium, Multivitamin, Kreatin, Omega-3, Vit D",Beziehungsstress,"Schlafmaske, Bett geteilt",80.2,12.1,,,,,,,,,,,,,,,,,,,,,,,
5/30/2024,2024-05-30T15:10:00.000+02:00,Thursday,2024-W22,Ausdauer,,30,,,☀️ Nachmittag,FALSE,,94,99,12.5,,,,,,"Achilles L, Allergie",,,,,,,,,,,,31055485-caa7-8089-82b6-e847bae0025e,"Outdoor-Time, Kalte Dusche, Lympho, Dehnen",,"Magnesium, Multivitamin, Kreatin, Omega-3",Beziehungsstress,"Zahnspange, Schlafmaske, Bett geteilt",80.7,12.1,,,,,,,,,,,,,,,,,,,,,,,
5/29/2024,2024-05-29T10:28:00.000+02:00,Wednesday,2024-W22,,,137,Mannheim,,🌅 Vormittag,FALSE,,70,98,13.5,,,,,,"Achilles L, Allergie",,,,,,,,,,,,31055485-caa7-80d5-885d-f4ddcac343ce,"Verdauungsspaziergang, Outdoor-Time, Libido, Meditation, Dehnen",,"Magnesium, Multivitamin, Kreatin, Omega-3, Vit D",,"Zahnspange, Schlafmaske, Bett geteilt",80.3,12,,,,,,,,,,,,,,,,,,,,,,,
5/28/2024,2024-05-28T15:45:00.000+02:00,Tuesday,2024-W22,,,135,,,☀️ Nachmittag,TRUE,,95,91,11.1,,,,,,Achilles L,,,,,,,,,,,,31055485-caa7-809d-bd74-c42a032cf782,"Meditation, Outdoor-Time, Kalte Dusche, Physio, Dehnen",,"Magnesium, Multivitamin, Kreatin, Omega-3","Freunde, Beziehungsstress","Zahnspange, Schlafmaske, Bett geteilt",80.75,12.1,,,,,,,,,,,,,,,,,,,,,,,
5/27/2024,2024-05-27T10:05:00.000+02:00,Monday,2024-W22,,,145,Mannheim,,🌅 Vormittag,FALSE,,77,91,13.5,,,,,,"Achilles L, Allergie",,,,,,,,,,,,31055485-caa7-809c-b2bc-e09bf9e03140,"Outdoor-Time, Kalte Dusche, Lympho",,"Magnesium, Multivitamin, Kreatin, Omega-3, Vit D, Elektrolyte",,"Zahnspange, Schlafmaske, Bett geteilt",81.1,12.3,,,,,,,,,,,,,,,,,,,,,,,
5/27/2024,2024-05-27T14:45:00.000+02:00,Monday,2024-W22,,,75,,,☀️ Nachmittag,FALSE,,77,91,13.5,,,,,,,,,,,,,,,,,,36d55485-caa7-8048-8074-fdea82bf3d07,,,,,,,,,,,,,,,,,,,,,,,,,,,,,,
5/26/2024,2024-05-26T14:45:00.000+02:00,Sunday,2024-W22,Kraft,,85,MTG Halle,Halle,☀️ Nachmittag,FALSE,"Wade 3x10 105kg
Nordics 3x6
Umsetzen 3/3/2/2/2 80/90/100/105/110kg
Armarbeit 3x50 2kg
Splitsquat 4x3 70/70/80/70kg
Hüftbeuger 3x6 40kg",88,92,14.3,,,,,,"Achilles L, Kopfschmerzen, Allergie",,,,,117.3,,,,,,,31055485-caa7-80aa-b3a4-ddc796d7bfd6,"Meditation, Outdoor-Time",,"Magnesium, Multivitamin, Kreatin, Omega-3, Vit D",,Bett geteilt,81.8,12.2,,,,,,,,,,,,,,,,,,,,,,,
5/25/2024,2024-05-25,Saturday,2024-W21,Frei,,0,,,,FALSE,,53,78,5.9,,,,,,"Achilles L, Allergie",,,,,,,,,,,,31055485-caa7-8060-9632-d8a4b5c0aeed,"Meditation, Outdoor-Time, Kalte Dusche, Libido",,"Koffein, Magnesium, Multivitamin, Kreatin, Omega-3, Elektrolyte","Reisestress, Freunde","Late Meal, Anderes Bett",,,,,,,,,,,,,,,,,,,,,,,,,
5/24/2024,2024-05-24T17:45:00.000+02:00,Friday,2024-W21,Wettkampf,,161,Dessau,,☀️ Nachmittag,FALSE,"Vormittags Auftakt
Weit: 7.55m +0.4m/s",87,100,16.5,,,,,,Achilles L,,,,,,7.55,,,,,,2cb55485-caa7-80a9-b43b-e51de25af3e8,"Meditation, Outdoor-Time, Lympho, Libido, Physio, Dehnen",,"Koffein, Magnesium, Multivitamin, Omega-3, Vit D, Elektrolyte",Freunde,Anderes Bett,,,,,,,,,,,,,,,,,,,,,,,,,
5/23/2024,2024-05-23T10:53:00.000+02:00,Thursday,2024-W21,Auftakt,,61,Mannheim,,🌅 Vormittag,FALSE,,67,97,11.5,,,,,,Achilles L,,,,,,,,,,,,31055485-caa7-8029-803c-edb12b640c2e,"Verdauungsspaziergang, Outdoor-Time, Kalte Dusche, Lympho, Meditation",,"Magnesium, Multivitamin, Omega-3, Vit D","Reisestress, Freunde","Schlafmaske, Bett geteilt",80.65,12.3,,,,,,,,,,,,,,,,,,,,,,,
5/22/2024,2024-05-22,Wednesday,2024-W21,Frei,,0,,,,FALSE,,92,100,8.1,,,,,,"Achilles L, Verdauung",,,,,,,,,,,,31055485-caa7-8055-a95b-f48e1ab970f1,"Verdauungsspaziergang, Outdoor-Time, Meditation, Kalte Dusche, Lympho, Dehnen",,"Magnesium, Multivitamin, Omega-3, Vit D",,"Zahnspange, Schlafmaske, Bett geteilt",80.65,12.1,,,,,,,,,,,,,,,,,,,,,,,
5/21/2024,2024-05-21T16:45:00.000+02:00,Tuesday,2024-W21,,,104,MTG Halle,,☀️ Nachmittag,FALSE,,68,95,11,,,,,,"Achilles L, Kopfschmerzen",,,,,,,,,,,,31055485-caa7-8037-bbf7-c490a833a22f,"Verdauungsspaziergang, Outdoor-Time, Meditation, Kalte Dusche, Lympho",,"Magnesium, Multivitamin, Kreatin, Omega-3, Vit D",Beziehungsstress,"Late Meal, Hot-Shower, Zahnspange, Schlafmaske, Unterbrechung, Bett geteilt",80.05,12.1,,,,,,,,,,,,,,,,,,,,,,,
5/20/2024,2024-05-20T20:14:00.000+02:00,Monday,2024-W21,Kraft,,45,MTG Halle,Halle,🌙 Abend,FALSE,"Trapbar 3x3 90/100/110kg
Nordics 3x5
Aufsteiger 4/3/3/2 70/80/90/100kg
Aufroller 3x6
Umsetzen 3x2 100/100/0?kg",60,96,13.9,,,,,,"Achilles L, Kopfschmerzen, Verdauung",,106.7,,121,106.7,,,,,,,31055485-caa7-80ee-afd6-d53784cd9925,"Meditation, Outdoor-Time",,"Magnesium, Multivitamin, Kreatin, Omega-3, Vit D",Beziehungsstress,"Late Meal, Zahnspange, Schlafmaske, Bett geteilt",80.05,12.1,,,,,,,,,,,,,,,,,,,,,,,
5/19/2024,2024-05-19,Sunday,2024-W21,Frei,,0,,,,FALSE,,95,98,7.1,,,,,,"Achilles L, Kopfschmerzen",,,,,,,,,,,,31055485-caa7-8042-a5bb-c65c8dbdfa2f,"Meditation, Outdoor-Time",,"Magnesium, Multivitamin, Kreatin, Omega-3, Vit D","Reisestress, Beziehungsstress, Freunde","Zahnspange, Bett geteilt",80.4,12.1,,,,,,,,,,,,,,,,,,,,,,,
5/18/2024,2024-05-18T12:45:00.000+02:00,Saturday,2024-W20,Wettkampf,,299,Weinheim,,🌅 Vormittag,FALSE,"100m: 10.70s +0.7m/s
Weit: 7.75m +0.0m/s",95,98,17.8,,,,,,"Achilles L, Kopfschmerzen, Allergie",,,,,,7.75,,,,,10.7,2cb55485-caa7-8011-9dac-e95b90022ce2,"Meditation, Outdoor-Time, Lympho, Libido, Dehnen",,"Koffein, Magnesium, Multivitamin, Kreatin, Omega-3, Vit D, Elektrolyte",Beziehungsstress,Bett geteilt,81.15,12.4,,,,,,,,,,,,,,,,,,,,,,,
5/17/2024,2024-05-17T11:38:00.000+02:00,Friday,2024-W20,Auftakt,,58,MTG Halle,,🌅 Vormittag,FALSE,,70,100,13.8,,,,,,Achilles L,,,,,,,,,,,,31055485-caa7-8089-94fe-e48cb16babee,"Meditation, Outdoor-Time, Lympho, Dehnen",,"Magnesium, Multivitamin, Omega-3, Vit D",Freunde,Bett geteilt,80.45,12.1,,,,,,,,,,,,,,,,,,,,,,,
5/16/2024,2024-05-16,Thursday,2024-W20,Frei,,0,,,,FALSE,,95,97,11.4,,,,,,"Verdauung, Allergie, Krank, Achilles L",,,,,,,,,,,,31055485-caa7-8016-add2-ca78996783bf,"Verdauungsspaziergang, Meditation, Outdoor-Time, Lympho",,Koffein,Beziehungsstress,"Zahnspange, Bett geteilt",80.8,12.1,,,,,,,,,,,,,,,,,,,,,,,
5/15/2024,2024-05-15T10:30:00.000+02:00,Wednesday,2024-W20,,,180,Mannheim,,🌅 Vormittag,FALSE,,46,95,14.5,,,,,,"Achilles L, Verdauung",,,,,,,,,,,,31055485-caa7-80d9-852c-d9d4e7e88ffd,"Meditation, Outdoor-Time, Lympho",,"Magnesium, Multivitamin, Kreatin, Omega-3, Vit D",Freunde,Bett geteilt,80.15,12.1,,,,,,,,,,,,,,,,,,,,,,,
5/15/2024,2024-05-15T16:25:00.000+02:00,Wednesday,2024-W20,,,150,Mannheim,,☀️ Nachmittag,FALSE,,46,95,14.5,,,,,,,,,,,,,,,,,,36155485-caa7-8018-abd3-ee4d653595ad,,,,,,,,,,,,,,,,,,,,,,,,,,,,,,
5/14/2024,2024-05-14T10:47:00.000+02:00,Tuesday,2024-W20,Kraft,,101,MTG Halle,Halle,🌅 Vormittag,FALSE,"Trapbar 4x3 80/90/100/110kg
Hip-Thrust 3x6 einbeinig? 60kg
Aufsteiger 4/3/3/2/2 70/80/90/95/100kg
Hüftbeuger 3x6 50/45/45kg
Aufroller 3x6
Umsetzen 4x2 90/100/105/110kg",67,100,15.1,,,,,,"Achilles L, Verdauung",,106.7,72,121,117.3,,,,,,,31055485-caa7-8031-8f99-fdfbe2df076d,"Meditation, Outdoor-Time",,"Magnesium, Multivitamin, Kreatin, Omega-3, Vit D",Reisestress,"Zahnspange, Bett geteilt",81,12.2,,,,,,,,,,,,,,,,,,,,,,,
5/13/2024,2024-05-13,Monday,2024-W20,Frei,,0,,,,FALSE,,91,96,7.5,,,,,,"Achilles L, Verdauung",,,,,,,,,,,,31055485-caa7-80b3-8642-e232e41a9049,"Kalte Dusche, Libido, Dehnen",,"Magnesium, Multivitamin, Kreatin, Omega-3, Vit D",,"Zahnspange, Bett geteilt",81,12.2,,,,,,,,,,,,,,,,,,,,,,,
5/12/2024,2024-05-12T14:10:00.000+02:00,Sunday,2024-W20,Wettkampf,,166,Ettlingen,,☀️ Nachmittag,FALSE,Weit: 7.75m +0.1m/s,73,100,16.4,,,,,,"Achilles L, Allergie",,,,,,7.75,,,,,,2cb55485-caa7-8045-9de3-cb890a7548ca,"Outdoor-Time, Kalte Dusche, Lympho, Dehnen",,"Koffein, Magnesium, Multivitamin, Kreatin, Omega-3, Vit D","Reisestress, Freunde",Bett geteilt,81,12.2,,,,,,,,,,,,,,,,,,,,,,,
5/11/2024,2024-05-11T13:45:00.000+02:00,Saturday,2024-W19,,,101,Franklin,Draußen - Vergessen,☀️ Nachmittag,FALSE,,75,100,12.4,,,,,,"Achilles L, Verdauung",,,,,,,,,,,,31055485-caa7-8018-ba7b-ed060b8f44eb,"Meditation, Outdoor-Time, Kalte Dusche, Lympho, Dehnen",,,Beziehungsstress,"Schlafmaske, Bett geteilt",81.55,12.3,,,,,,,,,,,,,,,,,,,,,,,
5/10/2024,2024-05-10T11:40:00.000+02:00,Friday,2024-W19,Frei,,48,,,🌅 Vormittag,FALSE,,78,92,12.6,,,,,,Achilles L,,,,,,,,,,,,31055485-caa7-801f-a991-e8ece1bc7c2f,"Outdoor-Time, Lympho, Meditation, Dehnen",,"Koffein, Magnesium, Multivitamin, Omega-3, Vit D",,"Zahnspange, Bett geteilt",80.85,12.2,,,,,,,,,,,,,,,,,,,,,,,
5/9/2024,2024-05-09T11:49:00.000+02:00,Thursday,2024-W19,Wettkampf,,174,Essen,,🌅 Vormittag,FALSE,Weit: 7.58m +0.2m/s,83,88,16.9,,,,,,Achilles L,,,,,,7.58,,,,,,2cb55485-caa7-80ab-9280-fa8f50d58827,"Outdoor-Time, Kalte Dusche, Lympho, Libido, Meditation, Dehnen, Physio",,"Koffein, Multivitamin, Kreatin","Reisestress, Freunde","Schlafmaske, Anderes Bett",,,,,,,,,,,,,,,,,,,,,,,,,
5/8/2024,2024-05-08T17:48:00.000+02:00,Wednesday,2024-W19,Auftakt,,39,Münster,,☀️ Nachmittag,FALSE,,86,79,12.2,,,,,,Achilles L,,,,,,,,,,,,31055485-caa7-8001-9084-eaea69767516,"Meditation, Outdoor-Time, Kalte Dusche",,"Magnesium, Multivitamin, Kreatin, Omega-3, Vit D","Reisestress, Beziehungsstress","Zahnspange, Bett geteilt",81.65,12.5,,,,,,,,,,,,,,,,,,,,,,,
5/7/2024,2024-05-07T10:10:00.000+02:00,Tuesday,2024-W19,Kraft,,169,MTG Halle,,🌅 Vormittag,FALSE,Umsetzen 3/3/2 80/90/100kg,56,88,14.6,,,,,,Achilles L,,,,,110,,,,,,,31055485-caa7-8071-9e70-d67fd6f95564,"Meditation, Outdoor-Time, Lympho",,"Magnesium, Multivitamin, Kreatin, Omega-3, Vit D",Beziehungsstress,"Nap, Hot-Shower, Zahnspange, Bett geteilt",81.65,12.5,,,,,,,,,,,,,,,,,,,,,,,
5/6/2024,2024-05-06,Monday,2024-W19,Frei,,0,,,,FALSE,,,,,,,,,,Achilles L,,,,,,,,,,,,31055485-caa7-8014-9052-db4cdaeff50d,"Outdoor-Time, Lympho, Libido, Meditation, Dehnen",,"Magnesium, Multivitamin, Kreatin, Omega-3, Vit D",,Bett geteilt,81.65,12.4,,,,,,,,,,,,,,,,,,,,,,,
5/5/2024,2024-05-05T13:45:00.000+03:00,Sunday,2024-W19,Wettkampf,,255,Pliezhausen,,🌅 Vormittag,TRUE,"80m: 8.96s -0.6m/s
150m: 16.10s +0.9m/s",68,96,14.3,,,,,,Achilles L,,,,,,,,,,,,2cb55485-caa7-80c4-a4b4-f4d298931cbc,"Meditation, Outdoor-Time, Kalte Dusche, Lympho, Libido, Dehnen",,"Koffein, Magnesium, Multivitamin, Kreatin, Omega-3, Vit D",Freunde,Bett geteilt,82,12.7,,,,,,,,,,,,,,,,,,,,,,,
5/4/2024,2024-05-04T15:11:00.000+03:00,Saturday,2024-W18,Auftakt,,59,Franklin,,☀️ Nachmittag,FALSE,,58,94,13.7,,,,,,Achilles L,,,,,,,,,,,,31055485-caa7-80ca-82c6-c4f68b1c7586,"Lympho, Meditation, Verdauungsspaziergang, Outdoor-Time, Kalte Dusche, Dehnen",,"Magnesium, Multivitamin, Kreatin, Omega-3, Vit D",,"Zahnspange, Bett geteilt, Anderes Bett",82,12.5,,,,,,,,,,,,,,,,,,,,,,,
5/3/2024,2024-05-03,Friday,2024-W18,Frei,,0,,,,FALSE,,86,88,10.2,,,,,,Achilles L,,,,,,,,,,,,31055485-caa7-8021-bd29-f5003b4789c1,"Meditation, Outdoor-Time, Libido, Dehnen",,"Magnesium, Multivitamin, Kreatin, Omega-3, Vit D",,"Hot-Shower, Bett geteilt",81.7,12.5,,,,,,,,,,,,,,,,,,,,,,,
5/2/2024,2024-05-02T17:33:00.000+03:00,Thursday,2024-W18,Kraft,,70,MTG Halle,Halle,☀️ Nachmittag,FALSE,"Hüftbeuger 3x6 50kg
Aufsteiger 5/4/3/3 60/70/80/90kg
Armarbeit 3x50 2,5kg
Trapbar 6/5/4/3 90/100/105/110kg
Hip-Thrust 3x6 60/65/65kg
Nordics 3x5",79,90,16.7,,,,,,Achilles L,,99,78,121,,,,,,,,31055485-caa7-80c1-9428-fc449732e176,"Meditation, Spaziergang, Outdoor-Time, Lympho, Libido",,"Koffein, Magnesium, Multivitamin, Kreatin, Omega-3",Beziehungsstress,"Late Meal, Bett geteilt",81.7,12.4,,,,,,,,,,,,,,,,,,,,,,,
5/1/2024,2024-05-01T16:24:00.000+03:00,Wednesday,2024-W18,,,156,MTG Halle,,☀️ Nachmittag,FALSE,,93,87,17.2,,,,,,"Achilles L, Kopfschmerzen, Krank",,,,,,,,,,,,31055485-caa7-808d-93e3-ef455268f7a8,"Meditation, Outdoor-Time",,"Magnesium, Multivitamin, Kreatin, Omega-3",,Bett geteilt,81.7,12.5,,,,,,,,,,,,,,,,,,,,,,,
4/30/2024,2024-04-30,Tuesday,2024-W18,Frei,,0,,,,FALSE,,50,66,13.9,,,,,,Achilles L,,,,,,,,,,,,30f55485-caa7-80ea-986e-e2ae5774bc3e,Outdoor-Time,,"Koffein, Magnesium, Multivitamin, Kreatin, Omega-3",Reisestress,Bett geteilt,,,,,,,,,,,,,,,,,,,,,,,,,
4/29/2024,2024-04-29,Monday,2024-W18,Frei,,0,,,,FALSE,,43,77,14,,,,,,"Achilles L, Allergie",,,,,,,,,,,,30f55485-caa7-807d-85f6-f424af8349bc,Outdoor-Time,,Koffein,Beziehungsstress,"Zahnspange, Bett geteilt",,,,,,,,,,,,,,,,,,,,,,,,,
4/28/2024,2024-04-28T11:48:00.000+02:00,Sunday,2024-W18,,,46,MS Halle,,🌅 Vormittag,FALSE,,56,82,14.4,,,,,,"Achilles L, Allergie",,,,,,,,,,,,30f55485-caa7-8013-8415-d8a862a24474,"Verdauungsspaziergang, Outdoor-Time, Dehnen",,"Magnesium, Multivitamin, Kreatin, Omega-3","Beziehungsstress, Freunde","Hot-Shower, Bett geteilt",82.85,12.5,,,,,,,,,,,,,,,,,,,,,,,
4/27/2024,2024-04-27,Saturday,2024-W17,Frei,,0,,,,FALSE,,78,82,10,,,,,,Achilles L,,,,,,,,,,,,30f55485-caa7-8055-95b0-e70f88dfd7b7,"Outdoor-Time, Lympho, Libido",,"Koffein, Magnesium, Multivitamin, Kreatin, Omega-3",Beziehungsstress,"Hot-Shower, Bett geteilt",82.45,12.5,,,,,,,,,,,,,,,,,,,,,,,
4/26/2024,2024-04-26,Friday,2024-W17,Frei,,0,,,,FALSE,,77,84,9.5,,,,,,Achilles L,,,,,,,,,,,,30f55485-caa7-80e0-82a7-cccaf3c3644c,"Outdoor-Time, Libido, Dehnen",,"Magnesium, Multivitamin, Kreatin, Omega-3, Vit D",,"Hot-Shower, Bett geteilt",83.3,12.8,,,,,,,,,,,,,,,,,,,,,,,
4/25/2024,2024-04-25T09:30:00.000+02:00,Thursday,2024-W17,,,70,Belek,,,TRUE,,53,72,13.1,,,,,,Achilles L,,,,,,,,,,,,30f55485-caa7-80cc-b4ae-f240cd8fad32,Outdoor-Time,⭐⭐⭐ Diszipliniert,"Koffein, Magnesium, Multivitamin, Kreatin, Omega-3, Vit D","Freunde, Reisestress, Beziehungsstress","Anderes Bett, Bett geteilt, Unterbrechung",,,,,,,,,,,,,,,,,,,,,,,,,
4/24/2024,2024-04-24T09:15:00.000+02:00,Wednesday,2024-W17,,,169,Belek,,,TRUE,,53,79,16.4,,,,,,Achilles L,,,,,,,,,,,,30f55485-caa7-802e-bac8-f652de6cc8b1,"Outdoor-Time, Urlaub, Physio, Eisbad",⭐⭐⭐ Diszipliniert,"Magnesium, Multivitamin, Kreatin, Omega-3",Freunde,"Anderes Bett, Bett geteilt",,,,,,,,,,,,,,,,,,,,,,,,,
4/24/2024,2024-04-24T16:14:00.000+02:00,Wednesday,2024-W17,Kraft,,94,Belek,,☀️ Nachmittag,TRUE,"Umsetzen 4/3/3/2/2 70/80/90/100/110kg
Hip-Thrust 3x8 40/30/30kg
Hüftbeuger 3x8 25/35/35kg
Nordics 3x5
Splitsquat 5/4/3/2 50/60/70/80kg",53,79,16.4,,,,,,,,,44.3,,117.3,,,,,,,34c55485-caa7-8024-a7cb-c29ab054447a,,,,,,,,,,,,,,,,,,,,,,,,,,,,,,
4/23/2024,2024-04-23T09:09:00.000+02:00,Tuesday,2024-W17,,,106,Belek,,,TRUE,,57,83,15.6,,,,,,Achilles L,,,,,,,,,,,,30f55485-caa7-80e6-b6fb-f612442c792a,"Outdoor-Time, Urlaub, Libido, Physio, Eisbad",⭐⭐⭐ Diszipliniert,"Magnesium, Multivitamin, Kreatin, Omega-3",Freunde,"Bett geteilt, Anderes Bett",,,,,,,,,,,,,,,,,,,,,,,,,
4/23/2024,2024-04-23T14:42:00.000+02:00,Tuesday,2024-W17,,,124,Belek,,☀️ Nachmittag,TRUE,,57,83,15.6,,,,,,,,,,,,,,,,,,34b55485-caa7-80c3-9917-c45c004bf5f4,,,,,,,,,,,,,,,,,,,,,,,,,,,,,,
4/22/2024,2024-04-22,Monday,2024-W17,Frei,,0,Belek,,,FALSE,,62,76,10.2,,,,,,Achilles L,,,,,,,,,,,,30f55485-caa7-804f-94a2-d9e6056a7428,"Outdoor-Time, Urlaub, Libido, Kryokammer",⭐⭐⭐ Diszipliniert,"Magnesium, Multivitamin, Kreatin, Omega-3",Freunde,"Anderes Bett, Bett geteilt",82,,,,,,,,,,,,,,,,,,,,,,,,
4/21/2024,2024-04-21T09:00:00.000+02:00,Sunday,2024-W17,,,150,Belek,,,TRUE,Nachmittag halbe Stunde Tischtennis,84,85,17.3,,,,,,Achilles L,,,,,,,,,,,,30f55485-caa7-80d2-897f-db9fb539326b,"Outdoor-Time, Urlaub, Kalte Dusche, Physio",⭐⭐⭐ Diszipliniert,"Koffein, Magnesium, Multivitamin, Kreatin, Omega-3",Freunde,"Bett geteilt, Anderes Bett",81.9,,,,,,,,,,,,,,,,,,,,,,,,
4/21/2024,2024-04-21T15:11:00.000+02:00,Sunday,2024-W17,,,191,Belek,,☀️ Nachmittag,TRUE,"Trapbar 5/4/3/2 90/100/110/120kg
Ausfallschritte 3x10 40kg",84,85,17.3,,,,,,,,,,128,,,,,,,,34955485-caa7-80ef-857e-f66a063c9cfb,,,,,,,,,,,,,,,,,,,,,,,,,,,,,,
4/20/2024,2024-04-20T09:07:00.000+02:00,Saturday,2024-W16,,,68,Belek,,,TRUE,,85,73,12.3,,,,,,Achilles L,,,,,,,,,,,,30f55485-caa7-80ba-8a01-ed1ff0566da1,"Outdoor-Time, Libido, Kryokammer",⭐⭐⭐ Diszipliniert,"Magnesium, Multivitamin, Kreatin, Omega-3",Freunde,"Anderes Bett, Bett geteilt, Nap",81.9,,,,,,,,,,,,,,,,,,,,,,,,
4/19/2024,2024-04-19T09:00:00.000+02:00,Friday,2024-W16,,,83,Belek,,,TRUE,,80,82,14.6,,,,,,Achilles L,,,,,,,,,,,,30f55485-caa7-8066-b5a4-fcc96bce39a9,"Meditation, Outdoor-Time, Urlaub, Physio, Sauna",⭐⭐⭐ Diszipliniert,"Koffein, Magnesium, Multivitamin, Kreatin, Omega-3",Freunde,"Anderes Bett, Bett geteilt",81.8,,,,,,,,,,,,,,,,,,,,,,,,
4/19/2024,2024-04-19T14:34:00.000+02:00,Friday,2024-W16,,,131,Belek,,☀️ Nachmittag,TRUE,,80,82,14.6,,,,,,,,,,,,,,,,,,34755485-caa7-808e-ac52-f6c6233b3a88,,,,,,,,,,,,,,,,,,,,,,,,,,,,,,
4/18/2024,2024-04-18T09:03:00.000+02:00,Thursday,2024-W16,Kraft,,136,Belek,,,TRUE,"Umsetzen 4/4/3/3/2/2 60/70/80/90/100/110kg
Armarbeit 3x50 2,5kg
Hip-Thrust 3x8 80/90/100kg
Splitsquat 5/4/4/3/3 60/65/70/75/80kg
Hantelsprünge 3x3 50/55/60kg
Nordics 3x5
Hüftbeuger 3x12 25/30/30kg",90,75,14.4,,,,,,Achilles L,,,126.7,,117.3,,,,,,,30f55485-caa7-80e9-a0e8-e2599112e637,"Outdoor-Time, Urlaub, Physio",⭐⭐⭐ Diszipliniert,"Magnesium, Multivitamin, Kreatin, Omega-3",Freunde,"Bett geteilt, Anderes Bett",80.5,,,,,,,,,,,,,,,,,,,,,,,,
4/17/2024,2024-04-17T09:05:00.000+02:00,Wednesday,2024-W16,,,109,Belek,,,TRUE,,,,,,,,,,Achilles L,,,,,,,,,,,,30f55485-caa7-8021-b62c-cab7c43fc4e5,"Outdoor-Time, Urlaub, Dehnen, Eisbad",⭐⭐⭐ Diszipliniert,"Koffein, Magnesium, Multivitamin, Kreatin, Omega-3",Freunde,"Anderes Bett, Bett geteilt",80.6,,,,,,,,,,,,,,,,,,,,,,,,
4/17/2024,2024-04-17T15:10:00.000+02:00,Wednesday,2024-W16,,,122,Belek,,☀️ Nachmittag,TRUE,,89,71,14.3,,,,,,Achilles L,,,,,,,,,,,,34555485-caa7-8077-8db1-f4034d284f25,,,,,,,,,,,,,,,,,,,,,,,,,,,,,,
4/16/2024,2024-04-16T09:13:00.000+02:00,Tuesday,2024-W16,,,144,Belek,,,TRUE,Nachmittag 1h Tischtennis,93,82,18.7,,,,,,Achilles L,,,,,,,,,,,,30f55485-caa7-80fb-bee7-d30829c29948,"Outdoor-Time, Urlaub, Zocken, Physio, Eisbad",⭐⭐⭐ Diszipliniert,"Magnesium, Multivitamin, Kreatin, Omega-3",Freunde,"Bett geteilt, Anderes Bett",,,,,,,,,,,,,,,,,,,,,,,,,
4/16/2024,2024-04-16T15:17:00.000+02:00,Tuesday,2024-W16,Kraft,,71,Belek,,☀️ Nachmittag,TRUE,"Trapbar 5/4/4/3/3 90/100/110/115/120kg
Liegestütz 3x10
Aufroller 3x6
Aufsteiger 5/4/4/3/3 60/70/80/90/100kg
Wade 3x12 80kg
Beuger 3x8 25kg",93,82,18.7,,,,,,,,110,,132,,,,,,,,34455485-caa7-809d-a520-c2e9ad49ee1b,,,,,,,,,,,,,,,,,,,,,,,,,,,,,,
4/15/2024,2024-04-15,Monday,2024-W16,Frei,,0,,,,FALSE,,55,55,11.2,,,,,,"Achilles L, Kopfschmerzen",,,,,,,,,,,,30f55485-caa7-8020-81ae-f4976466ee5e,"Outdoor-Time, Eisbad",,"Magnesium, Multivitamin, Omega-3","Freunde, Reisestress","Hot-Shower, Zahnspange, Bett geteilt",80.15,12.3,,,,,,,,,,,,,,,,,,,,,,,
4/14/2024,2024-04-14,Sunday,2024-W16,Frei,,0,,,,FALSE,,72,88,9.7,,,,,,Achilles L,,,,,,,,,,,,30f55485-caa7-80af-887d-c9a43f96db54,"Outdoor-Time, Dehnen, Libido",,"Koffein, Magnesium, Multivitamin, Omega-3, Vit D",,"Late Meal, Hot-Shower, Zahnspange, Bett geteilt",80.15,12,,,,,,,,,,,,,,,,,,,,,,,
4/13/2024,2024-04-13T19:07:00.000+02:00,Saturday,2024-W15,Kraft,,98,MS Halle,,🌙 Abend,FALSE,"Umsetzen 4/3/3/2 90/95/100/105kg
Aufsteiger 5/4/3/2 70/80/90/100kg
Hip-Thrust 2x8 100kg
Armarbeit 2x50 3/2kg",,,,,,,,,"Verdauung, Achilles L",,106.7,126.7,,112,,,,,,,30f55485-caa7-8050-abf1-c20f6381d5ed,"Dehnen, Outdoor-Time",,"Magnesium, Multivitamin, Omega-3, Vit D",Beziehungsstress,"Hot-Shower, Zahnspange, Bett geteilt",80.55,12.2,,,,,,,,,,,,,,,,,,,,,,,
4/12/2024,2024-04-12,Friday,2024-W15,,,0,,,,FALSE,,79,88,11.4,,,,,,Achilles L,,,,,,,,,,,,30f55485-caa7-80fe-a4a9-c047af09513e,"Outdoor-Time, Lympho",,"Koffein, Magnesium, Multivitamin, Omega-3",Beziehungsstress,"Hot-Shower, Zahnspange, Schlafmaske, Bett geteilt",80.85,12.2,,,,,,,,,,,,,,,,,,,,,,,
4/11/2024,2024-04-11T14:15:00.000+02:00,Thursday,2024-W15,,,62,MS Halle,,☀️ Nachmittag,FALSE,,63,90,12.8,,,,,,Achilles L,,,,,,,,,,,,30f55485-caa7-8056-ba30-c3b870954a41,"Outdoor-Time, Physio",,,"Beziehungsstress, Freunde","Schlafmaske, Zahnspange, Bett geteilt",80.5,12.2,,,,,,,,,,,,,,,,,,,,,,,
4/10/2024,2024-04-10,Wednesday,2024-W15,Kraft,,0,MS Halle,Halle,,FALSE,"Splitsquad 5/4/3/2 60/70/75/80kg
Armarbeit 2x50 3kg
Nordics 2x6 80kg
Wade 2x15 50/60kg
RDL 5/4/3/2 90/100/105/110kg",56,95,16,,,,,,,,,,,,,,,,,,30f55485-caa7-8094-9758-de23219bb6bd,"Outdoor-Time, Libido",,"Magnesium, Multivitamin, Omega-3",Beziehungsstress,"Hot-Shower, Schlafmaske, Bett geteilt",80.5,12.2,,,,,,,,,,,,,,,,,,,,,,,
4/9/2024,2024-04-09,Tuesday,2024-W15,Frei,,0,,,,FALSE,,67,89,8.3,,,,,,Achilles L,,,,,,,,,,,,30f55485-caa7-80ef-8916-e4a87704b106,"Outdoor-Time, Libido, Physio, Dehnen",,Multivitamin,Beziehungsstress,"Zahnspange, Bett geteilt",81.55,12.3,,,,,,,,,,,,,,,,,,,,,,,
4/8/2024,2024-04-08,Monday,2024-W15,Frei,,0,,,,FALSE,,79,79,11.3,,,,,,"Achilles L, Allergie",,,,,,,,,,,,30f55485-caa7-80a0-835a-fc4646b0614c,"Outdoor-Time, Meditation, Dehnen",,"Magnesium, Multivitamin, Omega-3",,"Zahnspange, Bett geteilt",81,12.3,,,,,,,,,,,,,,,,,,,,,,,
4/7/2024,2024-04-07T14:10:00.000+02:00,Sunday,2024-W15,Kraft,,91,MS Halle,,☀️ Nachmittag,FALSE,"Umsetzen 5/4/3/2 70/80/90/100kg
Hip-Thrust 3x8 80kg
Ausfallschritte 3x6 25/30/30kg",77,88,15.2,,,,,,,,,101.3,,106.7,,,,,,,30f55485-caa7-80f2-9f44-d9578d1a46a0,"Outdoor-Time, Lympho, Meditation",,"Magnesium, Multivitamin, Kreatin, Omega-3, Vit D",,"Hot-Shower, Schlafmaske, Bett geteilt",82.05,12.4,,,,,,,,,,,,,,,,,,,,,,,
4/6/2024,2024-04-06T10:39:00.000+02:00,Saturday,2024-W14,,,155,MTG Halle,,🌅 Vormittag,FALSE,,75,95,15,,,,,,Verdauung,,,,,,,,,,,,30f55485-caa7-800a-ba60-f6957a354610,Outdoor-Time,,"Magnesium, Multivitamin, Omega-3, Vit D","Reisestress, Beziehungsstress","Schlafmaske, Anderes Bett, Bett geteilt",,,,,,,,,,,,,,,,,,,,,,,,,
4/5/2024,2024-04-05T10:06:00.000+02:00,Friday,2024-W14,Kraft,,110,Saarbrücken,,🌅 Vormittag,TRUE,"Hüftbeuger 8/7/6 60/65/70kg
Trapbar 5/5/4/3/2 80/90/100/110/115kg
Aufsteiger 5/4/4/3/2 60/70/80/90/100kg",96,100,14.6,,,,,,Verdauung,,106.7,,122.7,,,,,,,,30f55485-caa7-80c7-9c59-f2081fa065a1,"Outdoor-Time, Libido, Dehnen",,"Magnesium, Multivitamin, Kreatin, Omega-3",Freunde,"Bett geteilt, Anderes Bett, Schlafmaske",,,,,,,,,,,,,,,,,,,,,,,,,
4/4/2024,2024-04-04,Thursday,2024-W14,,,0,,,,FALSE,,,,,,,,,,,,,,,,,,,,,,30f55485-caa7-8016-b1b0-ce28740cb4b0,,,,,,,,,,,,,,,,,,,,,,,,,,,,,,
4/3/2024,2024-04-03,Wednesday,2024-W14,,,0,,,,FALSE,,,,,,,,,,,,,,,,,,,,,,30f55485-caa7-8040-bed8-c579452e0686,,,,,,,,,,,,,,,,,,,,,,,,,,,,,,
4/2/2024,2024-04-02,Tuesday,2024-W14,,,0,,,,FALSE,,,,,,,,,,,,,,,,,,,,,,30f55485-caa7-80ac-808b-ecec79f89ece,,,,,,,,,,,,,,,,,,,,,,,,,,,,,,
4/1/2024,2024-04-01,Monday,2024-W14,,,0,,,,FALSE,,,,,,,,,,,,,,,,,,,,,,30f55485-caa7-80ea-8994-cf865203b0f4,,,,,,82.5,12.5,,,,,,,,,,,,,,,,,,,,,,,
3/31/2024,2024-03-31,Sunday,2024-W14,,,0,,,,FALSE,,,,,,,,,,,,,,,,,,,,,,30f55485-caa7-805d-8d48-c53d0d5573b6,,,,,,82.15,12.3,,,,,,,,,,,,,,,,,,,,,,,
3/30/2024,2024-03-30,Saturday,2024-W13,,,0,,,,FALSE,,,,,,,,,,,,,,,,,,,,,,30f55485-caa7-8001-bae4-e73c2f6d8390,,,,,,,,,,,,,,,,,,,,,,,,,,,,,,
3/29/2024,2024-03-29,Friday,2024-W13,,,0,,,,FALSE,,,,,,,,,,,,,,,,,,,,,,30f55485-caa7-8039-8a45-c7ecd3b1c121,,,,,,,,,,,,,,,,,,,,,,,,,,,,,,
3/28/2024,2024-03-28,Thursday,2024-W13,,,0,,,,FALSE,,,,,,,,,,,,,,,,,,,,,,30f55485-caa7-803a-8dfd-c762d1bd7dc0,,,,,,,,,,,,,,,,,,,,,,,,,,,,,,
3/27/2024,2024-03-27,Wednesday,2024-W13,Kraft,,0,,,,FALSE,,,,,,,,,,,,,,,,,,,,,,30f55485-caa7-80a0-82be-ee636b8796f6,,,,,,,,,,,,,,,,,,,,,,,,,,,,,,
3/26/2024,2024-03-26,Tuesday,2024-W13,"Sprint, Sprung",,0,,,,FALSE,,,,,,,,,,,,,,,,,,,,,,30f55485-caa7-80a9-ac28-ed340cfd1830,,,,,,,,,,,,,,,,,,,,,,,,,,,,,,
3/25/2024,2024-03-25,Monday,2024-W13,Kraft,,0,,,,FALSE,"Wade 3x15 40kg
Nordics 4x6",,,,,,,,,,,,,,,,,,,,,30f55485-caa7-8061-be29-e0007d570ffb,,,,,,,,,,,,,,,,,,,,,,,,,,,,,,
3/24/2024,2024-03-24,Sunday,2024-W13,Frei,,0,,,,FALSE,,,,,,,,,,,,,,,,,,,,,,30f55485-caa7-805f-9cbd-d02361cbb0b4,,,,,,,,,,,,,,,,,,,,,,,,,,,,,,
3/23/2024,2024-03-23,Saturday,2024-W12,"Sprint, Sprung",,0,,,,FALSE,,,,,,,,,,,,,,,,,,,,,,30f55485-caa7-80d8-ba45-f34bd32dacc7,,,,,,,,,,,,,,,,,,,,,,,,,,,,,,
3/22/2024,2024-03-22,Friday,2024-W12,"Sprint, Sprung",,0,,,,FALSE,,,,,,,,,,,,,,,,,,,,,,30f55485-caa7-80ab-90fe-f0394b46aeba,,,,,,,,,,,,,,,,,,,,,,,,,,,,,,
3/21/2024,2024-03-21,Thursday,2024-W12,Frei,,0,,,,FALSE,,,,,,,,,,,,,,,,,,,,,,30f55485-caa7-806d-931b-cc8304d608a1,,,,,,,,,,,,,,,,,,,,,,,,,,,,,,
3/20/2024,2024-03-20,Wednesday,2024-W12,Kraft,,0,,,,FALSE,"Deadlift 6/5/4/3 60/85/95/105kg
Hüftbeuger 10/9/9 50/60/70kg
PushUp/Klimmzüge 3x10/8
Aufsteiger 6/5/4/3 60/70/80/90kg",,,,,,,,,,,,,,,,,,,,,30f55485-caa7-8058-9082-d375e996e561,,,,,,,,,,,,,,,,,,,,,,,,,,,,,,
3/19/2024,2024-03-19,Tuesday,2024-W12,"Sprint, Sprung",,0,,,,FALSE,,,,,,,,,,,,,,,,,,,,,,30f55485-caa7-8055-a191-e01bf6cabe08,,,,,,,,,,,,,,,,,,,,,,,,,,,,,,
3/18/2024,2024-03-18,Monday,2024-W12,Kraft,,0,,,,FALSE,"warm-up
Wade, 2x60m 
Kordi 20/30m
Dribblings
Hopser
Frankies
KHL
Special-Frankies
Hinke

Medball 4kg
20x frontal
20x frontal schocken
3x3 schocken
20x Boden
15e seitlich sitzend

Umsetzen 6/5/4/4/3 70/80/85/90/95kg
Armarbeit 3x50 3kg
Box-Squat 8/7/6/5/4 80/90/100/105/110kg
3x5 Klimmzüge
3x6 Beuger ex
3x8 Hipthrust 75kg",,,,,,,,,,,,,,,,,,,,,30f55485-caa7-8031-a4f5-c928b00ed3a9,,,,,,,,,,,,,,,,,,,,,,,,,,,,,,
3/17/2024,2024-03-17,Sunday,2024-W12,Frei,,0,,,,FALSE,,,,,,,,,,,,,,,,,,,,,,30f55485-caa7-803a-b624-e6c7dfb9b2f1,,,,,,,,,,,,,,,,,,,,,,,,,,,,,,
3/16/2024,2024-03-16,Saturday,2024-W11,Frei,,0,,,,FALSE,,,,,,,,,,,,,,,,,,,,,,30f55485-caa7-803f-8732-c8bd11cf9fa3,,,,,,,,,,,,,,,,,,,,,,,,,,,,,,
3/15/2024,2024-03-15,Friday,2024-W11,Sprint,Tempos,0,,,,FALSE,"Warm-up
2x60, Wade
Mobi
4x8 Hürdenkordi
5 Übungen
3x2x6 Hürdensprünge
5x50m
LP: 3
4x80m
LP: 5
4x60m
LP: 3
SP: 10

50m: 6.09, 6.07, 6.00, 5.97, 5.97
80m: 9.29, 9.19, 9.31, 9.16 
60m: 6.96, 6.97, 7.18, 7.10",,,,,,,,,,,,,,,,,,,,,30f55485-caa7-80e5-920b-fd4ac6e2ff5f,,,,,,80.75,12.2,,,,,,,,,,,,,,,,,,,,,,,
3/14/2024,2024-03-14,Thursday,2024-W11,,,0,,,,FALSE,,,,,,,,,,,,,,,,,,,,,,30f55485-caa7-80a2-be99-c87cca8e3bd2,,,,,,81.1,12.2,,,,,,,,,,,,,,,,,,,,,,,
3/13/2024,2024-03-13,Wednesday,2024-W11,Kraft,,0,,,,FALSE,"warm-up Runde
Trapbar 6/6/5/4/3 70/90/90/95/100kg
Beuger 3x15 40/45/50kg
Wade 3x15 40/45/50kg
Aufsteiger 6/5/5/4/4 60/70/75/80/85kg
Knieheber 3x12 12kg
Liegestütz 3x10
Aufroller 3x6",,,,,,,,,,,,,,,,,,,,,30f55485-caa7-801a-991e-c5e8c643dca3,,,,,,80.8,12.5,,,,,,,,,,,,,,,,,,,,,,,
3/12/2024,2024-03-12,Tuesday,2024-W11,Tempos,,0,,,,FALSE,"Warm-up Achilles, 2x60m, Stretch
Kordi 20/30/40m
Dribblings
Skippings
Frankies
KHL
Special-Frankies
Hinke
HPL/Sprunglauf 20/30m

Medball 5kg
4x10 Schocken
1x10e Ablauf
1x10e seitlich
1x10 frontal
1x10 Boden

Zeit/Zielzeit
100m: 12,03 / 14,0
LP: 2min
100m: 12,19 / 14,0
LP: 2min
150m: 19,41 / 21
SP: 10min
100m: 12,38 / 14,0
LP: 2min
100m: 12.44 / 14,0
LP: 2min
200m: 30,15 / 31
SP: 8min
100m: 12,34 / 14,0
LP: 2min
100m: 13,06 / 14,0
LP: 2min
300m: 53,69 / 51",,,,,,,,,,,,,,,,,,,,,30f55485-caa7-8034-b33e-c86e83461402,,,,,,81.2,12.4,,,,,,,,,,,,,,,,,,,,,,,
3/11/2024,2024-03-11,Monday,2024-W11,Frei,,0,,,,FALSE,,,,,,,,,,,,,,,,,,,,,,30f55485-caa7-802b-808c-d617f6f26a89,,,,,,80.8,12.3,,,,,,,,,,,,,,,,,,,,,,,
3/10/2024,2024-03-10,Sunday,2024-W11,Frei,,0,,,,FALSE,,,,,,,,,,,,,,,,,,,,,,30f55485-caa7-8029-baa7-ff4cd8368dc3,,,,,,81.35,12.2,,,,,,,,,,,,,,,,,,,,,,,
3/9/2024,2024-03-09,Saturday,2024-W10,Kraft,,0,,,,FALSE,"warm-up 2 runden
Umsetzen 6/5/5/4/4 70/75/80/85/90kg
Armarbeit 3x50 3kg
Box-Squat 8/7/6/5/4 80/90/95/100/105kg
Hip-Thrust 3x8 70/80/90kg
Pull-Up 3x5
Lunges 3x12 25kg",,,,,,,,,,,,,,,,,,,,,30f55485-caa7-80be-91c1-c0d56df7e07c,,,,,,,,,,,,,,,,,,,,,,,,,,,,,,
3/8/2024,2024-03-08,Friday,2024-W10,Sprint,Tempos,0,,,,FALSE,"warm-up 2x60m, Stretch
4x8 Hürdenkordi
3x2x6 Hürdensprünge

4x50m
3x80m
4x60m
LP: 2min
SP: 8min
1x150m

50m: 6,50, 6,31, 6,22, 6,25
80m: 9,53, 9,78, 9,32
60m: 7,25, 7,09, 7,43, 7,31
150m: 18,77",,,,,,,,,,,,,,,,,,,,,30f55485-caa7-802a-9627-fce63ecc9f59,,,,,,80.25,12.3,,,,,,,,,,,,,,,,,,,,,,,
3/7/2024,2024-03-07,Thursday,2024-W10,Frei,,0,,,,FALSE,,,,,,,,,,,,,,,,,,,,,,30f55485-caa7-8039-b1a5-eeaee0ce2117,,,,,,80.9,12.4,,,,,,,,,,,,,,,,,,,,,,,
3/6/2024,2024-03-06,Wednesday,2024-W10,Frei,,0,,,,FALSE,,,,,,,,,,,,,,,,,,,,,,30f55485-caa7-80e7-a562-c447367b620d,,,,,,81.3,12.2,,,,,,,,,,,,,,,,,,,,,,,
3/5/2024,2024-03-05,Tuesday,2024-W10,Kraft,,0,,,,FALSE,"Trapbar 6/6/5/5/4/4 70/80/85/90/95/100kg
Beuger 3x15 35/40/45kg
Waden 3x15 40/45/45kg
Aufsteiger 6/6/5/5/4 50/60/70/75/80kg
Knieheber 3x12 12kg
Liegestütz 3x12
Aufroller 3x8",,,,,,,,,,,,,,,,,,,,,30f55485-caa7-8039-a24d-ed4fccc3d66d,,,,,,80.35,12.2,,,,,,,,,,,,,,,,,,,,,,,
3/4/2024,2024-03-04,Monday,2024-W10,Tempos,Tempos,0,,,,FALSE,"Warm-up Achilles, 2x60m, Stretch
Kordi 20/30/40m
Dribblings
Skippings
Frankies
KHL
Special-Frankies
Hinke

Medball 5kg
4x10 Schocken
1x10e Ablauf
1x10e seitlich
1x10 frontal
1x10 Boden

Zeit/Zielzeit
80m: 11,15 / ???
LP: 2min
100m: 13,66 / 14,5
LP: 2min
150m: 21.06 / 23
SP: 8min
80m: 10.31 / ???
LP: 2min
100m: 12.88 / 14,5
LP: 2min
200m: 29.63 / 34
SP: 8min
80m: 10.50 / ???
LP: 2min
100m: 12.57 / 14,5
LP: 2min
300m: 51.78 / 56",,,,,,,,,,,,,,,,,,,,,30f55485-caa7-8045-9a78-ee0f5d3d29e7,,,,,,80.95,12.4,,,,,,,,,,,,,,,,,,,,,,,
3/3/2024,2024-03-03,Sunday,2024-W10,Frei,,0,,,,FALSE,,,,,,,,,,,,,,,,,,,,,,30f55485-caa7-80ed-a034-cb52c38322f0,,,,,,,,,,,,,,,,,,,,,,,,,,,,,,
3/2/2024,2024-03-02,Saturday,2024-W09,Kraft,,0,,,,FALSE,"Umsetzen 6/5/5/4 70/80/85/90kg
Armarbeit 3x50 3kg
Box-Squat 8/7/6/5 80/90/95/100kg
Hipthrust 3x8 50/70/90kg
Pull-Up 3x10
Lunges 3x12 25kg",,,,,,,,,,,,,,,,,,,,,30f55485-caa7-809e-aa19-dc9d8fe52404,,,,,,80.45,12.2,,,,,,,,,,,,,,,,,,,,,,,
3/1/2024,2024-03-01,Friday,2024-W09,Sprint,Tempos,0,,,,FALSE,"Warm-Up EL, Stretch
4x8 Hürdenkordi

3x50m
3x80m
3x60m
LP 2
SP 8
1x150m

50m: 6.33, 6.45, ???
80m: 10.31, 9.75, 9.61
60m: 7.47, 7.41, 7.19
150m: ???",,,,,,,,,,,,,,,,,,,,,30f55485-caa7-80f9-a187-d8299b380823,,,,,,80.8,12.2,,,,,,,,,,,,,,,,,,,,,,,
2/29/2024,2024-02-29,Thursday,2024-W09,Frei,,0,,,,FALSE,,,,,,,,,,,,,,,,,,,,,,30e55485-caa7-8029-b902-c711c0b572a1,,,,,,80.8,12.3,,,,,,,,,,,,,,,,,,,,,,,
2/28/2024,2024-02-28,Wednesday,2024-W09,Frei,,0,,,,FALSE,,,,,,,,,,,,,,,,,,,,,,30e55485-caa7-8036-ab01-d92c360618dc,,,,,,,,,,,,,,,,,,,,,,,,,,,,,,
2/27/2024,2024-02-27,Tuesday,2024-W09,Kraft,,0,,,,FALSE,"Trapbar 6/6/5/5/4 70/80/90/95/100kg
Beuger/Wade 3x15 40kg
Aufsteiger 6/6/5/5 50/60/70/80kg
Knieheber 3x12 12kg
Liegestütz 3x20
Aufroller 3x6",,,,,,,,,,,,,,,,,,,,,30e55485-caa7-80dc-86c7-c076d1190060,,,,,,81.5,12.4,,,,,,,,,,,,,,,,,,,,,,,
2/26/2024,2024-02-26,Monday,2024-W09,,,0,,,,FALSE,"Warm-Up
EL, Stretch
Kordi: 20/25/30
Dribblings
Skippings
Frankies
KHL
Special-Frankies
Hinke

Medball 5kg
4x8 Schocken
1x8e Ablauf
1x8e seitlich
1x8 frontal
1x8 Boden

100m: 15.59 / 14.5
LP 2
150m: 23 / 24
LP 2
120m: 18 / 19
SP 8

120m: 18,4 / 19
LP 2
200m: 33,5 / 35
LP 2
150m: 23,5 / 24
SP 8

150m: 23 / 24
LP 2
300m: 53 / 57
LP 2
200m: 33 / 35",,,,,,,,,,,,,,,,,,,,,30e55485-caa7-80cb-b8fc-ee5330cf1fa2,,,,,,81.5,12.4,,,,,,,,,,,,,,,,,,,,,,,
2/25/2024,2024-02-25,Sunday,2024-W09,Frei,,0,,,,FALSE,,,,,,,,,,,,,,,,,,,,,,30e55485-caa7-80a6-9e25-c36bfac06c08,,,,,,,,,,,,,,,,,,,,,,,,,,,,,,
2/24/2024,2024-02-24,Saturday,2024-W08,Regeneration,Ergometer,0,,,,FALSE,"Hürdenkordi
2x10min Ergo",,,,,,,,,,,,,,,,,,,,,30e55485-caa7-804d-a534-f5db41e87472,,,,,,,,,,,,,,,,,,,,,,,,,,,,,,
2/23/2024,2024-02-23,Friday,2024-W08,Regeneration,Ergometer,0,,,,FALSE,2x10min Ergo,,,,,,,,,,,,,,,,,,,,,30e55485-caa7-80b5-8589-c961e91c115e,,,,,,,,,,,,,,,,,,,,,,,,,,,,,,
2/22/2024,2024-02-22,Thursday,2024-W08,Frei,,0,,,,FALSE,,,,,,,,,,,,,,,,,,,,,,30e55485-caa7-801b-9438-ee8048e6c683,,,,,,,,,,,,,,,,,,,,,,,,,,,,,,
2/21/2024,2024-02-21,Wednesday,2024-W08,Regeneration,Ergometer,0,,,,FALSE,2x10min Ergo,,,,,,,,,,,,,,,,,,,,,30e55485-caa7-807c-896a-d93805715295,,,,,,,,,,,,,,,,,,,,,,,,,,,,,,
2/20/2024,2024-02-20,Tuesday,2024-W08,Frei,,0,,,,FALSE,,,,,,,,,,,,,,,,,,,,,,30e55485-caa7-8044-95a7-e347e757fdba,,,,,,81.5,12.2,,,,,,,,,,,,,,,,,,,,,,,
2/19/2024,2024-02-19,Monday,2024-W08,Frei,,0,,,,FALSE,,,,,,,,,,,,,,,,,,,,,,30e55485-caa7-80b9-b80f-d01c41fa03f9,,,,,,,,,,,,,,,,,,,,,,,,,,,,,,
2/18/2024,2024-02-18,Sunday,2024-W08,Wettkampf,,0,Halle Leipzig,Halle,,TRUE,Weit: 7.73m,,,,,,,,,,,,,,,7.73,,,,,,2cb55485-caa7-801e-974a-f41e2b24bd57,,,,,,,,,,,,,,,,,,,,,,,,,,,,,,
2/17/2024,2024-02-17,Saturday,2024-W07,Wettkampf,,0,Halle Leipzig,Halle,,FALSE,60m: 6.84s,,,,,,,,,,,,,,,,,,,6.84,,2cb55485-caa7-8055-b768-da65c4de36f4,,,,,,,,,,,,,,,,,,,,,,,,,,,,,,
2/16/2024,2024-02-16,Friday,2024-W07,,,0,,,,FALSE,,,,,,,,,,,,,,,,,,,,,,30e55485-caa7-80df-833d-c923f567b8cd,,,,,,80.75,12.2,,,,,,,,,,,,,,,,,,,,,,,
2/15/2024,2024-02-15,Thursday,2024-W07,,,0,,,,FALSE,,,,,,,,,,,,,,,,,,,,,,30e55485-caa7-80e5-9979-cae511e982bc,,,,,,80.75,12.1,,,,,,,,,,,,,,,,,,,,,,,
2/14/2024,2024-02-14,Wednesday,2024-W07,,,0,,,,FALSE,,,,,,,,,,,,,,,,,,,,,,30e55485-caa7-8043-b043-e0f1798d4c42,,,,,,,,,,,,,,,,,,,,,,,,,,,,,,
2/13/2024,2024-02-13,Tuesday,2024-W07,,,0,,,,FALSE,,,,,,,,,,,,,,,,,,,,,,30e55485-caa7-803a-9339-f51de589fcd7,,,,,,,,,,,,,,,,,,,,,,,,,,,,,,
2/12/2024,2024-02-12,Monday,2024-W07,,,0,,,,FALSE,,,,,,,,,,,,,,,,,,,,,,30e55485-caa7-809e-8f00-c7b235484ead,,,,,,80.2,12.1,,,,,,,,,,,,,,,,,,,,,,,
2/11/2024,2024-02-11,Sunday,2024-W07,,,0,,,,FALSE,,,,,,,,,,,,,,,,,,,,,,30e55485-caa7-807f-b070-f7bf82321fbf,,,,,,80.2,12.1,,,,,,,,,,,,,,,,,,,,,,,
2/10/2024,2024-02-10,Saturday,2024-W06,,,0,,,,FALSE,,,,,,,,,,,,,,,,,,,,,,30e55485-caa7-8034-942a-cddc1cdb0e0a,,,,,,,,,,,,,,,,,,,,,,,,,,,,,,
2/9/2024,2024-02-09,Friday,2024-W06,,,0,,,,FALSE,,,,,,,,,,,,,,,,,,,,,,30e55485-caa7-8058-ae7d-d829882174dc,,,,,,,,,,,,,,,,,,,,,,,,,,,,,,
2/8/2024,2024-02-08,Thursday,2024-W06,,,0,,,,FALSE,,,,,,,,,,,,,,,,,,,,,,30e55485-caa7-80ac-8518-f6f1abb4c433,,,,,,,,,,,,,,,,,,,,,,,,,,,,,,
2/7/2024,2024-02-07,Wednesday,2024-W06,,,0,,,,FALSE,,,,,,,,,,,,,,,,,,,,,,30e55485-caa7-800d-8e9e-f3622a8e77a7,,,,,,,,,,,,,,,,,,,,,,,,,,,,,,
2/6/2024,2024-02-06,Tuesday,2024-W06,,,0,,,,FALSE,,,,,,,,,,,,,,,,,,,,,,30e55485-caa7-806d-a3b5-f3d2e9ed5df4,,,,,,79.55,12,,,,,,,,,,,,,,,,,,,,,,,
2/5/2024,2024-02-05,Monday,2024-W06,,,0,,,,FALSE,,,,,,,,,,,,,,,,,,,,,,30e55485-caa7-80e6-9f27-e440951f58ce,,,,,,80.45,12,,,,,,,,,,,,,,,,,,,,,,,
2/4/2024,2024-02-04,Sunday,2024-W06,,,0,,,,FALSE,,,,,,,,,,,,,,,,,,,,,,30e55485-caa7-80db-a2bf-c796114e5efd,,,,,,79.4,12,,,,,,,,,,,,,,,,,,,,,,,
2/3/2024,2024-02-03,Saturday,2024-W05,Wettkampf,,0,Halle Leverkusen,Halle,,FALSE,Weit: 7.49m,,,,,,,,,,,,,,,7.49,,,,,,2cb55485-caa7-806f-862f-eeb54925b839,,,,,,79.4,12.1,,,,,,,,,,,,,,,,,,,,,,,
2/2/2024,2024-02-02,Friday,2024-W05,,,0,,,,FALSE,,,,,,,,,,,,,,,,,,,,,,30e55485-caa7-8004-8818-daf3067f6889,,,,,,79.4,12,,,,,,,,,,,,,,,,,,,,,,,
2/1/2024,2024-02-01,Thursday,2024-W05,,,0,,,,FALSE,,,,,,,,,,,,,,,,,,,,,,30e55485-caa7-80cf-9b42-c1870c252787,,,,,,79.65,11.9,,,,,,,,,,,,,,,,,,,,,,,
1/31/2024,2024-01-31,Wednesday,2024-W05,,,0,,,,FALSE,,,,,,,,,,,,,,,,,,,,,,30e55485-caa7-803d-a045-c7658aea5819,,,,,,79.35,12.8,,,,,,,,,,,,,,,,,,,,,,,
1/30/2024,2024-01-30,Tuesday,2024-W05,,,0,,,,FALSE,,,,,,,,,,,,,,,,,,,,,,30e55485-caa7-80a8-b6bd-d90573c39915,,,,,,39.35,12.8,,,,,,,,,,,,,,,,,,,,,,,
1/29/2024,2024-01-29,Monday,2024-W05,,,0,,,,FALSE,,,,,,,,,,,,,,,,,,,,,,30e55485-caa7-8012-9671-d8af1f012291,,,,,,79.35,12.2,,,,,,,,,,,,,,,,,,,,,,,
1/28/2024,2024-01-28,Sunday,2024-W05,,,0,,,,FALSE,,,,,,,,,,,,,,,,,,,,,,30e55485-caa7-80da-9e32-c7fe06a04bc2,,,,,,80.4,11.9,,,,,,,,,,,,,,,,,,,,,,,
1/27/2024,2024-01-27,Saturday,2024-W04,,,0,,,,FALSE,,,,,,,,,,,,,,,,,,,,,,30e55485-caa7-8022-b49e-ecfa5a2f63c1,,,,,,,,,,,,,,,,,,,,,,,,,,,,,,
1/26/2024,2024-01-26,Friday,2024-W04,,,0,,,,FALSE,,,,,,,,,,,,,,,,,,,,,,30e55485-caa7-809b-8750-f2bafc33d6b4,,,,,,80.65,12.7,,,,,,,,,,,,,,,,,,,,,,,
1/25/2024,2024-01-25,Thursday,2024-W04,,,0,,,,FALSE,,,,,,,,,,,,,,,,,,,,,,30e55485-caa7-80b7-b201-e38b2ebaf640,,,,,,,,,,,,,,,,,,,,,,,,,,,,,,
1/24/2024,2024-01-24,Wednesday,2024-W04,,,0,,,,FALSE,,,,,,,,,,,,,,,,,,,,,,30e55485-caa7-80ff-b4c6-c86285572b4f,,,,,,,,,,,,,,,,,,,,,,,,,,,,,,
1/23/2024,2024-01-23,Tuesday,2024-W04,,,0,,,,FALSE,,,,,,,,,,,,,,,,,,,,,,30e55485-caa7-8037-96cb-cee36b3c1661,,,,,,80.15,12,,,,,,,,,,,,,,,,,,,,,,,
1/22/2024,2024-01-22,Monday,2024-W04,,,0,,,,FALSE,,,,,,,,,,,,,,,,,,,,,,30e55485-caa7-80a5-bc80-ca88422c3a0b,,,,,,,,,,,,,,,,,,,,,,,,,,,,,,
1/21/2024,2024-01-21,Sunday,2024-W04,,,0,,,,FALSE,,,,,,,,,,,,,,,,,,,,,,30e55485-caa7-80b5-bd20-eef070fc4d03,,,,,,79.8,12,,,,,,,,,,,,,,,,,,,,,,,
1/20/2024,2024-01-20,Saturday,2024-W03,Wettkampf,,0,Halle Dortmund,Halle,,FALSE,60m: 6.81s,,,,,,,,,,,,,,,,,,,6.81,,2cb55485-caa7-80c3-9b37-c8bb6dcd63a0,,,,,,80.15,12,,,,,,,,,,,,,,,,,,,,,,,
1/19/2024,2024-01-19,Friday,2024-W03,,,0,,,,FALSE,,,,,,,,,,,,,,,,,,,,,,30e55485-caa7-80b6-8197-dd97c4b007a7,,,,,,79.15,11.8,,,,,,,,,,,,,,,,,,,,,,,
1/18/2024,2024-01-18,Thursday,2024-W03,,,0,,,,FALSE,,,,,,,,,,,,,,,,,,,,,,30e55485-caa7-8061-8d04-e29d88981602,,,,,,79.4,11.9,,,,,,,,,,,,,,,,,,,,,,,
1/17/2024,2024-01-17,Wednesday,2024-W03,,,0,,,,FALSE,,,,,,,,,,,,,,,,,,,,,,30e55485-caa7-80c6-993b-ec799468137b,,,,,,79.6,12.1,,,,,,,,,,,,,,,,,,,,,,,
1/16/2024,2024-01-16,Tuesday,2024-W03,,,0,,,,FALSE,,,,,,,,,,,,,,,,,,,,,,30e55485-caa7-8058-a9ff-fabb76c4c922,,,,,,80.45,12.3,,,,,,,,,,,,,,,,,,,,,,,
1/15/2024,2024-01-15,Monday,2024-W03,,,0,,,,FALSE,,,,,,,,,,,,,,,,,,,,,,30e55485-caa7-80e4-b01b-eab13d3d1aac,,,,,,,,,,,,,,,,,,,,,,,,,,,,,,
1/14/2024,2024-01-14,Sunday,2024-W03,Wettkampf,,0,MTG Halle,Halle,,FALSE,"60m VL: 6.95s
60m EL: 6.94s",,,,,,,,,,,,,,,,,,,6.94,,2cb55485-caa7-808b-b83c-f251d5bf2a0f,,,,,,,,,,,,,,,,,,,,,,,,,,,,,,
1/13/2024,2024-01-13,Saturday,2024-W02,,,0,,,,FALSE,,,,,,,,,,,,,,,,,,,,,,30e55485-caa7-8009-8919-f0682e2c915e,,,,,,80.45,12.2,,,,,,,,,,,,,,,,,,,,,,,
1/12/2024,2024-01-12,Friday,2024-W02,,,0,,,,FALSE,,,,,,,,,,,,,,,,,,,,,,30e55485-caa7-8099-ab24-c8cf8cb1b1f7,,,,,,80.7,12.3,,,,,,,,,,,,,,,,,,,,,,,
1/11/2024,2024-01-11,Thursday,2024-W02,,,0,,,,FALSE,,,,,,,,,,,,,,,,,,,,,,30e55485-caa7-8046-8eaf-cfb089832a7d,,,,,,80.7,12.2,,,,,,,,,,,,,,,,,,,,,,,
1/10/2024,2024-01-10,Wednesday,2024-W02,,,0,,,,FALSE,,,,,,,,,,,,,,,,,,,,,,30e55485-caa7-8053-a6a0-daa0c8b03392,,,,,,81.55,12.1,,,,,,,,,,,,,,,,,,,,,,,
1/9/2024,2024-01-09,Tuesday,2024-W02,,,0,,,,FALSE,,,,,,,,,,,,,,,,,,,,,,30e55485-caa7-806f-ab70-c03087d23b8c,,,,,,,,,,,,,,,,,,,,,,,,,,,,,,
1/8/2024,2024-01-08,Monday,2024-W02,,,0,,,,FALSE,,,,,,,,,,,,,,,,,,,,,,30e55485-caa7-8084-a175-e058e2193e08,,,,,,,,,,,,,,,,,,,,,,,,,,,,,,
1/7/2024,2024-01-07,Sunday,2024-W02,,,0,,,,FALSE,,,,,,,,,,,,,,,,,,,,,,30e55485-caa7-8023-9cfe-d9436839627f,,,,,,,,,,,,,,,,,,,,,,,,,,,,,,
1/6/2024,2024-01-06,Saturday,2024-W01,,,0,,,,FALSE,,,,,,,,,,,,,,,,,,,,,,30e55485-caa7-80f4-98de-c39a5ecfd9df,,,,,,,,,,,,,,,,,,,,,,,,,,,,,,
1/5/2024,2024-01-05,Friday,2024-W01,,,0,,,,FALSE,,,,,,,,,,,,,,,,,,,,,,30e55485-caa7-803a-be86-dfccc8190bea,,,,,,,,,,,,,,,,,,,,,,,,,,,,,,
1/4/2024,2024-01-04,Thursday,2024-W01,,,0,,,,FALSE,,,,,,,,,,,,,,,,,,,,,,30e55485-caa7-8003-9a9a-cc38f98ff472,,,,,,,,,,,,,,,,,,,,,,,,,,,,,,
1/3/2024,2024-01-03,Wednesday,2024-W01,,,0,,,,FALSE,,,,,,,,,,,,,,,,,,,,,,30e55485-caa7-80a2-a3c6-f991fa498fbe,,,,,,,,,,,,,,,,,,,,,,,,,,,,,,
1/2/2024,2024-01-02,Tuesday,2024-W01,,,0,,,,FALSE,,,,,,,,,,,,,,,,,,,,,,30e55485-caa7-804a-9650-fb55a79ca3b8,,,,,,81.55,12.2,,,,,,,,,,,,,,,,,,,,,,,
1/1/2024,2024-01-01,Monday,2024-W01,,,0,,,,FALSE,,,,,,,,,,,,,,,,,,,,,,30e55485-caa7-807f-9dac-c25f9369f893,,,,,,81.15,12.2,,,,,,,,,,,,,,,,,,,,,,,
12/31/2023,2023-12-31,Sunday,2023-W01,,,0,,,,FALSE,,,,,,,,,,,,,,,,,,,,,,30e55485-caa7-80bb-9958-d14e73c9b5ca,,,,,,81.4,12.1,,,,,,,,,,,,,,,,,,,,,,,
12/30/2023,2023-12-30,Saturday,2023-W52,,,0,,,,FALSE,,,,,,,,,,,,,,,,,,,,,,30e55485-caa7-8014-bc1e-dfcdd812070e,,,,,,,,,,,,,,,,,,,,,,,,,,,,,,
12/29/2023,2023-12-29,Friday,2023-W52,,,0,,,,FALSE,,,,,,,,,,,,,,,,,,,,,,30e55485-caa7-8091-869e-e30beb0b1b43,,,,,,,,,,,,,,,,,,,,,,,,,,,,,,
12/28/2023,2023-12-28,Thursday,2023-W52,,,0,,,,FALSE,,,,,,,,,,,,,,,,,,,,,,30e55485-caa7-801e-ae64-cbb50cda34c2,,,,,,81.05,12.8,,,,,,,,,,,,,,,,,,,,,,,
12/27/2023,2023-12-27,Wednesday,2023-W52,,,0,,,,FALSE,,,,,,,,,,,,,,,,,,,,,,30e55485-caa7-8061-bb93-ff035897950d,,,,,,81.7,12.8,,,,,,,,,,,,,,,,,,,,,,,
12/26/2023,2023-12-26,Tuesday,2023-W52,,,0,,,,FALSE,,,,,,,,,,,,,,,,,,,,,,30e55485-caa7-801d-9711-c7d8f9f2d18b,,,,,,80.25,12.8,,,,,,,,,,,,,,,,,,,,,,,
12/25/2023,2023-12-25,Monday,2023-W52,,,0,,,,FALSE,,,,,,,,,,,,,,,,,,,,,,30e55485-caa7-8090-a7d2-e8a707a84a82,,,,,,,,,,,,,,,,,,,,,,,,,,,,,,
12/24/2023,2023-12-24,Sunday,2023-W52,,,0,,,,FALSE,,,,,,,,,,,,,,,,,,,,,,30e55485-caa7-804e-93aa-ce594a9184f6,,,,,,80.25,12.2,,,,,,,,,,,,,,,,,,,,,,,
12/23/2023,2023-12-23,Saturday,2023-W51,"Tempos, Kraft",,0,,,,FALSE,,,,,,,,,,,,,,,,,,,,,,30e55485-caa7-8083-abb2-cdf999b17532,,,,,,80.25,12,,,,,,,,,,,,,,,,,,,,,,,
12/22/2023,2023-12-22,Friday,2023-W51,Sprint,,0,,,,FALSE,,,,,,,,,,,,,,,,,,,,,,30e55485-caa7-8006-b46d-d1fc38d1a9cc,,,,,,80.5,12.1,,,,,,,,,,,,,,,,,,,,,,,
12/21/2023,2023-12-21,Thursday,2023-W51,Sprung,,0,,,,FALSE,,,,,,,,,,,,,,,,,,,,,,30e55485-caa7-8004-b826-e8a9316da371,,,,,,80,12,,,,,,,,,,,,,,,,,,,,,,,
12/20/2023,2023-12-20,Wednesday,2023-W51,Regeneration,,0,,,,FALSE,,,,,,,,,,,,,,,,,,,,,,30e55485-caa7-8021-a098-df6220fef7d3,,,,,,80,12,,,,,,,,,,,,,,,,,,,,,,,
12/19/2023,2023-12-19,Tuesday,2023-W51,Sprint,,0,,,,FALSE,,,,,,,,,,,,,,,,,,,,,,30e55485-caa7-8078-ba5c-ee9b5b1e1a15,,,,,,79.5,12.1,,,,,,,,,,,,,,,,,,,,,,,
12/18/2023,2023-12-18,Monday,2023-W51,"Sprint, Sprung, Kraft",,0,,,,FALSE,,,,,,,,,,,,,,,,,,,,,,30e55485-caa7-8057-b1e4-ec32a7427d28,,,,,,80.35,12.7,,,,,,,,,,,,,,,,,,,,,,,
12/17/2023,2023-12-17,Sunday,2023-W51,Frei,,0,,,,FALSE,,,,,,,,,,,,,,,,,,,,,,30e55485-caa7-80d0-8afb-f5458cedb9e9,,,,,,79.65,12.9,,,,,,,,,,,,,,,,,,,,,,,
12/16/2023,2023-12-16,Saturday,2023-W50,Tempos,,0,,,,FALSE,"TL
3x3x60m Hütchenläufe 
Abstände (3 Bahnen aufbauen)
5F. - 6F. 
5,5F. - 6,5F. 
6F. - 7F. 
2x120m
Lp: 10 min 
Sp:12min
2x80m 
Lp: 8min
5x12 sek beugertrommel ",,,,,,,,,,,,,,,,,,,,,30e55485-caa7-805b-a220-c3d65ac018c8,,,,,,80.9,12.9,,,,,,,,,,,,,,,,,,,,,,,
12/15/2023,2023-12-15,Friday,2023-W50,"Sprint, Kraft",,0,,,,FALSE,"ZWL
3x40m (1080) 
4kg auf 8kg bei 7,6 m/s 
3x 30m Kurve Raus

Kraft 5x4 
Hexabarjumps
5x4 Kastenaufsprünge (Hoher Kasten)
Kreuzheben einb. ins Umsetzten mit Schritt auf Kasten",,,,,,,,,,,,,,,,,,,,,30e55485-caa7-8008-bc6f-f80bd43d7c5f,,,,,,80.4,12.7,,,,,,,,,,,,,,,,,,,,,,,
12/14/2023,2023-12-14,Thursday,2023-W50,Frei,,0,,,,FALSE,,,,,,,,,,,,,,,,,,,,,,30e55485-caa7-8092-a07c-d96b57c88d1e,,,,,,81.55,12.3,,,,,,,,,,,,,,,,,,,,,,,
12/13/2023,2023-12-13,Wednesday,2023-W50,"Diagnostik, Sprung, Kraft",,0,,,,FALSE,"Test
Kraft 
10er Sprunglauf: 28,9/30,05/30m
Umsetzen: 110kg
Hiptrust: 200kg
Kniebeuge: 230kg",,,,,,,,,,,,,,,,,,,,,30e55485-caa7-80f0-a007-c1a4bfe379b7,,,,,,81.55,12.4,,,,,,,,,,,,,,,,,,,,,,,
12/12/2023,2023-12-12,Tuesday,2023-W50,"Diagnostik, Sprint, Sprung",,0,,,,FALSE,"Test
Sprint
Jump & Reach: 71/72/72cm
3x60m
0-30m: 3,63/3,66/3,62s
30-60m: 2,95/2,93/2,96s
0-60m 6,58/6,59/6,59s
Topspeed 1080 (0,1kg): 10,24m/s
Kugelschocken: 18,26/17,35/17,16m",,,,,,,,,,,,,,,,,,,,,30e55485-caa7-8031-9177-ff939810898b,,,,,,81.55,12.2,,,,,,,,,,,,,,,,,,,,,,,
12/11/2023,2023-12-11,Monday,2023-W50,Regeneration,,0,,,,FALSE,"Regeneration (75min-80min)
Hürdenkoordi (25min)
3x 4 Hürden je Seite im 5er (Männerabstand +5F.) 
Lp: 3min
3x3x 8 sek Tapping 
Stabi / Athletik 
Am Barren schwingen etc. 
Klimmzüge",,,,,,,,,,,,,,,,,,,,,30e55485-caa7-8007-b8a2-e20def4c8724,,,,,,81.2,12.2,,,,,,,,,,,,,,,,,,,,,,,
12/10/2023,2023-12-10,Sunday,2023-W50,Frei,,0,,,,FALSE,,,,,,,,,,,,,,,,,,,,,,30e55485-caa7-806b-afb2-f23f0d6355b3,,,,,,81.4,12.3,,,,,,,,,,,,,,,,,,,,,,,
12/9/2023,2023-12-09,Saturday,2023-W49,"Sprung, Kraft",,0,,,,FALSE,"SKA
Technik + TL
Weitspringer
5-7 Anlaufkontrollen
2 Anläufe (-2 Schritt)
2 Anläufe (Original)
x Anläufe (+2 Schritt)
2x2x 70m In & Out

Sprinter
4x 60m Technisch über Hütchen 
LP: 4min / SP: 7min
3x 70m In & Out
Lp: 5min / Sp: 9min
2x 120m 
Lp: 10min

Kraft 
Springer 5x4 
Aufsteiger je Bein (2 Stufen)

Sprinter
5x4 Umsetzen (jeden 2ten in Kniebeuge)

5x 4 Dropjumps + 2 Hürden",,,,,,,,,,,,,,,,,,,,,30e55485-caa7-80ee-bb6f-d4002a29f89c,,,,,,81.1,12.2,,,,,,,,,,,,,,,,,,,,,,,
12/8/2023,2023-12-08,Friday,2023-W49,"Sprint, Kraft",,0,,,,FALSE,"Technik + Kraft
ZWL Pushbull 4x15m (70%)
4x25m (40-50%) großer Schlitten (Gurte bitte bei mir abholen!)
3x40m Kurve Raus

Kraft 4x4
Frontkniebeuge 
4x6 Kastendurchsprünge ",,,,,,,,,,,,,,,,,,,,,30e55485-caa7-80bf-9dcf-d7befb4fca2f,,,,,,80.4,12.1,,,,,,,,,,,,,,,,,,,,,,,
12/7/2023,2023-12-07,Thursday,2023-W49,Regeneration,,0,,,,FALSE,"Regeneration
3x8 Min Rad/ Ruderergometer
Puls: 120/140
Kniestandgehen 3x2 Runden mit Zusatzgewicht über Kopf
Stabi 4x15 sek am Kasten (Schnell auf Frequenz)
Seite, Rotation, Bauch, Rücken

4x4 Beuger exzentrisch 
4x 4 Adduktor exzentrisch ",,,,,,,,,,,,,,,,,,,,,30e55485-caa7-8022-b131-fbc58b2a38d7,,,,,,80.7,12,,,,,,,,,,,,,,,,,,,,,,,
12/6/2023,2023-12-06,Wednesday,2023-W49,Sprint,,0,,,,FALSE,"SKA - Technik
3x4x 50m über Hütchen 
Lauf 1&2 mit Medball in Vorhalte 
Lauf 3 mit Arme in Vorhalte
Lauf 4 Frei
Abstände für 70%- 75% 5,5 auf 6,5F. 
4x4 Shiabaki Jumps je Seite (Zusatzgewicht)
4x2x6 Hürdensprüge ",,,,,,,,,,,,,,,,,,,,,30e55485-caa7-8022-aa5c-d367f1c80b27,,,,,,80.7,12.2,,,,,,,,,,,,,,,,,,,,,,,
12/5/2023,2023-12-05,Tuesday,2023-W49,"Sprung, Kraft",,0,,,,FALSE,"Technik + Kraft
Sprinter
Starts
15m / 30m / 20m / 30m
3x 60m Technikläufe über Hütchen

Springer
6 x 6/7er Negativ
3 je Seite Take-Off über 3 Hürden + Absprung von Erhöhung

Kraft 4x4 
Hiptrust an Freihantel
Kreuzheben einb. an Wand",,,,,,,,,,,,,,,,,,,,,30e55485-caa7-80d4-8a65-d6ec6f8f8af9,,,,,,80.25,12.1,,,,,,,,,,,,,,,,,,,,,,,
12/4/2023,2023-12-04,Monday,2023-W49,"Sprint, Kraft",,0,,,,FALSE,"Spez. Kraft 
2x2x4 Startschritte Umlenkrolle
ZWL 4x40m (1080 / Schlitten) - Aus Block
4 auf 9kg
2x30m frei aus Kurve

Kraft 4x4 
Umsetzten (Speedsonsor Test)
4x6 Medballschocken",,,,,,,,,,,,,,,,,,,,,30e55485-caa7-80e0-8420-e25fa393ea03,,,,,,80.55,12.3,,,,,,,,,,,,,,,,,,,,,,,
12/3/2023,2023-12-03,Sunday,2023-W49,Frei,,0,,,,FALSE,,,,,,,,,,,,,,,,,,,,,,30e55485-caa7-8052-96fe-c99a19a98835,,,,,,,,,,,,,,,,,,,,,,,,,,,,,,
12/2/2023,2023-12-02,Saturday,2023-W48,"Sprint, Kraft",,0,,,,FALSE,"SKA
Hütchenläufe Arme in Vorhalte
4x50m Hütchen von 4F auf 5,5F. 

In & Outs
2 x 150m (50 Splits)

Kraft
4x5 Sumosquad- Kolkov
4x6 Frontpress",,,,,,,,,,,,,,,,,,,,,30e55485-caa7-8037-8424-d3281ab7ef78,,,,,,80.2,12.1,,,,,,,,,,,,,,,,,,,,,,,
12/1/2023,2023-12-01,Friday,2023-W48,Sprung,,0,,,,FALSE,"Technik + Kraft
ZUL (1080/ Silverline) 
Springer 
Mit Silverline in Grube
aus 6/7er bzw. 8/9er von Erhöhung
2x50m ZUL (1080)

Sprinter
4-5 x 50m ZUL bei TopSpeed technisch 
Hütchenläufe
Locker zur Utilisation technisch

Kraft 5x4
Umsetzten 
5x4 Medballschocken",,,,,,,,,,,,,,,,,,,,,30e55485-caa7-80e0-b418-e959e1f826e1,,,,,,80.45,12.1,,,,,,,,,,,,,,,,,,,,,,,
11/30/2023,2023-11-30,Thursday,2023-W48,Regeneration,,0,,,,FALSE,"Regeneration
Hürdenkoordi (20-30min)
Stabi 4x15 sek am Kasten (Schnell auf Frequenz)
Seite, Rotation, Bauch, Rücken
5x je Seite Einbeinsprünge über 5 Kastenteile (Rauf-Runter-Rauf)",,,,,,,,,,,,,,,,,,,,,30e55485-caa7-801e-bfc0-f2926a512d0b,,,,,,81.05,13,,,,,,,,,,,,,,,,,,,,,,,
11/29/2023,2023-11-29,Wednesday,2023-W48,"Sprint, Sprung",,0,,,,FALSE,"SKA + Sprünge
3x5x60m (technisch) in 70% und Tunschuhe (Easy-Runs)
Lp: 35sek / Sp: 9min

5x4 Schiabaki Sprünge je Seite (Gewichtsweste Nutzen!)
3x2 - 7 Grüne Hürden Pferdchenläufe
Abstand 11F. / 9F. 
Hürdensprünge 8x12 Hü.
4x5 Beuger Exzentrisch
4x8 Adduktor (Fast)",,,,,,,,,,,,,,,,,,,,,30e55485-caa7-8065-b6a4-dd998d15e6f5,,,,,,81.05,12.8,,,,,,,,,,,,,,,,,,,,,,,
11/28/2023,2023-11-28,Tuesday,2023-W48,"Sprint, Kraft",,0,,,,FALSE,"Spez. Kraft 
Pushbull 4x15m (70%)
ZWL 3x40m (1080 / Schlitten) - Aus Block
2x30m frei 

Kraft 5x4 
Hiptrust
Kreuzheben einb. an Wand",,,,,,,,,,,,,,,,,,,,,30e55485-caa7-80d8-9f1d-ed2ca0c12d44,,,,,,81.9,13,,,,,,,,,,,,,,,,,,,,,,,
11/27/2023,2023-11-27,Monday,2023-W48,"Sprung, Kraft",,0,,,,FALSE,"Technik + Kraft 
Gemeinsam Erwärmung über Hütchen
Springer
6 x 6/7er Negativ
3 je Seite Take-Off über 4 Hürden + Absprung von Erhöhung

Sprinter
4 x 5er Einbeinsprünge je Seite Pushbull
4 x 5er Ablaufsprunglauf beidbeinig

Alle 3x 30m aus Drop

Kraft 5x4
Kolkov-Squad
Hüftbeuger am Seilzug (6sek Zurück)",,,,,,,,,,,,,,,,,,,,,30e55485-caa7-8087-8777-f6e7614abe4d,,,,,,80.95,12.9,,,,,,,,,,,,,,,,,,,,,,,
11/26/2023,2023-11-26,Sunday,2023-W48,Frei,,0,,,,FALSE,,,,,,,,,,,,,,,,,,,,,,30e55485-caa7-80b7-9de6-edc1f1bd3d32,,,,,,80.95,12.8,,,,,,,,,,,,,,,,,,,,,,,
11/25/2023,2023-11-25,Saturday,2023-W47,"Sprint, Sprung",Anlauf,0,,,,FALSE,"TL (SKA) 
Springer
Anlaufkontrollen 
3x Original +2 Schritt
2x Original 
4x120m In&Out (40m/30m/50m)
LP: 6min

Sprinter
3x150m Steigerung bis 95% ab Kurve Raus
Lp: 5min / Sp: 12min
2x 3x 60m (In & Out)
25m/10m/25m
LP: 3 min / Sp: 9min",,,,,,,,,,,,,,,,,,,,,30e55485-caa7-80e0-a295-df2ea69a0b5e,,,,,,81.55,12.9,,,,,,,,,,,,,,,,,,,,,,,
11/24/2023,2023-11-24,Friday,2023-W47,Diagnostik,,0,,,,FALSE,,,,,,,,,,,,,,,,,,,,,,30e55485-caa7-8092-b30f-c48d62114343,,,,,,,,,,,,,,,,,,,,,,,,,,,,,,
11/23/2023,2023-11-23,Thursday,2023-W47,Diagnostik,,0,,,,FALSE,"Luka 
3x 3x 50m (LP: 2,5 min/ SP: 15min)
3x 2x 3er Hop Beidb. erster Sprung von Erhöhung
6x8 Hürdensprünge (6,5 F.)

Alle Starts 
15m/20m/30m/40m
Kurve Raus 3x40m aus Drop

Kraft 5x4
Hexabarjumps Dynamisch
5 x Adduktor Isometrisch an Maschine (8-10sek halten)
5 x Beuger isometrisch (8-10 sek)",,,,,,,,,,,,,,,,,,,,,30e55485-caa7-8036-9fef-f364fd4109b6,,,,,,80.5,12.6,,,,,,,,,,,,,,,,,,,,,,,
11/22/2023,2023-11-22,Wednesday,2023-W47,,,0,,,,FALSE,"Regeneration Hürdenkoordination (20min)
Atheltik 
4x 10 Bauchrolle
4x 10 Schwingen am Barren (Lang und gebeugte Beine) 
4x10 Dips am Barren 
4x Max Aufroller aus Hang
5x10 Hantelsprünge 
5x5 Medballschocken
3x6 min Rad- oder Ruderergometer
4x20 sek Seilchen Springen",,,,,,,,,,,,,,,,,,,,,30e55485-caa7-8075-9dfa-da2d8e725e52,,,,,,80.2,12.7,,,,,,,,,,,,,,,,,,,,,,,
11/21/2023,2023-11-21,Tuesday,2023-W47,Sprint,,0,,,,FALSE,"Pickup + TL 
ZWL (Schlitten / 1080)
Henks' Erwärmung 

4x40m ZWL aus Drop
von 5 auf 9kg

2x 80m/60m/50m
Lp: 6min/4min 
Sp: 12 min",,,,,,,,,,,,,,,,,,,,,30e55485-caa7-8072-b1db-e4d23e13abe2,,,,,,81.35,12.3,,,,,,,,,,,,,,,,,,,,,,,
11/20/2023,2023-11-20,Monday,2023-W47,"Kraft, Sprung",,0,,,,FALSE,"Technik + Sprünge + Kraft
Erwärmung über Hütchen 
Springer
4-6 x 6/7er negativ Absprung
4x 8/9er Absprung vom Brett

Sprinter
Hütchenläufe 4x 50m mit Medball Arme in Vorhalte
2x 50m Frei Kurve Raus

Kraft 
5x3 Umsetzten (Springer einb.)
5 x 2 x Einbeinsprünge an 5 Kästen 
Hiptrust an Freihantel 
2x 10er Sprunglauf aus 10m Anlauf ",,,,,,,,,,,,,,,,,,,,,30e55485-caa7-8080-a926-e889f557c32e,,,,,,81.35,12.7,,,,,,,,,,,,,,,,,,,,,,,
11/19/2023,2023-11-19,Sunday,2023-W47,Frei,,0,,,,FALSE,,,,,,,,,,,,,,,,,,,,,,30e55485-caa7-802b-9914-d0143c33a6fa,,,,,,80.1,12.8,,,,,,,,,,,,,,,,,,,,,,,
11/18/2023,2023-11-18,Saturday,2023-W46,"Sprint, Sprung",Anlauf,0,,,,FALSE,"SKA
Springer
4x Anlaufkontrollen (+2 Schritte)
4x70m 
Lp: 4 min 
Sp: 10min 
3x120m 
Lp:8min 

60m Sprinter
 3x 150m 
Lp: 4min 
Sp: 10min
3x80m 
Lp: 7min / Sp: 12min 
5x60m (TS)
Lp: 30sek ",,,,,,,,,,,,,,,,,,,,,30e55485-caa7-80ba-8cfc-f5edfdc5795a,,,,,,80.65,12.9,,,,,,,,,,,,,,,,,,,,,,,
11/17/2023,2023-11-17,Friday,2023-W46,Regeneration,,0,,,,FALSE,"Regeneration
6x30 sek Seilchen Springen P: 1min
Sprintgymnastik (15-20min) Übungen dürfen sich doppeln
Tapping an Hürde 4x 3x 10 sek 
3x30m Betontes Gehen mit Hantel (50% KöGe)
Cooldown Fußstabi im Sand 
Rittersitz
Statisches Dehen --> individuelle Schwächen",,,,,,,,,,,,,,,,,,,,,30e55485-caa7-805a-a2bf-ea9014d202b9,,,,,,80.65,12.7,,,,,,,,,,,,,,,,,,,,,,,
11/16/2023,2023-11-16,Thursday,2023-W46,Zirkel,,0,,,,FALSE,"Zirkel 4x20sek (je Seite) (Pause 15sek)
Ausfallschrittewechselsprünge 
Seitliche Liegestützsprünge
Aufsteiger am Kasten (gestrecktes Bein) (doppelt)
Seilchensprünge
Schlagwürfe Medball
Hacke zieht 
Elephantengehen
Seitliches Tiefes Gehen
Armarbeit mit 2 - 3 kg
Frontaltwists 
Seitliche Squatjumps 
Übersteiger Hürden
Bauchrollen
Froschsprünge 
FGS Eindrehen/Ausdrehen
Auslaufen 6x60m Steigern von Lauf zu Lauf ohne Pause

Hürdensprüge 8 x 12 Hü. 
Pausen machen !
4x4 Beuger Exzentrisch ",,,,,,,,,,,,,,,,,,,,,30e55485-caa7-80d3-bc7a-c9a7ac625d71,,,,,,80.65,12.9,,,,,,,,,,,,,,,,,,,,,,,
11/15/2023,2023-11-15,Wednesday,2023-W46,"Sprint, Kraft",Anlauf,0,,,,FALSE,"Technik + SKA
Springer
6-7 Anlaufkontrollen 2 x Original (- 2 Schritt)
2 x Original 
2-3 x Original (+ 2 Schritt)

Sprinter
3x60m 
Lp: 10sek
Sp: 8min
3x70m
Lp: 15sek
Sp: 8min
3x50m
Lp:10sek
Sp: 8min
3x30m
Lp: 10sek

Kraft 5x3 
Kreuzheben einb. an Wand exzentrisch 
5x 8 Adduktor schnell an Maschine 
5x2x10er Sprunglauf (Luka/Maxi mit Gewichtsweste Schwarz/Grün)",,,,,,,,,,,,,,,,,,,,,30e55485-caa7-8055-84e7-d2565a7b4185,,,,,,80.65,12.9,,,,,,,,,,,,,,,,,,,,,,,
11/14/2023,2023-11-14,Tuesday,2023-W46,Regeneration,,0,,,,FALSE,"6x30 sek Seilchen Springen P: 1min
Sprintgymnastik (15-20min) Übungen dürfen sich doppeln
3x3x5 Startschritte Umlenkrolle
3x30m Betontes Gehen mit Hantel (50% KöGe)
Cooldown Fußstabi im Sand 
Rittersitz
Statisches Dehen --> individuelle Schwächen",,,,,,,,,,,,,,,,,,,,,30e55485-caa7-8020-ae74-e2361d046805,,,,,,80.15,12.7,,,,,,,,,,,,,,,,,,,,,,,
11/13/2023,2023-11-13,Monday,2023-W46,"Sprint, Kraft",,0,,,,FALSE,"Sprinttechnik (Alle) + Kraft
Hürdenkoordi zur Erwärmung (20min)
Lockere Hütchenkoordi (3 x Je Seite)
- Betonten Gehen + Medball über Kopf (1,5-2F.) 
- Hüfte hebt im Straightleggehen + Medball über Kopf (4-5F.)
- 3 Kontakte Stehen (4-5F.)
- Straightleg ein Bein betont - Schnelles Knie(10-12F.) 
3 - 4 x Straightleg - Lauf - Straightleg (80-90%)
Abschnitte 15m/15m/15m/15m
Straight/ Sprint/ Straight/ Sprint (Fokus: Enges Unterfersen) 
mit Hütchen markieren 

Kraft 5x3 
Hiptrust
Aufsteiger 1 Stufe + Schwungbein
5x8 Hürdensprünge",,,,,,,,,,,,,,,,,,,,,30e55485-caa7-805f-9d80-ee7811693e6b,,,,,,80.7,13,,,,,,,,,,,,,,,,,,,,,,,
11/12/2023,2023-11-12,Sunday,2023-W46,Frei,,0,,,,FALSE,,,,,,,,,,,,,,,,,,,,,,30e55485-caa7-80dc-b888-d82f5ec8cd49,,,,,,81.15,12.9,,,,,,,,,,,,,,,,,,,,,,,
11/11/2023,2023-11-11,Saturday,2023-W45,Tempos,,0,,,,FALSE,"SKA
Weit
Alle 
4x3x ganze Bahn (Brücke bis oben)
Lp : gehen / Sp: 10 min 
Sprünge 
4x10 Sprunglauf Bergab 
FGS Berg ab 
4x5?je Seite - einbeinige Sprünge 

Kraft 4x4
Umsetzen in Kniebeuge ",,,,,,,,,,,,,,,,,,,,,30e55485-caa7-80d9-b592-d808046b0970,,,,,,80.9,12.9,,,,,,,,,,,,,,,,,,,,,,,
11/10/2023,2023-11-10,Friday,2023-W45,"Sprint, Kraft, Sprung",,0,,,,FALSE,"Technik
Starts
ZWL aus Block
3x15m Schlitten (15% - 20% KöGe)
20m/25m/30m
Abschluss 3x Kurve Raus aus Drop (40m)
Sprünge
2 er Mini-Takeoff über Hürden (4 + 5/6er Landung)
Absprünge über Hürden - Sprung = Landung - (3 + 7/8er Landung)

Kraft 5x4 
Hexabar Jumps
5x3 Beuger exzentrisch 
5x10 FGS (Sprinter)",,,,,,,,,,,,,,,,,,,,,30e55485-caa7-8068-9fa7-c9cda6fbfe9c,,,,,,82.05,12.9,,,,,,,,,,,,,,,,,,,,,,,
11/9/2023,2023-11-09,Thursday,2023-W45,Regeneration,,0,,,,FALSE,"Regeneration
Hürdenkoordi (25 min-30min)
3x4x10 sek Tapping
Fußstabi im Sand (15min)
Radergometer / Ruderergometer (15-20 min)
Stabi / Athletik (20min)
Bauchrolle 4x10",,,,,,,,,,,,,,,,,,,,,30e55485-caa7-808b-aedd-dd4978f2849e,,,,,,81.1,12.7,,,,,,,,,,,,,,,,,,,,,,,
11/8/2023,2023-11-08,Wednesday,2023-W45,"Sprint, Kraft",Tempos,0,,,,FALSE,"SKA (Spikes 90%)
3x60m 
Lp: 10sek
Sp: 8min
3x40m
Lp: 15sek
Sp: 8min
3x70m
Lp:10sek
Sp: 8min
3x60m
Lp: 15sek
3x30m
Lp: 10sekJ

Kraft 5x4
Hiptrust
Kreuzheben einb. ins Umsetzen mit Auftakt
5x2x8er Sprunglauf (+10m Anlauf)",,,,,,,,,,,,,,,,,,,,,30e55485-caa7-80fa-b9f6-d096b6d11ac5,,,,,,79.7,12.7,,,,,,,,,,,,,,,,,,,,,,,
11/7/2023,2023-11-07,Tuesday,2023-W45,"Sprint, Kraft",,0,,,,FALSE,"Spez. Kraft
3x3x5 Startschrite Umlenkrolle 
4 x 15m Pushbull (70% KöGe)
3 x je Seite 4er Ablauf Sprungläufe 
3-4 x 60m ZUL Technisch bei Topspeed

Kraft 4x4 
Kolkov - Squad
Niedersprünge 4x3 
4x10 Sek Kettlebelt Hüftbeuger",,,,,,,,,,,,,,,,,,,,,30e55485-caa7-8084-a241-c86a101e48d7,,,,,,80.85,12.9,,,,,,,,,,,,,,,,,,,,,,,
11/6/2023,2023-11-06,Monday,2023-W45,"Sprung, Kraft",,0,,,,FALSE,"Technik + Kraft
Sprint + Sprung
Hütchen und Mini-Hürden 
Gemeinsam 15min Erwärmung 

Sprint
Rhythmisierung und Sprint
Technik Grüne Hürden 1er (Frequent)
1 Kontaktläufe

Sprung
7-8er von Erhöhung mit Landung
3-er Hop einb. in Grube über 2 Kästen 

Kraft 4x4
Umsetzen
5 x MedballSchocken 
Kreuzheben einb. an Wand (Auftakt)
20m Straightleg frequent ins Unterfersen 10m",,,,,,,,,,,,,,,,,,,,,30e55485-caa7-800d-962d-f788310ed101,,,,,,81.4,13,,,,,,,,,,,,,,,,,,,,,,,
11/5/2023,2023-11-05,Sunday,2023-W45,Frei,,0,,,,FALSE,,,,,,,,,,,,,,,,,,,,,,30e55485-caa7-80e1-b37b-c82f806b066e,,,,,,80.65,12.9,,,,,,,,,,,,,,,,,,,,,,,
11/4/2023,2023-11-04,Saturday,2023-W44,,,0,,,,FALSE,"SKA (Spikes)
3x 120m / 30m
LP: 6min / SP: 12min
3x70m 
LP: 5 min / Sp: 12 min
3x 50m
Lp: 4 min 

Kraft 4x5
Umsetzen in Kniebeuge
Hürdensprünge 8x12 Hürden (5-6 F.)",,,,,,,,,,,,,,,,,,,,,30e55485-caa7-806a-85f1-e56d1c08585d,,,,,,80.65,12.8,,,,,,,,,,,,,,,,,,,,,,,
11/3/2023,2023-11-03,Friday,2023-W44,,,0,,,,FALSE,"Technik + Kraft
Starts
3 x 15m ZWL aus Block (Schlitten)
20m/25m/30m/30m
Sprünge 
5-6 Schritte Take-Off auf Kasten (Matte)
8 x 2er Take-Off + Landung (5er) (Je Seite)

Alle
3-4 x 30m Kurve raus

Kraft 5x4
Sumo-Squad-Kolkov
5x4 Kastendurchsprünge (aus Vorderfuß)
5x3 Beuger exzentrisch Zusatz",,,,,,,,,,,,,,,,,,,,,30e55485-caa7-8046-9fc2-fade957be02e,,,,,,80.65,12.9,,,,,,,,,,,,,,,,,,,,,,,
11/2/2023,2023-11-02,Thursday,2023-W44,Regeneration,,0,,,,FALSE,"Regeneration 70-80min
Radergometer (15min)
Ruderergometer (15min)
Atheltik mit Medball
Dynmaisch
Bauchrolle 
Am Kasten 
Fußstabi im Sand",,,,,,,,,,,,,,,,,,,,,30e55485-caa7-8011-b423-cbb96eabbc23,,,,,,80.65,12.9,,,,,,,,,,,,,,,,,,,,,,,
11/1/2023,2023-11-01,Wednesday,2023-W44,Sprint,Tempos,0,,,,FALSE,"SKA (Spikes)
3x50m 
Lp: 10sek
Sp: 8min
3x70m
Lp: 15sek
Sp: 8min
3x40m
Lp:10sek
Sp: 8min
3x60m
Lp: 15sek
3x30m
Lp: 10sek

Kraft 4x4
Umsprünge Beinpresse
Adduktor exzentrisch",,,,,,,,,,,,,,,,,,,,,30e55485-caa7-8067-93e6-c54a5c8a29af,,,,,,81.25,12.9,,,,,,,,,,,,,,,,,,,,,,,
10/31/2023,2023-10-31,Tuesday,2023-W44,"Sprint, Kraft",,0,,,,FALSE,"ZWL + Technik
3x3x4 Startschritte mit Pushbull (ohne Gewicht) und Umlenkrolle
3x15m Pushbull (70% KöGe)
3x60m ZUL mit 1080 bei Topspeed vom Test Technischen 
Technische Abläufe 
Kraft 5x4 
Kreuzheben
Beugertrommel 5x10sek
4 x je Seite Einbeinsprünge auf 6 Kastenoberteilen (Kasten --> Boden --> Kasten) - Kästen bitte Quer zur Bewegungsrichtung 
Abstand 7-8 F. --> Fokus kurzer Kontakt",,,,,,,,,,,,,,,,,,,,,30a55485-caa7-8079-973c-fffb10469acb,,,,,,80.85,12.9,,,,,,,,,,,,,,,,,,,,,,,
10/30/2023,2023-10-30,Monday,2023-W44,Sprung,,0,,,,FALSE,"Technik
Springer
Take-Off über Hürden 
Hürdensprünge Sprung = Landung
Sprint
Hütchenarbeit 
3 Kontakte Stehen
Straightleg 
Alle
Hütchenläufe 1 Kontakt Arme vorhalte
Kraft 5x4 
Aufsteiger
Hüftbeuger Kettlebelt",,,,,,,,,,,,,,,,,,,,,30a55485-caa7-8087-a2a3-d5e358505c2c,,,,,,80.85,12.9,,,,,,,,,,,,,,,,,,,,,,,
10/29/2023,2023-10-29,Sunday,2023-W44,Frei,,0,,,,FALSE,,,,,,,,,,,,,,,,,,,,,,30a55485-caa7-80b7-9284-f020fd50fa1a,,,,,,80.85,12.8,,,,,,,,,,,,,,,,,,,,,,,
10/28/2023,2023-10-28,Saturday,2023-W43,Tempos,,0,,,,FALSE,"SKA (Erwärmung Henk)
I2
2x 150m/120m/60m/40m (Spikes)
LP: 12/9/4
SP: 15min
4x70m (TS)
LP: 15sek

Kraft 5x4
Umsetzten in Kniebeuge
Kreuzheben",,,,,,,,,,,,,,,,,,,,,30a55485-caa7-80a0-8cf1-c1ecce8d13e5,,,,,,80.55,13,,,,,,,,,,,,,,,,,,,,,,,
10/27/2023,2023-10-27,Friday,2023-W43,Zirkel,,0,,,,FALSE,"Zirkel 4x20sek (je Seite) (Pause 15sek)
Ausfallschrittewechselsprünge 
Seitliche Liegestützsprünge
Aufsteiger am Kasten (gestrecktes Bein) (doppelt)
Seilchensprünge
Schlagwürfe Medball
Hacke zieht 
Elephantengehen
Seitliches Tiefes Gehen
Armarbeit mit 2 - 3 kg
Frontaltwists 
Seitliche Squatjumps 
Übersteiger Hürden
Bauchrollen
Froschsprünge 
FGS Eindrehen/Ausdrehen
Auslaufen 6x60m Steigern von Lauf zu Lauf ohne Pause

Hürdensprüge 5 x 12 Hü.
Pausen machen !",,,,,,,,,,,,,,,,,,,,,30a55485-caa7-8022-b3ad-c1dba8ca97b8,,,,,,80.3,12.9,,,,,,,,,,,,,,,,,,,,,,,
10/26/2023,2023-10-26,Thursday,2023-W43,Sprung,,0,,,,FALSE,"Technik + Kraft + Erwärmung Henk 
Starts
Sprünge
Sprint
3x20m ZWL aus Block 
Schlitten & 1080
20/20/30/30m aus Block
Sprung
Take-Off über Hürden 
Absprünge in Grube aus 4/5er erhöht
3er - 3er - 5er in Grube

Kraft 5x4 
Aufsteiger mit Schwungbein 
Deadlift 
Hexabar",,,,,,,,,,,,,,,,,,,,,30a55485-caa7-80d6-ad61-d2819cc6cc0d,,,,,,81.1,12.9,,,,,,,,,,,,,,,,,,,,,,,
10/25/2023,2023-10-25,Wednesday,2023-W43,Regeneration,,0,,,,FALSE,"Regeneration
Hüftmobilität
Sprintgymnastik intensiv 
5x2 Runden Kniestandgehen im Wechsel mit Hürdenkoordi mit Medball 30min
2x2x8 Hürdensprünge 
Kraft 5x4
Sumo-Squad-Kolkov
Kreuzheben einb. 
4 x Klimmzug max. hinten
5x6 Wdh. Medball-Schocken
5x3 Kastendurchsprünge
4x10sek Beugertrommel Pezzi",,,,,,,,,,,,,,,,,,,,,30a55485-caa7-80eb-ab23-ee42a1fef2c0,,,,,,81.3,12.8,,,,,,,,,,,,,,,,,,,,,,,
10/24/2023,2023-10-24,Tuesday,2023-W43,Regeneration,NI,0,,,,FALSE,"SKA - NI
4x4x4 Startschritte mit Umlenkrolle und Pushbull ohne Gewicht
4x50m 
Lp: 10sek
Sp: 8min
4x70m
Lp: 15sek
Sp: 8min
4x40m
Lp:10sek
Sp: 8min
4x60m
Lp: 15sek
Kraft
5x4 Beuger/ Adduktor exzentrisch mit Zusatz",,,,,,,,,,,,,,,,,,,,,30a55485-caa7-80a7-84dd-d52ca041f073,,,,,,80.95,12.9,,,,,,,,,,,,,,,,,,,,,,,
10/23/2023,2023-10-23,Monday,2023-W43,"Sprint, Kraft",,0,,,,FALSE,"Technik + Kraft
Hütchenkoordi
Technikläufe (1080)
Erwärmung 20 min Hütchenkoordi 
3x 60m ZUL mit Topspeed vom Test Bsp. Luka auf 10,2 stellen
Technisch Sauber
Anschließend 2x70 Steigern
Kraft 4x4 Umsetzten",,,,,,,,,,,,,,,,,,,,,30a55485-caa7-8043-9a2c-e99c1e9c2c1b,,,,,,80.45,12.9,,,,,,,,,,,,,,,,,,,,,,,
10/22/2023,2023-10-22,Sunday,2023-W43,Frei,,0,,,,FALSE,,,,,,,,,,,,,,,,,,,,,,30a55485-caa7-80f6-b5d5-dbba5fc4215c,,,,,,81.25,12.9,,,,,,,,,,,,,,,,,,,,,,,
10/21/2023,2023-10-21,Saturday,2023-W42,Tempos,,0,,,,FALSE,"TL
2x3x150m In&Out
Lp: 8min
3x3x50m
Lp: 20sek
Sp: 8min
Kraft 
5x5 Deadlift
5x4 Kreuzheben",,,,,,,,,,,,,,,,,,,,,30a55485-caa7-8050-857d-f9975d72975a,,,,,,80.9,12.8,,,,,,,,,,,,,,,,,,,,,,,
10/20/2023,2023-10-20,Friday,2023-W42,"Diagnostik, Kraft, Sprung",,0,,,,FALSE,"Test
Kraft/ Sprung
10er Sprunglauf: 29,7/30,7/29,4m
Kraft
Umsetzten: 115kg
Kniebuege 90°: 230kg
Hiptrust Freihantel: 190kg",,,,,,,,,,,,,,,,,,,,,30a55485-caa7-8077-9d86-f01ed1ff783e,,,,,,80.5,12.9,,,,,,,,,,,,,,,,,,,,,,,
10/19/2023,2023-10-19,Thursday,2023-W42,"Diagnostik, Sprint, Sprung",,0,,,,FALSE,"Test
Sprint / Sprung
Jump&Reach: 76/88/84cm
Kugelschocken: 17,5/15,7m
Lichtschranken
3-4x 60m (Schranken bei 0m/30m/60m + 1080)
0-30m: 3,72/3,8/3,9s
30-60m: 2,95/2,93/3s
0-60m: 6,72/6,73/6,9s
Topspeed 1080 (0,1kg): 10,24m/s
Lp: 10min",,,,,,,,,,,,,,,,,,,,,30a55485-caa7-80d8-ba6f-d1e5d2bb0fac,,,,,,80.05,12.7,,,,,,,,,,,,,,,,,,,,,,,
10/18/2023,2023-10-18,Wednesday,2023-W42,Frei,,0,,,,FALSE,,,,,,,,,,,,,,,,,,,,,,30a55485-caa7-8024-a922-ede0015a017b,,,,,,80.05,12.5,,,,,,,,,,,,,,,,,,,,,,,
10/17/2023,2023-10-17,Tuesday,2023-W42,Regeneration,,0,,,,FALSE,"Regeneration
15min Hürdenkoordi mit Medball 
15min Hürdenkoordi ohne Medball
Athletik mit und ohne Medball (30min)
Weitspringer auch am Barren’
Mobilität insgesamt (20min)",,,,,,,,,,,,,,,,,,,,,30a55485-caa7-80f0-981f-ca6309be0efd,,,,,,80.45,12.7,,,,,,,,,,,,,,,,,,,,,,,
10/16/2023,2023-10-16,Monday,2023-W42,Sprint,,0,,,,FALSE,"Technik
Hütchenkoordi Mit Medball 
Kraft 4x4
Umsetzen
Hiptrust
Technikläufe Hütchen / Keile 
Hürdensprünge 2x4x12 Sprünge",,,,,,,,,,,,,,,,,,,,,30a55485-caa7-8023-b4e0-c1529b128ed3,,,,,,80.45,12.8,,,,,,,,,,,,,,,,,,,,,,,
10/15/2023,2023-10-15,Sunday,2023-W42,Frei,,0,,,,FALSE,,,,,,,,,,,,,,,,,,,,,,30a55485-caa7-8011-b40f-f8e54bcd0d39,,,,,,80,12.6,,,,,,,,,,,,,,,,,,,,,,,
10/14/2023,2023-10-14,Saturday,2023-W41,Tempos,,0,,,,FALSE,"TL am Berg - kurz
Sprünge
Pick-up 30m ",,,,,,,,,,,,,,,,,,,,,30a55485-caa7-809e-be26-ccd84027863d,,,,,,80.8,12.8,,,,,,,,,,,,,,,,,,,,,,,
10/13/2023,2023-10-13,Friday,2023-W41,Sprint,,0,,,,FALSE,"ZWL
Koordination 
4(6) x 50m ZWL (30%KöGe) Straightleg 
6(8) x 12er Sprunglauf (20% KöGe)
4(6) x 40m skippings ZWL (50% KöGe)
3x70m Steigerung bis 85-90%
Aufsteiger 5x5 
Klimmzüge 4x Alle",,,,,,,,,,,,,,,,,,,,,30a55485-caa7-80a8-a22e-c8298f419d4a,,,,,,80.6,12.7,,,,,,,,,,,,,,,,,,,,,,,
10/12/2023,2023-10-12,Thursday,2023-W41,Sprung,,0,,,,FALSE,"Technik
Sprünge / Starts
Gemeinsam Hütchenkoordi 
Hütchenläufe 4x60m ",,,,,,,,,,,,,,,,,,,,,30a55485-caa7-8055-bac1-d30ef33e4bb0,,,,,,80.15,12.5,,,,,,,,,,,,,,,,,,,,,,,
10/11/2023,2023-10-11,Wednesday,2023-W41,Regeneration,,0,,,,FALSE,"Regeneration
Hüftmobilty / Rittersitz
Athletik Mit Medball/ Pezziball
Am Barren Bauch
Baurolle 5x max
5x5 Adduktor
5x5 Abduktor
5x5 Wade Exzentrisch (1B down - 2B up)",,,,,,,,,,,,,,,,,,,,,30a55485-caa7-80a2-9e54-d8d338451e6b,,,,,,79.5,12.6,,,,,,,,,,,,,,,,,,,,,,,
10/10/2023,2023-10-10,Tuesday,2023-W41,Regeneration,NI,0,,,,FALSE,"5x150m
Lp: 30 sek
5x100m
Lp: 20 sek
5x70m 
Lp: 10sek
Sp: 10min

5x5 Hiptrust (Freihantel)
5x4 Beuger exzentrisch (Gebeugt-Zusatz)",,,,,,,,,,,,,,,,,,,,,30a55485-caa7-8074-84fa-c3b529fb4671,,,,,,80.6,13.1,,,,,,,,,,,,,,,,,,,,,,,
10/9/2023,2023-10-09,Monday,2023-W41,"Sprint, Kraft",,0,,,,FALSE,"Acceleration + Kraft
Vorlage: Klatschen, Vorne-Hinten, Armarbeit, Tap-Line (Beide Seiten), Fokus Armarbeit (schnell mit Aufrrichten)
Kneehigh, Anfersen, Scher, Hiphigh, Kneedrive im Wechsel
Ausfallschritt-Ablauf-Wechselsprünge (Henk's) 
Koordination am Hütchen
3x15m PushBull (75% KöGe)
9x20m (Drop; 2-Punkt; 3-Punkt)
4x 6 Umsetzten von Grünen Kasten
4x 8 Geschwindigkeit Beugermaschine
4x2x12er Sprunglauf",,,,,,,,,,,,,,,,,,,,,30a55485-caa7-8016-ba72-e0996b8c4b28,,,,,Bett geteilt,80.1,12.6,,,,,,,,,,,,,,,,,,,,,,,
10/8/2023,2023-10-08,Sunday,2023-W41,Frei,,0,,,,FALSE,,62,96,9.4,,,,,,,,,,,,,,,,,,30a55485-caa7-8024-bcbe-de47bab4449a,"Dehnen, Meditation",,,,Bett geteilt,79.85,12.5,,,,,,,,,,,,,,,,,,,,,,,
10/7/2023,2023-10-07T10:05:00.000+02:00,Saturday,2023-W40,Tempos,,79,Münster,,🌅 Vormittag,FALSE,"TL am Berg (Gievenbeck)
2x5 min warmlaufen
Steiler Anstieg 
5x20m einbeinsprünge (je Seite )

Beschleunigung 2x4x40m Bergauf 
Lp: gehen / Sp: 8min

Schnelligkeitsausdauer (85-90%)
3x3x langer Anstieg (ca. 120m) beginn Brücke 
Lp: gehen / Sp: 9min",51,79,12.5,,,,,,Achilles L,,,,,,,,,,,,30a55485-caa7-8061-9ce7-e09729747120,"Dehnen, Outdoor-Time, Libido, Meditation, Physio",,Probiotika,,"Late Meal, Heiß, Bett geteilt",79.85,12.5,,,,,,,,,,,,,,,,,,,,,,,
10/6/2023,2023-10-06T18:04:00.000+02:00,Friday,2023-W40,"Sprung, Kraft",,125,,,🌙 Abend,FALSE,"30x30m Koordination ohne Pause!
Mit Zusatz wie Medball, Stab, Gewichtsweste etc.

125 Sprünge (Luka +2 Durchgänge)
5x10er Sprunglauf
5x5er Hop beid. in die Grube
Dropjumps zwischen den Kästen (5x10)

Kolkov Sqaud 5x5 70/70/65/65/65kg
Nordic Hams 5x6 
Wade Exzentrisch einbeinig 5x5 160kg
6x8 Medball schocken 5kg
6x8 Bodenbombe 5kg
6x8 Ablauftwists 5kg",39,77,16.1,,,,,,Achilles L,,,,,,,,,,,,30a55485-caa7-8042-8788-cb4fc4d7b587,"Dehnen, Libido, Meditation, Physio",,"Probiotika, Kreatin, Vit D",,"Late Meal, Bett geteilt",79.85,12.7,,,,,,,,,,,,,,,,,,,,,,,
10/5/2023,2023-10-05T18:06:00.000+02:00,Thursday,2023-W40,Zirkel,,127,MS Halle,,🌙 Abend,FALSE,"Zirkel 5x20sek (je Seite) (Pause 15sek)
Ausfallschrittewechselsprünge 
Seitliche Liegestützsprünge
Aufsteiger am Kasten (gestrecktes Bein)
Schlagwürfe Medball
Hacke zieht 
Elephantengehen
Seitliches Tiefes Gehen
Armarbeit mit 2 - 3 kg
Frontaltwists 
Seitliche Squatjumps 
Übersteiger 15 Hürden
Bauchrollen
Froschsprünge 

Auslaufen 6x60m Steigern von Lauf zu Lauf ohne Pause",,,,,,,,,,,,,,,,,,,,,30a55485-caa7-8086-976e-dedc3709baaa,"Dehnen, Outdoor-Time, Physio, Meditation",,"Multivitamin, Probiotika, Kreatin, Vit D",,"Late Meal, Bett geteilt",80.15,12.8,,,,,,,,,,,,,,,,,,,,,,,
10/4/2023,2023-10-04T17:05:00.000+02:00,Wednesday,2023-W40,"Regeneration, Kraft",,119,MS Halle,,☀️ Nachmittag,FALSE,"Hüftmobilität
Sprintgymnastik 
Hürdenkoordi mit Medball
Hürdensprüge 3x4x 10 Hü.
Sprunglauf 8 x12er 

Hüftbeuger 6x12 sek 16kg
Hiptrust 5x5 70/120/120/120/120kg
5x4 Beuger exzentrisch (Hüfte bleibt 90grad gebeugt ) - schräger Kasten 
4x60m steigernd bis (60-80%) Auslaufen 
5x10sek Rittersitz",41,88,14,,,,,,,,,140,,,,,,,,,30a55485-caa7-8094-8bda-d4419850c3fc,"Dehnen, Outdoor-Time, Libido, Meditation",,,Beziehungsstress,Bett geteilt,80.15,12.5,,,,,,,,,,,,,,,,,,,,,,,
10/3/2023,2023-10-03T10:09:00.000+02:00,Tuesday,2023-W40,Tempos,,120,MS Halle,,🌅 Vormittag,FALSE,"Variation Erwärmung (2x4-5 je Seite)
Mit Signal
Vorlage: Klatschen, Vorne-Hinten, Armarbeit, Tap-Line (Beide Seiten), Fokus Armarbeit (schnell mit Aufrrichten)
Tapping, Tapping Beuger, Tapping Schere
Jumps am Kasten
Kneehigh, Anfersen, Scher, Hiphigh, Kneedrive im Wechsel
Jumps zwischen/ auf Kasten:
Grätsche, Ablauf, Startssprünge
Track
Ausfallschritt-Ablauf-Wechselsprünge (Henk's) 

5x50m
Lp: 30 sek
5x40m 
Lp 20 sek
5x80m
Lp: 60 sek 
5x60m
Lp: 40 sek
Sp 10 min 

6x5 Kniebeuge Front tief 70kg
6x5 Beinpresse umsprünge 80/60/60/60/60/60kg
6x5 Adduktor 105kg",47,92,15.9,,,,,,,,,,,,,,,,,,30a55485-caa7-80c8-be7c-c4b1f2179e65,"Dehnen, Outdoor-Time, Libido",,"Probiotika, Kreatin, Vit D",Freunde,"Late Meal, Bett geteilt",80.85,12.7,,,,,,,,,,,,,,,,,,,,,,,
10/2/2023,2023-10-02T18:04:00.000+02:00,Monday,2023-W40,"Sprint, Kraft",ZWL,148,,,🌙 Abend,FALSE,"Erwärmung: 60m/60m/40m/40m
6x3x4 Startschritte (Umlenkrolle) 25kg
6x15m (70% KöGe) 50kg
5x20 Ablauf technisch (85-90%)

Umsetzen vom Boden 5x5 70kg
Kreuzheben 5x5 110kg
Ausfallschrittsprünge mit Zusatzgewicht (10-15kg) 5x5 je Seite 14kg",63,100,16.4,,,,,,,,,,,81.7,,,,,,,30a55485-caa7-80f7-b278-cc80f52269cc,Dehnen,,"Multivitamin, Probiotika, Kreatin, Vit D",,Bett geteilt,80.85,12.6,,,,,,,,,,,,,,,,,,,,,,,
10/1/2023,2023-10-01,Sunday,2023-W40,Frei,,0,,,,FALSE,,86,92,7.4,,,,,,,,,,,,,,,,,,30a55485-caa7-808c-b65b-e92e910d7af3,"Dehnen, Outdoor-Time, Libido",,,,"Late Meal, Heiß, Bett geteilt",80.35,12.4,,,,,,,,,,,,,,,,,,,,,,,
9/30/2023,2023-09-30T10:09:00.000+02:00,Saturday,2023-W39,"Tempos, Kraft",,116,MS Halle,,🌅 Vormittag,FALSE,"Variation Erwärmung (2x4-5 je Seite)
Mit Signal:
Vorlage: Klatschen, Vorne-Hinten, Armarbeit, Tap-Line (Beide Seiten), Fokus Armarbeit (schnell mit Aufrrichten)
Tapping, Tapping Beuger, Tapping Schere
Jumps am Kasten:
Kneehigh, Anfersen, Scher, Hiphigh, Kneedrive im Wechsel
Jumps zwischen/ auf Kasten:
Grätsche, Ablauf, Startssprünge
Track:
Ausfallschritt-Ablauf-Wechselsprünge (Henk's) 

TL (Lang) (70%Lang & 90% die 50er)
3x (250/50/200/120/50)
Lp: Hopserlauf SP: 12min

5x5 Umsetzten in Kniebeuge 60kg
Nordic Hamstring 5x6 (4x5) (Zusatzgewicht)
5x6 (5x5) Adduktor 105/90/90/90/90kg
5x6 (5x5) Abduktor 80/60/80/80/80kg",74,75,16.3,,,,,,,,,,,70,,,,,,,30a55485-caa7-80be-8fba-cae92c03e890,"Libido, Outdoor-Time",,Koffein,"Freunde, Reisestress","Late Meal, Bett geteilt",80.35,12.6,,,,,,,,,,,,,,,,,,,,,,,
9/29/2023,2023-09-29T17:05:00.000+02:00,Friday,2023-W39,"Sprung, Kraft",,151,MS Halle,,☀️ Nachmittag,FALSE,"30x30m Koordination ohne Pause!
Mit Zusatz wie Fußmanschette, Medball, Stab, Gewichtsweste etc. auch Tauschen 

125 Sprünge (Luka +1 Durchgang)
5x10er Sprunglauf
5x5er Hop beid. in die Grube
Dropjumps zwischen den Kästen (5x10 je Seite)

Klokov Sqaud 4x5 75kg
Wade Exzentrisch 4x5 210kg
6x8 Medball schocken im Wurfkäfig 5kg
6x8 Bodenbombe 5kg
Beuger exzentrisch 5x4 mit Zusatz ",92,88,15.3,,,,,,,,,,,,,,,,,,30a55485-caa7-805b-849c-f2dba0f0b6b8,Outdoor-Time,,"Koffein, Multivitamin, Kreatin, Vit D",Freunde,"Late Meal, Bett geteilt",79.4,12.5,,,,,,,,,,,,,,,,,,,,,,,
9/28/2023,2023-09-28T18:14:00.000+02:00,Thursday,2023-W39,Zirkel,,141,MS Halle,,🌙 Abend,FALSE,"Zirkel 5x20 sek (je Seite) (Pause 15sek)
Ausfallschritte Frequent
Seitliche Liegestützsprünge
Aufsteiger am Kasten (gestrecktes Bein)
Schlagwürfe Medball
Hacke zieht 
Elephantengehen
Seitliches Tiefes Gehen
Armarbeit mit 2 - 3 kg
Frontaltwists 
Seitliche Squatjumps 
Übersteiger 15 Hürden
Bauchrollen
Farmers Walk (Hexa) - (Schleife) 2 Bars 

Auslaufen 6x60m Steigern von Lauf zu Lauf ohne Pause",93,93,16.8,,,,,,,,,,,,,,,,,,30a55485-caa7-800c-8e2f-dcb702b5b25f,"Outdoor-Time, Spaziergang, Meditation, Dehnen, Physio",,"Koffein, Multivitamin, Kreatin, Vit D",,"Late Meal, Bett geteilt",79.9,12.5,,,,,,,,,,,,,,,,,,,,,,,
9/27/2023,2023-09-27T18:04:00.000+02:00,Wednesday,2023-W39,Regeneration,,108,MS Halle,,🌙 Abend,FALSE,"Hüftmobilität
Sprintgymnastik / Hipmobility – Rittersitz (Glut.)
Hürdenkoordi mit Medball (20min)
Hürdensprüge 10 x 10 Hü

Hüftbeuger 4x12 sek 16kg
Hiptrust 4x5 100kg
Valerji 4x5 0/0/15/15kg
4x60m steigernd bis (60-80%) Auslaufen ",71,86,12.7,,,,,,,,,116.7,,,,,,,,,30a55485-caa7-80b3-83ca-f51a4b440d1a,"Outdoor-Time, Spaziergang, Libido, Meditation, Physio, Dehnen",,Magnesium,,"Late Meal, Heiß, Bett geteilt",79.1,11.9,,,,,,,,,,,,,,,,,,,,,,,
9/26/2023,2023-09-26T18:04:00.000+02:00,Tuesday,2023-W39,"Tempos, Kraft",,163,MS Halle,,🌙 Abend,FALSE,"Variation Erwärmung (2x4-5 je Seite)
Mit Signal:
Vorlage: Klatschen, Vorne-Hinten, Armarbeit, Tap-Line (Beide Seiten), Fokus Armarbeit (schnell mit Aufrrichten)Tapping, Tapping Beuger
Jumps am Kasten:
Kneehigh, Anfersen, Scher, Hiphigh, Kneedrive im Wechsel
Track:
Ausfallschritt-Ablauf-Wechselsprünge (Henk's) 

4x50m
Lp: 5-10 sek
6x70m (8,4-8,7sek)
Lp 5sek
4x60m
Lp: 10-15 sek 
5x40m
Lp: 10 sek
Sp 10 min 

6x5 Kniebeuge Font tief 60/60/60/60/70/70kg
6x5 Beinpresse umsprünge 70/75/75/75/70/70kg
6x5 Adduktor 100kg",87,77,14.3,,,,,,,,,,,,,,,,,,30a55485-caa7-80e4-ada6-c033bb7db3e7,"Nap, Outdoor-Time, Libido, Dehnen",,"Multivitamin, Kreatin, Vit D",Freunde,"Late Meal, Bett geteilt",78.25,12.4,,,,,,,,,,,,,,,,,,,,,,,
9/25/2023,2023-09-25T17:55:00.000+02:00,Monday,2023-W39,"Sprint, Kraft",,154,,,☀️ Nachmittag,FALSE,"ZWL (Spikes nicht vergessen)
Erwärmung neuer Input

(Variation Erwärmung (2x4-5 je Seite)
Mit Signal:
Vorlage: Klatschen, Vorne-Hinten, Armarbeit, Tap-Line (Beide Seiten), Fokus Armarbeit (schnell mit Aufrrichten)
Tapping, Tapping Beuger
Track: 
Ausfallschritt-Ablauf-Wechselsprünge (Henk's) )

5x15m Pushbull (75% KöGe) 60kg
5x20m (50% KöGe) ZWL 40kg
5x25m Ablauf technisch

Umsetzen vom Boden 6x5 70kg
Ausfallschrittsprünge mit Zusatzgewicht (10-15kg) 6x5 je Seite 14kg",60,82,16.1,,,,,,,,,,,81.7,,,,,,,30a55485-caa7-808c-b654-cb90b3e34018,Meditation,,"Koffein, Multivitamin, Kreatin, Vit D",,Bett geteilt,78.5,12.5,,,,,,,,,,,,,,,,,,,,,,,
9/24/2023,2023-09-24,Sunday,2023-W39,Frei,,0,,,,FALSE,,77,84,7.6,,,,,,,,,,,,,,,,,,30a55485-caa7-8052-ae21-ef6b397d8f8f,"Meditation, Outdoor-Time",,,,Bett geteilt,78.1,12.4,,,,,,,,,,,,,,,,,,,,,,,
9/23/2023,2023-09-23T10:09:00.000+02:00,Saturday,2023-W38,,,150,MS Halle,,🌅 Vormittag,FALSE,"TL In & Out's
30m Splits (bis 90%)
4x4x150m
Lp: zurück gehen
Sp: 10 min

4x4 Beuger exzentrisch (Zusatzgewicht)
4x10 Ablauftwists mit Medball 
4x5 Umsetzten in Kniebeuge",59,80,15.2,,,,,,,,,,,0,,,,,,,30a55485-caa7-8009-bd42-febbea5befe4,"Libido, Meditation, Physio, Outdoor-Time",,,,"Bett geteilt, Late Meal",78.75,12.6,,,,,,,,,,,,,,,,,,,,,,,
9/22/2023,2023-09-22T17:07:00.000+02:00,Friday,2023-W38,Kraft,,129,MS Halle,,☀️ Nachmittag,FALSE,"Klokov-Kniebuge 5x5 60/60/70/70/70kg
5x5 Medballschocken (Hoch) 5kg

Hüftbeuger mit Kettlebelt 5x15sek 16kg
Hiptrust 5x5 80kg
5x2x8 Hürdensprünge

Bankdrücken 5x5 50/60/60/60/60kg
Butt. Rev. 5x8 60kg
Frontpress 5x5 40kg

5x10 sek Beugertrommel Pezziball
5x10sek Tapping an Linie (Vor-Zuruck)

Oder laut Plan:

Regeneration (60min) - Gemeinsam
Pezziballstabi
Ruderergo
Radfahren
Dauerlauf",74,84,14.9,,,,,,,,,93.3,,,,,,,,,30a55485-caa7-8022-90fa-f789dc18b512,"Libido, Meditation, Physio, Outdoor-Time, Dehnen",,Magnesium,,"Late Meal, Bett geteilt",78.5,12.4,,,,,,,,,,,,,,,,,,,,,,,
9/21/2023,2023-09-21,Thursday,2023-W38,Frei,,0,,,,FALSE,"Frei Arbeit

Laut Plan (am 22.09.23 gemacht):

Klokov-Kniebuge 5x5 60/60/70/70/70kg
5x5 Medballschocken (Hoch) 5kg

Hüftbeuger mit Kettlebelt 5x15sek 16kg
Hiptrust 5x5 80kg
5x2x8 Hürdensprünge

Bankdrücken 5x5 50/60/60/60/60kg
Butt. Rev. 5x8 60kg
Frontpress 5x5 40kg

5x10 sek Beugertrommel Pezziball
5x10sek Tapping an Linie (Vor-Zuruck)",65,60,7.2,,,,,,,,,,,,,,,,,,30a55485-caa7-8077-bb4b-c5a848dba01e,"Spaziergang, Outdoor-Time",,,"Freunde, Reisestress, Arbeitsstress, Beziehungsstress","Late Meal, Bett geteilt",78.8,12.5,,,,,,,,,,,,,,,,,,,,,,,
9/20/2023,2023-09-20T16:10:00.000+02:00,Wednesday,2023-W38,Sprint,,164,,,☀️ Nachmittag,FALSE,"Technik Spikes 
Hütchen
”siehe Whatsapp”
4x4 Beuger exzentrisch (Zusatzgewicht)
4x4 Adduktor/ Abduktor exzentrisch",46,67,15,,,,,,,,,,,,,,,,,,30a55485-caa7-8011-9bb6-f43f6bcb8831,"Spaziergang, Outdoor-Time",,,"Freunde, Reisestress, Arbeitsstress","Late Meal, Bett geteilt",79.2,12.4,,,,,,,,,,,,,,,,,,,,,,,
9/19/2023,2023-09-19T18:07:00.000+02:00,Tuesday,2023-W38,Kraft,,101,,,🌙 Abend,FALSE,"Kraft Spez.
Pushbull 6x15m (70%) 50kg
4x30m Umlenkrolle Betontes Gehen 25kg
6x30m ZWL (40% KöGe) 35kg

Kraft 5x5 Wdh
Kreuzheben einb. mit Auftakt in Umsetzen 40kg (laut Whoop 4x5)
5x2x8 einbeinsprünge (laut Whoop 4x8)
laut Whoop gar nicht (Klimzug Hinten 4x Max
Bauchrolle 4x Max)

Oder laut Plan:

Regeneration Gemeinsam 
Stabi am Kasten mit Medball - Dynamisch - !!!
4x10 Durchgänge je Seite
Kniestandgehen 5x2 Runden im Wurfbereich
Fußstabi im Sand (15min)",91,72,15.8,,,,,,,,,,,,,,,,,,30a55485-caa7-8046-b758-ec26bd34f297,"Spaziergang, Outdoor-Time, Libido",,,"Reisestress, Freunde, Arbeitsstress","Late Meal, Bett geteilt",79.6,12.5,,,,,,,,,,,,,,,,,,,,,,,
9/18/2023,2023-09-18,Monday,2023-W38,Frei,,0,,,,FALSE,"Kraft Spez.
Pushbull 6x15m (70%)
4x30m Umlenkrolle Betontes Gehen
6x30m ZWL (40% KöGe)

Kraft 5x5 Wdh
Kreuzheben einb. mit Auftakt in Umsetzen
5x2x8 einbeinsprünge (Mädels 6)
Klimzug Hinten 4x Max
Bauchrolle 4x Max",46,73,6.1,,,,,,,,,,,,,,,,,,30a55485-caa7-80e3-b5e1-dd319c51ea82,Outdoor-Time,,,"Reisestress, Freunde, Arbeitsstress",Bett geteilt,78.85,12.3,,,,,,,,,,,,,,,,,,,,,,,
9/17/2023,2023-09-17,Sunday,2023-W38,Frei,,0,,,,FALSE,,53,92,8.6,,,,,,,,,,,,,,,,,,30a55485-caa7-8065-a5d8-c06f1c1c3f0a,"Spaziergang, Outdoor-Time, Libido",,,Beziehungsstress,Bett geteilt,,,,,,,,,,,,,,,,,,,,,,,,,
9/16/2023,2023-09-16T10:07:00.000+02:00,Saturday,2023-W37,Tempos,,130,Münster,,🌅 Vormittag,FALSE,"TL Lang bergauf
Sprünge 
6x16er Sprunglauf 
2x4x20m Skippings

85% - 75%
2x4x80m
Lp: gehen 
Sp: 10min 

2x4x110m
Lp: gehen 
Sp: 12 min 

5x20m FGS ",93,88,13.2,,,,,,Krank,,,,,,,,,,,,30a55485-caa7-80b4-b3c8-cad5e9ce827a,Outdoor-Time,,,Beziehungsstress,Bett geteilt,78.85,12.6,,,,,,,,,,,,,,,,,,,,,,,
9/15/2023,2023-09-15T17:03:00.000+02:00,Friday,2023-W37,Zirkel,,140,MS Halle,,☀️ Nachmittag,FALSE,"Zirkel 4x25 sek (je Seite) (Pause 15sek)
Ausfallschritte Frequent
Seitliche Liegestützsprünge
Aufsteiger am Kasten (gestrecktes Bein)
Schlagwürfe Medball
Hacke zieht 
Elephantengehen
Seitliches Tiefes Gehen
Armarbeit mit 2 - 3 kg
Frontaltwists 
Seitliche Squatjumps 
Übersteiger 15 Hürden
Bauchrollen
Farmers Walk (Hexa) - (Schleife) 2 Bars

Auslaufen 8x50m Steigern von Lauf zu Lauf ohne Pause

6x4 Beuger exzentrisch
6x4 Adduktor/ Abduktor exzentrisch",73,64,16.8,,,,,,Krank,,,,,,,,,,,,30a55485-caa7-8045-9177-f75644744285,"Outdoor-Time, Spaziergang, Nap, Libido, Meditation",,"Koffein, Kreatin","Reisestress, Arbeitsstress, Freunde",Bett geteilt,79.3,11.9,,,,,,,,,,,,,,,,,,,,,,,
9/14/2023,2023-09-14,Thursday,2023-W37,Frei,,0,,,,FALSE,Frei Arbeit,79,65,8.1,,,,,,Krank,,,,,,,,,,,,30a55485-caa7-8002-8725-fafb6dc8cbbc,"Spaziergang, Outdoor-Time, Physio",,Koffein,"Freunde, Reisestress, Arbeitsstress",Bett geteilt,79.3,12.4,,,,,,,,,,,,,,,,,,,,,,,
9/13/2023,2023-09-13T17:48:00.000+02:00,Wednesday,2023-W37,"Kraft, Sprint",,125,,,☀️ Nachmittag,FALSE,"Pushbull 8x10m 65kg 
Betontes Gehen Umlenkrolle 6x30m 30kg
ZWL 6x25m 45kg 10m

SL RDL in Umsetzen 6x5 40kg
Einbeinsprünge 6x2x8

Oder laut Plan:

Regenerativ (75min) 
Medball Stabi
Athletik
Radergo
Ruderergo
Dauerlauf",83,65,19.1,,,,,,Krank,,,,,,,,,,,,30a55485-caa7-80cc-8f62-c1147d9af933,"Libido, Outdoor-Time",,,"Reisestress, Freunde, Arbeitsstress","Late Meal, Bett geteilt",79.3,12.4,,,,,,,,,,,,,,,,,,,,,,,
9/12/2023,2023-09-12T18:05:00.000+02:00,Tuesday,2023-W37,"Sprint, Kraft",,138,MS Halle,,🌙 Abend,FALSE,"Laut Whoop:
Klokov 4x5 60kg
Hip-Thrust 4x5 120kg
Medball Schocken 4x4 5kg
Hüftbeuger ?x 16kg
Pogos 4x12

ODER laut Plan:

TL Kurz
4x40m
Lp:15 sek / Sp: 8 min
4x60m
Lp: 20 sek / Sp: 10min
4x80m
Lp: 30sek / Sp: 12min
4x30m
Lp: 10sek 
6x4 Beuger exzentrisch (Zusatzgewicht)
6x4 Adduktor/ Abduktor exzentrisch
6x8 Ablauftwists mit Medball ",76,67,14,,,,,,Krank,,,140,,,,,,,,,30955485-caa7-80db-b3a8-da47d880f200,"Outdoor-Time, Spaziergang",,Koffein,"Reisestress, Arbeitsstress, Freunde",Bett geteilt,,,,,,,,,,,,,,,,,,,,,,,,,
9/11/2023,2023-09-11,Monday,2023-W37,Frei,,0,,,,FALSE,"Frei Arbeit 

oder laut Plan:

Klokov-Kniebuge 6x5
6x4 Medballschocken (Hoch)
Hüftbeuger mit Kettlebelt 6x12sek
Hiptrust 6x5
6x2x6 Hürdensprünge
Frontpress 6x5
Butt. Rev. 6x5
Klimzug Hinten 6x5
6x10 sek Beugertrommel Pezziball
6x2x8sek Tapping an Linie (Vor-Zuruck)",62,81,8.4,,,,,,Krank,,,0,,,,,,,,,30955485-caa7-803b-be07-e7d145acbb42,"Outdoor-Time, Spaziergang",,Koffein,"Beziehungsstress, Reisestress, Arbeitsstress","Heiß, Bett geteilt",,,,,,,,,,,,,,,,,,,,,,,,,
9/10/2023,2023-09-10,Sunday,2023-W37,Frei,,0,,,,FALSE,,89,99,9.1,,,,,,Krank,,,,,,,,,,,,30955485-caa7-80c5-a830-ca6236b2bee0,"Outdoor-Time, Libido",,,,"Unterbrechung, Heiß, Bett geteilt",78.8,12.1,,,,,,,,,,,,,,,,,,,,,,,
9/9/2023,2023-09-09,Saturday,2023-W36,Frei,,0,,,,FALSE,,95,96,9.5,,,,,,"Muskelkater, Krank",,,,,,,,,,,,30955485-caa7-80e8-aed9-c59a0d42d1b4,"Outdoor-Time, Libido",,,Me-Time,,78.8,12.2,,,,,,,,,,,,,,,,,,,,,,,
9/8/2023,2023-09-08T17:33:00.000+02:00,Friday,2023-W36,Tempos,,141,MS Halle,Draußen - Vergessen,☀️ Nachmittag,FALSE,"TL
3 x 70m 
Lp: 15sek / Sp: 6min
3 x 50m
Lp: 10sek / Sp: 5min

3x120m 
Lp: (schnell!) zurück gehen / Sp: 8min
6x80m 
Lp: 40sek

15min Mobilisation
Auslaufen barfuß

6x4 Beuger exzentrisch
6x4 Adduktor/ Abduktor exzentrisch",78,60,13.7,,,,,,,,,,,,,,,,,,30955485-caa7-8081-aa33-c6d06b845608,Outdoor-Time,,,,"Nap, Late Meal, Heiß, Bett geteilt",,,,,,,,,,,,,,,,,,,,,,,,,
9/7/2023,2023-09-07T18:39:00.000+02:00,Thursday,2023-W36,"Sprint, Kraft",,92,MS Halle,,🌙 Abend,FALSE,"Kraft Spezifisch
8x10m Pushbull 80% 65kg
6x30m Umlenkrolle Betontes Gehen 35kg
6x25m ZWL (50% KöGe) 50kg

Deadlift mit Hexabar 6x5
6x4 Kastenaufsprünge aus Sitz
Kreuzheben einb. mit Auftakt in Umsetzen 6x5
6x2x8 einbeinsprünge
5 x Max Klimmzüge hinten",65,81,17.5,,,,,,Krank,,,,0,,,,,,,,30955485-caa7-803e-a55a-e7cbdcaf5468,Outdoor-Time,,Koffein,Freunde,"Heiß, Bett geteilt",79.05,12.6,,,,,,,,,,,,,,,,,,,,,,,
9/6/2023,2023-09-06T18:13:00.000+02:00,Wednesday,2023-W36,Zirkel,,97,MS Halle,,🌙 Abend,FALSE,"Zirkel 4x20 sek (je Seite)
Ausfallschritte Frequent
Seitliche Liegestützsprünge
Aufsteiger am Kasten (gestrecktes Bein)
Schlagwürfe Medball
Hacke zieht 
Elephantengehen
Seitliches Tiefes Gehen
Armarbeit mit 2 - 3 kg
Frontaltwists 
Seitliche Squatjumps 
Übersteiger 15 Hürden
Bauchrollen

Auslaufen 8x50m 
Steigern ohne Pause

Farmerswalk",78,86,15.4,,,,,,Krank,,,,,,,,,,,,30955485-caa7-80dc-9805-ea321d0efda2,"Outdoor-Time, Spaziergang, Libido",,Koffein,,Bett geteilt,78.35,12.4,,,,,,,,,,,,,,,,,,,,,,,
9/5/2023,2023-09-05,Tuesday,2023-W36,Frei,,0,,,,FALSE,"Frei Krank oder:

TL (NI - 70%)
5x3x200m (29-30,5sek)
LP: 200m locker joggen
SP: 10-12 min
6x4 Beuger exzentrisch
6x4 Adduktor/ Abduktor exzentrisch",20,76,8.9,,,,,,Krank,,,,,,,,,,,,30955485-caa7-80f5-a068-ced661cd359f,"Outdoor-Time, Spaziergang",,Koffein,,"Late Meal, Bett geteilt",,,,,,,,,,,,,,,,,,,,,,,,,
9/4/2023,2023-09-04T18:12:00.000+02:00,Monday,2023-W36,Kraft,,146,MS Halle,,🌙 Abend,FALSE,"Klokov-Kniebeuge 6x5 50/60/60/60/60/60kg
Medball-Schocken 6x4 5kg
Hüftbeuger 6x12s 16kg Kettlebell
Hip-Thrust 6x5 120kg
Hürdensprünge 6x8
Umsetzen mit Ausstoßen 6x5 40kg
Butterfly Reverse 6x5 50/50/55/55/55/55kg

6x10 sek Beugertrommel Pezziball
6x2x8sek Tapping an Linie (Vor-Zuruck)",48,72,18.9,,,,,,,,,140,,,,,,,,,30555485-caa7-80a0-b9b7-d857aa74a6df,"Outdoor-Time, Libido",,,,Bett geteilt,79.65,12.8,,,,,,,,,,,,,,,,,,,,,,,
9/3/2023,2023-09-03,Sunday,2023-W36,Frei,,0,,,,FALSE,,38,68,7.7,,,,,,,,,,,,,,,,,,30555485-caa7-8075-8b25-cecaf1884e85,"Outdoor-Time, Spaziergang, Libido",,,,Bett geteilt,79.65,12.6,,,,,,,,,,,,,,,,,,,,,,,
9/2/2023,2023-09-02,Saturday,2023-W35,Frei,,0,,,,FALSE,,51,68,11,,,,,,Verdauung,,,,,,,,,,,,30555485-caa7-8000-9a1a-ca84470c0622,"Outdoor-Time, Spaziergang, Urlaub",,Koffein,"Beziehungsstress, Reisestress","Bett geteilt, Anderes Bett",,,,,,,,,,,,,,,,,,,,,,,,,
9/1/2023,2023-09-01,Friday,2023-W35,Frei,,0,,,,FALSE,"Frei Urlaub oder:

DL 6 x 5Min
Puls 140-150
3x4 Beuger exzentrisch
3x4 Adduktor exzentrisch
5x10 sek Beugertrommel Pezziball",31,84,11.5,,,,,,,,,,,,,,,,,,30555485-caa7-809e-bc70-d95030933738,"Libido, Outdoor-Time, Kalte Dusche, Urlaub",,Koffein,,"Cannabis, Anderes Bett, Bett geteilt",,,,,,,,,,,,,,,,,,,,,,,,,
8/31/2023,2023-08-31,Thursday,2023-W35,Frei,,0,,,,FALSE,"Frei Urlaub oder:

Hiptrust 6x5
Umsetzen vom Boden 6x5
Hüftbeuger mit Kettlebelt 6x12sek
Kreuzheben beidb. 6x5
Beugerpendel mit Resistance Gummi 6x12 sek (je Seite) schnell
Seilchenkoordination Seilchensprünge
5x10 Hürdensprünge
5x8 Medballschocken",87,84,11.1,,,,,,Verdauung,,,0,,0,,,,,,,30555485-caa7-8004-bd0b-f44a73ca0ba5,"Outdoor-Time, Kalte Dusche, Urlaub",,Koffein,Beziehungsstress,"Bett geteilt, Anderes Bett",,,,,,,,,,,,,,,,,,,,,,,,,
8/30/2023,2023-08-30,Wednesday,2023-W35,Frei,,0,,,,FALSE,,71,79,11.4,,,,,,,,,,,,,,,,,,30555485-caa7-80b8-8d35-ea883b9e0b83,"Libido, Outdoor-Time, Kalte Dusche, Urlaub",,Koffein,,"Bett geteilt, Anderes Bett",,,,,,,,,,,,,,,,,,,,,,,,,
8/29/2023,2023-08-29,Tuesday,2023-W35,Frei,,0,,,,FALSE,"Frei Urlaub oder:

TL (70-80%)
5x70m 
Lp: 20 sek / Sp: 10min
5x90m
Lp: 35 sek / Sp: 12min
5x50m
Lp: 20 sek
4x6 Beuger exzentrisch
4x6 Adduktor exzentrisch",65,96,11.9,,,,,,,,,,,,,,,,,,30555485-caa7-80c5-9b6b-d8f28e9a2f95,"Libido, Outdoor-Time, Kalte Dusche, Urlaub",,Koffein,Beziehungsstress,"Bett geteilt, Anderes Bett",,,,,,,,,,,,,,,,,,,,,,,,,
8/28/2023,2023-08-28,Monday,2023-W35,Frei,,0,,,,FALSE,,66,99,12.9,,,,,,,,,,,,,,,,,,30555485-caa7-8017-87b9-deabcad18b41,"Outdoor-Time, Spaziergang, Urlaub, Kalte Dusche",,Koffein,,"Anderes Bett, Bett geteilt",,,,,,,,,,,,,,,,,,,,,,,,,
8/27/2023,2023-08-27,Sunday,2023-W35,Frei,,0,,,,FALSE,,65,92,8,,,,,,,,,,,,,,,,,,30555485-caa7-80a1-9ae8-f0737eed6c2f,"Urlaub, Libido, Outdoor-Time, Kalte Dusche",,Koffein,,"Bett geteilt, Anderes Bett",,,,,,,,,,,,,,,,,,,,,,,,,
8/26/2023,2023-08-26,Saturday,2023-W34,Frei,,0,,,,FALSE,,84,89,12.1,,,,,,,,,,,,,,,,,,30555485-caa7-8053-8aab-c5b7123b6ab5,"Outdoor-Time, Urlaub",,,,"Anderes Bett, Bett geteilt",,,,,,,,,,,,,,,,,,,,,,,,,
8/25/2023,2023-08-25,Friday,2023-W34,Frei,,0,,,,FALSE,"Frei Urlaub oder:

TL
3x 250m/200m/150m/100m/50m
LP: 100m gehen
Sp: 14min
4x6 Beuger exzentrisch
4x6 Adduktor exzentrisch",68,81,12,,,,,,,,,,,,,,,,,,30555485-caa7-801a-800d-ca168ae31fed,"Outdoor-Time, Urlaub, Spaziergang",,,,"Anderes Bett, Bett geteilt",,,,,,,,,,,,,,,,,,,,,,,,,
8/24/2023,2023-08-24,Thursday,2023-W34,Frei,,0,,,,FALSE,,19,47,12.5,,,,,,,,,,,,,,,,,,30555485-caa7-80ca-ab4f-d994570aa5ca,"Outdoor-Time, Spaziergang, Libido, Urlaub",,Koffein,Reisestress,"Bett geteilt, Alkohol",,,,,,,,,,,,,,,,,,,,,,,,,
8/23/2023,2023-08-23,Wednesday,2023-W34,Frei,,0,,,,FALSE,"Frei Urlaub oder:

Kraft
Sumosquad 5x6
Umsetzen vom Boden 5x6
Hipthrust 5x6

Seilchenkoordination 
Seilchensprünge

Medballschocken 5x8",68,100,12.7,,,,,,,,,0,,0,,,,,,,30555485-caa7-8086-a424-c00254c85124,"Outdoor-Time, Spaziergang",,,Beziehungsstress,Bett geteilt,79.75,12.7,,,,,,,,,,,,,,,,,,,,,,,
8/22/2023,2023-08-22,Tuesday,2023-W34,Frei,,0,,,,FALSE,,61,97,8.1,,,,,,,,,,,,,,,,,,30555485-caa7-80f3-847f-cf6138458dae,"Libido, Outdoor-Time",,,,Bett geteilt,80.15,12.7,,,,,,,,,,,,,,,,,,,,,,,
8/21/2023,2023-08-21,Monday,2023-W34,Frei,,0,MS Halle,,,FALSE,"Frei oder:

Hürdenkoordination 14 Hürden
4x Übersteiger je Seite 
4x Je seite Drüber --> Drunter
6x 1 Kontakt (Nachziehbeinwechsel)
3x Je Seite (Abstand 1,5F.) Durchsteigen (Hände an Hürde)
4 x Je Seite - seitlich mit gestreckem Bein
6x10 Hürdensprünge
10 min DL auslaufen
4x6 Beuger exzentrisch
4x6 Adduktor exzentrisch",46,100,8.7,,,,,,,,,,,,,,,,,,30555485-caa7-80de-b587-fee0f7ca9616,"Outdoor-Time, Spaziergang",,,,Bett geteilt,80.15,12.7,,,,,,,,,,,,,,,,,,,,,,,
8/20/2023,2023-08-20,Sunday,2023-W34,Frei,,0,,,,FALSE,,53,100,7.2,,,,,,Verdauung,,,,,,,,,,,,30555485-caa7-80df-99ef-ef9aca5e38ed,"Outdoor-Time, Verdauungsspaziergang",,,"Beziehungsstress, Freunde","Late Meal, Bett geteilt",80.15,12.1,,,,,,,,,,,,,,,,,,,,,,,
8/19/2023,2023-08-19,Saturday,2023-W33,Frei,,0,,,,FALSE,"Frei oder:
TL Kurz
4x50m
LP: 10 sek
SP: 8 min
4x90m
LP: 20sek
SP: 10 min
4x60m 
LP: 15sek
SP: 9 min
4x40m
LP: 10 sek
4x6 Beuger exzentrisch
4x6 Adduktor exzentrisch",91,100,9.3,,,,,,Verdauung,,,,,,,,,,,,30555485-caa7-80d8-a166-f8c8983aeffd,"Outdoor-Time, Verdauungsspaziergang, Libido",,,,Bett geteilt,80.35,12.8,,,,,,,,,,,,,,,,,,,,,,,
8/18/2023,2023-08-18,Friday,2023-W33,Frei,,0,MS Halle,,,FALSE,"Frei oder Kraft:

Tiefkniebeuge Front 6x5
Knieheber mit Kettlebelt 6 x 10 sek 
Kreuzheben Beidb. 6x5
Seilzug 6x5
Kastenaufsprünge 6x4",76,95,13.1,,,,,,Verdauung,,,,,,,,,,,,30555485-caa7-8072-9439-c479a3496d7b,"Outdoor-Time, Libido",,,,Bett geteilt,80.35,12.8,,,,,,,,,,,,,,,,,,,,,,,
8/17/2023,2023-08-17,Thursday,2023-W33,Frei,,0,,,,FALSE,,60,100,13.4,,,,,,Verdauung,,,,,,,,,,,,30555485-caa7-800d-8f12-fb698c697d38,Outdoor-Time,,,,Bett geteilt,80.35,12.6,,,,,,,,,,,,,,,,,,,,,,,
8/16/2023,2023-08-16T10:27:00.000+02:00,Wednesday,2023-W33,Ausdauer,Joggen,50,MS Halle,,🌅 Vormittag,FALSE,"6x5 min DL 
Puls 130-150
Mobilisation 15min",70,94,14.5,,,,,,Verdauung,,,,,,,,,,,,30555485-caa7-8070-8d19-ef4fbed00f42,Outdoor-Time,,,,Bett geteilt,80.05,12.6,,,,,,,,,,,,,,,,,,,,,,,
8/15/2023,2023-08-15,Tuesday,2023-W33,Frei,,0,,,,FALSE,,75,100,12.9,,,,,,,,,,,,,,,,,,30555485-caa7-80a1-8c7c-f9b37f5ffbad,Outdoor-Time,,,"Freunde, Reisestress",Bett geteilt,80.05,12.6,,,,,,,,,,,,,,,,,,,,,,,
8/14/2023,2023-08-14,Monday,2023-W33,Frei,,0,MS Halle,,,FALSE,"4x3x250m
Lp: 150m traben
SP: 10min aktiv Mobilisation / Dehnen 
4x6 Beuger exzentrisch
4x10 Liegestütz
4x6 Adduktor exzentrisch",78,100,12.8,,,,,,,,,,,,,,,,,,30555485-caa7-80d9-8d98-df0f46317bdd,"Outdoor-Time, Libido",,Magnesium,,Bett geteilt,80.05,12.8,,,,,,,,,,,,,,,,,,,,,,,
8/13/2023,2023-08-13,Sunday,2023-W33,Frei,,0,,,,FALSE,,62,100,10.7,,,,,,,,,,,,,,,,,,30555485-caa7-80b2-a4b2-dc5990b450ca,Outdoor-Time,,,Beziehungsstress,Bett geteilt,80.05,12.6,,,,,,,,,,,,,,,,,,,,,,,
8/12/2023,2023-08-12,Saturday,2023-W32,Frei,,0,,,,FALSE,,63,100,8,,,,,,,,,,,,,,,,,,30555485-caa7-8016-954d-e0731ba41a98,"Outdoor-Time, Nap, Verdauungsspaziergang, Libido, Meditation",,,Beziehungsstress,Bett geteilt,80.3,12.8,,,,,,,,,,,,,,,,,,,,,,,
8/11/2023,2023-08-11,Friday,2023-W32,Frei,,0,,,,FALSE,,48,100,10.1,,,,,,Verdauung,,,,,,,,,,,,30555485-caa7-8098-99ba-e35d0378d8c2,"Outdoor-Time, Libido, Physio",,,Beziehungsstress,Bett geteilt,80.65,12.8,,,,,,,,,,,,,,,,,,,,,,,
8/10/2023,2023-08-10,Thursday,2023-W32,Frei,,0,,,,FALSE,,74,100,10.5,,,,,,Verdauung,,,,,,,,,,,,30555485-caa7-80cc-8fd4-ed1efc9f9758,"Outdoor-Time, Libido, Physio",,,Beziehungsstress,"Cannabis, Bett geteilt",,,,,,,,,,,,,,,,,,,,,,,,,
8/9/2023,2023-08-09,Wednesday,2023-W32,Frei,,0,MS Halle,,,FALSE,,48,100,10.4,,,,,,,,,,,,,,,,,,30555485-caa7-80c8-ad42-fa7e75f4b339,"Outdoor-Time, Verdauungsspaziergang",,,"Beziehungsstress, Freunde",Bett geteilt,81.1,12.8,,,,,,,,,,,,,,,,,,,,,,,
8/8/2023,2023-08-08,Tuesday,2023-W32,Frei,,0,,,,FALSE,,50,100,6.7,,,,,,Achilles L,,,,,,,,,,,,30555485-caa7-8058-8778-e244746e7864,"Libido, Outdoor-Time",,,Beziehungsstress,Bett geteilt,81.1,12.8,,,,,,,,,,,,,,,,,,,,,,,
8/7/2023,2023-08-07,Monday,2023-W32,Frei,,0,,,,FALSE,,60,97,7.1,,,,,,,,,,,,,,,,,,30555485-caa7-80ec-985e-f67c75b4f7a2,"Outdoor-Time, Verdauungsspaziergang",,"Magnesium, Multivitamin, Kreatin, Vit D","Beziehungsstress, Reisestress",Bett geteilt,,,,,,,,,,,,,,,,,,,,,,,,,
8/6/2023,2023-08-06,Sunday,2023-W32,Frei,,0,,,,FALSE,,71,71,6.7,,,,,,Achilles L,,,,,,,,,,,,30555485-caa7-801c-8f8a-c8a377027b25,"Libido, Outdoor-Time",,Magnesium,,Bett geteilt,,,,,,,,,,,,,,,,,,,,,,,,,
8/5/2023,2023-08-05T15:27:00.000+02:00,Saturday,2023-W31,Wettkampf,,122,Malmö,,☀️ Nachmittag,TRUE,Weit: 7.68m +1.1m/s,61,96,16.8,,,,,,Achilles L,,,,,,7.68,,,,,,2cb55485-caa7-80e0-afab-eb5ecbf2ecbd,"Outdoor-Time, Verdauungsspaziergang, Libido, Dehnen",,Koffein,"Freunde, Reisestress",Anderes Bett,,,,,,,,,,,,,,,,,,,,,,,,,
8/4/2023,2023-08-04T11:16:00.000+02:00,Friday,2023-W31,Auftakt,,69,MS Halle,Halle,🌅 Vormittag,FALSE,,81,98,10.6,,,,,,Achilles L,,,,,,,,,,,,2f455485-caa7-800f-80a0-f5f5d621c0ac,"Lympho, Outdoor-Time, Dehnen",,,"Freunde, Reisestress",Bett geteilt,,,,,,,,,,,,,,,,,,,,,,,,,
8/3/2023,2023-08-03,Thursday,2023-W31,Frei,,0,,,,FALSE,,93,93,14,,,,,,Achilles L,,,,,,,,,,,,2f455485-caa7-809a-b192-ed3153bafe35,"Lympho, Libido, Physio, Outdoor-Time",,,,Bett geteilt,,,,,,,,,,,,,,,,,,,,,,,,,
8/2/2023,2023-08-02T18:23:00.000+02:00,Wednesday,2023-W31,,,95,MS Halle,,🌙 Abend,FALSE,,86,81,12.9,,,,,,Achilles L,,,,,,,,,,,,2f455485-caa7-807b-9f4d-e4130797306b,Outdoor-Time,,"Magnesium, Multivitamin, Kreatin, Vit D",Beziehungsstress,Bett geteilt,,,,,,,,,,,,,,,,,,,,,,,,,
8/1/2023,2023-08-01T17:25:00.000+02:00,Tuesday,2023-W31,,,73,MS Halle,,☀️ Nachmittag,FALSE,,91,68,13.5,,,,,,Achilles L,,,,,,,,,,,,2f455485-caa7-80be-b3b1-f6dc8ec5aa61,"Physio, Outdoor-Time",,Magnesium,,Bett geteilt,,,,,,,,,,,,,,,,,,,,,,,,,
7/31/2023,2023-07-31,Monday,2023-W31,Frei,,0,MS Halle,,,FALSE,,44,56,13.5,,,,,,Achilles L,,,,,,,,,,,,2f455485-caa7-80d4-a6e8-e566b6ceadfd,Outdoor-Time,,"Multivitamin, Kreatin, Vit D",,Anderes Bett,,,,,,,,,,,,,,,,,,,,,,,,,
7/30/2023,2023-07-30T15:58:00.000+02:00,Sunday,2023-W31,Wettkampf,,190,Inneringen,Draußen - Sonnig,☀️ Nachmittag,FALSE,Weit: 8.14m +1.8m/s,66,100,15.4,,,,,,Achilles L,,,,,,8.14,,,,,,2cb55485-caa7-8066-9c25-eb172e52e297,"Outdoor-Time, Verdauungsspaziergang, Dehnen",,"Koffein, Probiotika","Freunde, Reisestress",Anderes Bett,,,,,,,,,,,,,,,,,,,,,,,,,
7/29/2023,2023-07-29T10:40:00.000+02:00,Saturday,2023-W30,Auftakt,,32,,,🌅 Vormittag,FALSE,,82,100,10.6,,,,,,Achilles L,,,,,,,,,,,,2f455485-caa7-8069-b282-d3ee502e4c7d,"Outdoor-Time, Libido, Dehnen",,Probiotika,Reisestress,"Bett geteilt, Anderes Bett",,,,,,,,,,,,,,,,,,,,,,,,,
7/28/2023,2023-07-28,Friday,2023-W30,Frei,,0,MS Halle,,,FALSE,,62,98,9.7,,,,,,Achilles L,,,,,,,,,,,,2f455485-caa7-8054-99b8-e24dd28a4986,"Outdoor-Time, Lympho",,,,Late Meal,81.1,12.8,,,,,,,,,,,,,,,,,,,,,,,
7/27/2023,2023-07-27T18:02:00.000+02:00,Thursday,2023-W30,Kraft,,141,MS Halle,,🌙 Abend,FALSE,RDL 3x2 120kg,83,100,11.9,,,,,,Achilles L,,,,,,,,,,,,2f455485-caa7-802b-aad4-d40ea324a901,"Outdoor-Time, Libido, Physio",,"Multivitamin, Kreatin, Vit D",,"Bett geteilt, Anderes Bett",,,,,,,,,,,,,,,,,,,,,,,,,
7/26/2023,2023-07-26T10:45:00.000+02:00,Wednesday,2023-W30,,,106,MS Halle,,🌅 Vormittag,FALSE,,58,92,11.6,,,,,,Achilles L,,,,,,,,,,,,2f455485-caa7-80cf-bbcb-f70ca5cb1b06,"Outdoor-Time, Verdauungsspaziergang, Libido",,"Multivitamin, Kreatin, Vit D",,Gelesen,80.75,13,,,,,,,,,,,,,,,,,,,,,,,
7/25/2023,2023-07-25T15:54:00.000+02:00,Tuesday,2023-W30,Kraft,,137,MS Halle,Halle,☀️ Nachmittag,FALSE,SL Umsetzen 3x2 60/70/80kg,49,91,11.5,,,,,,Achilles L,,,,,,,,,,,,2f455485-caa7-80de-bc38-f10b302d26fa,"Outdoor-Time, Dehnen, Lympho",,,,Gelesen,80.45,13,,,,,,,,,,,,,,,,,,,,,,,
7/24/2023,2023-07-24T17:09:00.000+02:00,Monday,2023-W30,Kraft,,125,MS Halle,Halle,☀️ Nachmittag,FALSE,"Trapbarsprünge 3x3 40kg
Umsetzen 3x4 40kg
Wade 2x8 80kg
Beinpresse 10/6 80kg",55,90,13,,,,,,,,,,,45.3,,,,,,,2f455485-caa7-80d5-abe0-e6bcd24b833f,"Outdoor-Time, Libido",,,,,,,,,,,,,,,,,,,,,,,,,,,,,
7/23/2023,2023-07-23,Sunday,2023-W30,Frei,,0,,,,FALSE,,59,82,5.8,,,,,,,,,,,,,,,,,,2f455485-caa7-8006-ada4-dff69c7fb72b,Outdoor-Time,,,,"Alkohol, Anderes Bett, Schlafmaske",,,,,,,,,,,,,,,,,,,,,,,,,
7/22/2023,2023-07-22T10:10:00.000+02:00,Saturday,2023-W29,Kraft,,79,MS Halle,Halle,🌅 Vormittag,FALSE,Splitsquat 3x2 90kg,97,100,12.5,,,,,,,,,,,,,,,,,,2f455485-caa7-80d1-9c39-f53b9b8fb732,"Outdoor-Time, Dehnen",,"Multivitamin, Kreatin, Vit D",Beziehungsstress,"Bett geteilt, Anderes Bett",,,,,,,,,,,,,,,,,,,,,,,,,
7/21/2023,2023-07-21T17:09:00.000+02:00,Friday,2023-W29,"Sprint, Sprung","Beschleunigung, Plyos",107,MS Halle,Halle,☀️ Nachmittag,FALSE,"4x15m Pushbull (70%-55%)
2x25m Ablauf 
4x2er Sprunglauf (je Seite) in Grube mit Landung 
Absprung vom Steg (flache Grüne) 5er - 7er Anlauf 
4x2x4 Hürdensprünge (Erster immer mit Gewichtsweste)
2x60m Auslaufen (bis 60%) technisch sauber ",51,95,13.6,,,,,,,,,,,,,,,,,,2f455485-caa7-80dd-ba12-ce53f9be03ed,"Outdoor-Time, Dehnen, Libido",,"Multivitamin, Kreatin, Vit D",,"Bett geteilt, Anderes Bett",,,,,,,,,,,,,,,,,,,,,,,,,
7/20/2023,2023-07-20T17:34:00.000+02:00,Thursday,2023-W29,Regeneration,,79,MS Halle,,☀️ Nachmittag,FALSE,"4x3 Rasendias 
Lp : gehen 
Sp: 8min
3x8min Radergometer 
Puls 130/140 
Satzpause 5 min - Aktiv (Mobi und Kraft unterer Bauch )",55,100,13.6,,,,,,,,,,,,,,,,,,2f455485-caa7-803d-9596-ccf443adcc33,"Outdoor-Time, Verdauungsspaziergang",,"Multivitamin, Kreatin, Vit D",,"Anderes Bett, Bett geteilt",,,,,,,,,,,,,,,,,,,,,,,,,
7/19/2023,2023-07-19T17:15:00.000+02:00,Wednesday,2023-W29,,,78,MS Halle,,☀️ Nachmittag,FALSE,"Erwärmung mit Hütchenkoordi (2 Durchgänge)
3- Kontakte stehen 
2 Kontakte stehen 
2 Kontakte durchlaufen 
2 Kontakte (Arme Vorhalte)

2x 16 Hütchen 
2 Bahnen aufbauen 
Arme in Vorhalte 
1x 60m in & out 
4x 8er Sprunglauf ",58,80,10.5,,,,,,,,,,,,,,,,,,2f455485-caa7-80bf-a11f-ce93d716d78e,"Outdoor-Time, Verdauungsspaziergang, Libido, Physio",,"Multivitamin, Kreatin, Vit D",,,81,12.9,,,,,,,,,,,,,,,,,,,,,,,
7/18/2023,2023-07-18T17:11:00.000+02:00,Tuesday,2023-W29,"Kraft, Sprung",,100,MS Halle,,☀️ Nachmittag,FALSE,"Aufsteiger 3x2 80/90/100kg
SL RDL mit Auftakt 3x2 40/50/40kg
SL Umsetzen 2/2/1 80/80/90kg

4x 7er negativ 
2x 9er durchspringen ",51,100,15.1,,,,,,Krank,,106.7,,,,,,,,,,2f455485-caa7-8012-9aaf-ff9c9835adde,"Outdoor-Time, Zocken, Libido",,"Multivitamin, Kreatin, Vit D",Freunde,"Bett geteilt, Anderes Bett",,,,,,,,,,,,,,,,,,,,,,,,,
7/17/2023,2023-07-17T17:10:00.000+02:00,Monday,2023-W29,Sprint,Beschleunigung,126,MS Halle,Halle,☀️ Nachmittag,FALSE,"3x40m ZWL (1080)
1x 2-4kg
2x 1-3(2) kg
Bei 8,3 m/s
1-2 x 30m all out
3x 4 Hürden je Seite (4er)
Absprung- = Ladebein",71,100,11.3,,,,,,,,,,,,,,,,,,2f455485-caa7-8096-9ba1-c9a5eb8c0ff4,"Dehnen, Outdoor-Time, Libido",,"Multivitamin, Kreatin, Vit D",,Gelesen,,,,,,,,,,,,,,,,,,,,,,,,,
7/16/2023,2023-07-16,Sunday,2023-W29,Frei,,0,,,,FALSE,,85,100,5.4,,,,,,,,,,,,,,,,,,2e155485-caa7-80da-bd7e-ea6c2562013f,"Dehnen, Outdoor-Time, Libido",,"Multivitamin, Kreatin, Vit D","Reisestress, Freunde","Anderes Bett, Bett geteilt",,,,,,,,,,,,,,,,,,,,,,,,,
7/15/2023,2023-07-15T09:07:00.000+01:00,Saturday,2023-W28,,,88,MS Halle,,🌅 Vormittag,FALSE,"3-4 x Anlaufkontrolle
2x90m (80%)
Lp : 2min / Sp: 9min
2x80m (90%)
Lp: 4min
6x4 Hürdensprünge",88,100,12,,,,,,,,,,,,,,,,,,2e155485-caa7-80ce-853d-f3740c0c56ea,"Outdoor-Time, Verdauungsspaziergang, Libido",,"Multivitamin, Kreatin, Vit D",,"Late Meal, Bett geteilt, Anderes Bett",,,,,,,,,,,,,,,,,,,,,,,,,
7/14/2023,2023-07-14T15:06:00.000+01:00,Friday,2023-W28,Sprung,,95,MS Halle,,☀️ Nachmittag,FALSE,"3x 9er negativ 
3x11er erhöht 
4x4er Sprunglauf in Grube mit Landung (mit 5-7 Schritt Anlauf)",85,98,13.6,,,,,,,,,,,,,,,,,,2e155485-caa7-80a1-9a07-e0ea00e1eda6,"Outdoor-Time, Verdauungsspaziergang",,"Koffein, Kreatin",,,81,12.8,,,,,,,,,,,,,,,,,,,,,,,
7/13/2023,2023-07-13T16:10:00.000+01:00,Thursday,2023-W28,,,114,MS Halle,,☀️ Nachmittag,FALSE,"3x40m (1080) Boy 2-4kg bei 8,2 m/s
2x 18 Hütchen technisch Abstand (6,5-7 f.)
Split-Squad 3x2 120kg
6x Kugelschocken ",86,87,10.2,,,,,,,,,,,,,,,,,,2e155485-caa7-807b-93a4-ee5d0c155ced,Outdoor-Time,,Koffein,,"Late Meal, Gelesen",81.25,12.9,,,,,,,,,,,,,,,,,,,,,,,
7/12/2023,2023-07-12T17:10:00.000+01:00,Wednesday,2023-W28,Kraft,,68,MS Halle,,🌙 Abend,FALSE,"Aufsteiger negativ 3x3 80/90/90kg
SL Umsetzen 3x6 70kg
3x4 (je Seite) Hürdensprünge Absprung Landung selbes Bein
Hip-Thrust 3x3 120kg
3x2x6er Sprunglauf
3x50m Technisch Auslauf",79,91,13.3,,,,,,,,110,132,,,,,,,,,2e155485-caa7-8006-b177-e5a0d006da69,"Outdoor-Time, Dehnen",,,,Gelesen,81.85,12.6,,,,,,,,,,,,,,,,,,,,,,,
7/11/2023,2023-07-11,Tuesday,2023-W28,Frei,,0,,,,FALSE,,77,86,8.4,,,,,,,,,,,,,,,,,,2e155485-caa7-808f-8ca8-e6a2969db152,"Outdoor-Time, Libido",,"Multivitamin, Kreatin, Vit D",,Gelesen,80.75,12.7,,,,,,,,,,,,,,,,,,,,,,,
7/10/2023,2023-07-10,Monday,2023-W28,Frei,,0,,,,FALSE,,91,87,6.7,,,,,,,,,,,,,,,,,,2e155485-caa7-80e4-b5bf-ed670d3346c9,"Outdoor-Time, Libido",,"Multivitamin, Kreatin, Vit D",,"Bett geteilt, Anderes Bett",,,,,,,,,,,,,,,,,,,,,,,,,
7/9/2023,2023-07-09,Sunday,2023-W28,Wettkampf,,0,Kassel,Draußen - Sonnig,,FALSE,Weit: 7.91m +0.3m/s,33,87,15.2,,,,,,,,,,,,7.91,,,,,,2cb55485-caa7-80ee-a6eb-d8fbe87a0ec9,"Outdoor-Time, Dehnen",,"Koffein, Probiotika","Freunde, Reisestress","Anderes Bett, Bett geteilt",,,,,,,,,,,,,,,,,,,,,,,,,
7/8/2023,2023-07-08T13:09:00.000+02:00,Saturday,2023-W27,Wettkampf,,371,Kassel,Draußen - Sonnig,☀️ Nachmittag,TRUE,"100m VL: 10.54s -0.7m/s
100m ZL: 10.37s +0.0m/s
100m EL: 10.47s +0.2m/s",78,92,18.9,,,,,,,,,,,,,,,,,10.37,2cb55485-caa7-809a-9581-d3444c216be9,"Physio, Outdoor-Time, Dehnen",,"Koffein, Probiotika",Freunde,Gelesen,81.25,12.9,,,,,,,,,,,,,,,,,,,,,,,
7/7/2023,2023-07-07T14:27:00.000+02:00,Friday,2023-W27,Auftakt,,40,MS Halle,,☀️ Nachmittag,FALSE,,68,99,13.3,,,,,,,,,,,,,,,,,,2cc55485-caa7-80f2-b437-e4b0d1813b89,"Dehnen, Lympho, Verdauungsspaziergang, Outdoor-Time, Meditation",,,,"Late Meal, Gelesen",81.75,12.8,,,,,,,,,,,,,,,,,,,,,,,
7/6/2023,2023-07-06,Thursday,2023-W27,Frei,,0,,,,FALSE,,89,98,6.8,,,,,,,,,,,,,,,,,,2cc55485-caa7-80e9-8ac8-e908d5f41ca1,"Dehnen, Libido, Meditation, Outdoor-Time",,"Multivitamin, Kreatin",,"Late Meal, Gelesen",81.25,12.9,,,,,,,,,,,,,,,,,,,,,,,
7/5/2023,2023-07-05T18:06:00.000+02:00,Wednesday,2023-W27,Sprung,,113,MS Halle,,🌙 Abend,FALSE,Sprünge,53,79,12,,,,,,,,,,,,,,,,,,2cc55485-caa7-8017-af88-f2f42acdaf91,"Dehnen, Outdoor-Time, Libido, Meditation, Physio",,"Multivitamin, Probiotika, Kreatin, Vit D",,Gelesen,80.5,12.7,,,,,,,,,,,,,,,,,,,,,,,
7/4/2023,2023-07-04T17:12:00.000+02:00,Tuesday,2023-W27,Kraft,,102,MS Halle,,☀️ Nachmittag,FALSE,"Staffelwechsel
6x 3kg Kugelschocken
Trapbar 3x2 130/160/180kg",50,85,14.2,,,,,,,,,,192,,,,,,,,2cc55485-caa7-801e-926c-e944248e35cb,"Lympho, Outdoor-Time, Physio",,"Multivitamin, Kreatin, Vit D",,"Late Meal, Gelesen",80.7,12.9,,,,,,,,,,,,,,,,,,,,,,,
7/3/2023,2023-07-03T18:11:00.000+02:00,Monday,2023-W27,,,117,MS Halle,,🌙 Abend,FALSE,"Hütchenkoordi (Erwärmen) (14 Hütchen)
3x40m (1080) (aus Block)
3kg - 5kg 
2kg - 4kg
1kg - 3kg
2x 14 Hütchen Techniklauf
3x3 Hexabarjumps (Springer Kastensprünge einb. mit Gewicht)
3x3 Kastendurchsprünge",67,100,13.2,,,,,,Allergie,,,,,,,,,,,,2cc55485-caa7-8084-8934-f8a82a609206,"Dehnen, Libido",,"Multivitamin, Kreatin, Vit D",,,81.25,12.8,,,,,,,,,,,,,,,,,,,,,,,
7/2/2023,2023-07-02,Sunday,2023-W27,Frei,,0,,,,FALSE,,76,100,6.7,,,,,,Allergie,,,,,,,,,,,,2cc55485-caa7-8023-9b8d-de36a6635020,"Outdoor-Time, Libido, Dehnen",,"Multivitamin, Kreatin, Vit D",,"Bett geteilt, Anderes Bett",,,,,,,,,,,,,,,,,,,,,,,,,
7/1/2023,2023-07-01T10:11:00.000+02:00,Saturday,2023-W26,Sprung,"Anlauf, Absprung",100,MS Halle,,🌅 Vormittag,FALSE,"2x Anlaufkontrolle (15 Schritt)
3x Anlaufkontrolle (Voll)
5x4 Hürdensprünge
4x3 Shiabaki Sprünge (Je Seite)",80,100,11.8,,,,,,Allergie,,,,,,,,,,,,2cc55485-caa7-8057-a910-c3f6d63ca697,"Outdoor-Time, Dehnen",,"Multivitamin, Kreatin, Vit D",,"Bett geteilt, Anderes Bett",80.9,12.1,,,,,,,,,,,,,,,,,,,,,,,
6/30/2023,2023-06-30T18:34:00.000+02:00,Friday,2023-W26,Regeneration,,89,MS Halle,,🌙 Abend,FALSE,"Hürdenkoordi (20 min)
5x5 Hürden im 5er Rhythmus (Locker) - Hürdenlauf nicht Springen
8x Kugelschocken Vorwärts
Stabi Dynmanisch (Unterer Bauch) 
BWS - Butterfly reverse 3x8 ",92,95,10.1,,,,,,Allergie,,,,,,,,,,,,2c955485-caa7-8072-91d0-d70069965ed2,"Dehnen, Outdoor-Time",,"Multivitamin, Kreatin, Vit D",,"Bett geteilt, Anderes Bett",,,,,,,,,,,,,,,,,,,,,,,,,
6/29/2023,2023-06-29T09:44:00.000+02:00,Thursday,2023-W26,"Sprint, Sprung",,85,MS Halle,,,FALSE,"3x10m Pushbull (70%)
2x15m Pushbull (60%)
4x 4er Ablaufsprunglauf
2x40m Easy-Technik-Runs
4x3 Dropjumps über Hürde",88,84,15.6,,,,,,Allergie,,,,,,,,,,,,2c955485-caa7-80a7-b003-d24a2836cfcc,"Outdoor-Time, Dehnen",,Kreatin,Beziehungsstress,"Bett geteilt, Anderes Bett",,,,,,,,,,,,,,,,,,,,,,,,,
6/28/2023,2023-06-28T17:03:00.000+02:00,Wednesday,2023-W26,"Kraft, Sprung",,159,MS Halle,,☀️ Nachmittag,FALSE,"Anlaufrhythmisierung
Aufsteiger 3x2 150/180/180kg
3x2x3 Einbeinsprünge
RDL mit Auftakt 3x2 45kg
Aufsteiger negativ 3x2 80/90/100kg
3x3 Take-Off über Hürden",67,86,13.1,,,,,,Allergie,,192,,,,,,,,,,2c955485-caa7-80a8-8f8e-ceec5b082e87,"Dehnen, Libido, Outdoor-Time",,"Multivitamin, Kreatin, Vit D",,,81.35,12.9,,,,,,,,,,,,,,,,,,,,,,,
6/27/2023,2023-06-27T17:14:00.000+02:00,Tuesday,2023-W26,"Kraft, Sprung",,150,MS Halle,,☀️ Nachmittag,FALSE,"3x ZUL in Grube
2-3 11er mit Landung
SL Umsetzen 3x2 70/80/80kg
Splitsquat 2x3 schnell 60/80kg
Sprunglauf 3x6er",45,100,14.9,,,,,,Allergie,,,,,,,,,,,,2c955485-caa7-8001-80e9-f4679aaddca8,"Outdoor-Time, Libido, Physio",,"Multivitamin, Kreatin, Vit D",Beziehungsstress,"Gelesen, Bett geteilt, Anderes Bett",,,,,,,,,,,,,,,,,,,,,,,,,
6/26/2023,2023-06-26T18:52:00.000+02:00,Monday,2023-W26,"Kraft, Sprint",,91,MS Halle,,🌙 Abend,FALSE,"2x 40m ZWL (1080)
3-4 Staffelwechsel
Hip-Thrust 3x2 110/130/130kg
Trapbar-Sprünge 3x3 50kg
3x2x4 Hürdensprünge",51,100,11.7,,,,,,Allergie,,,138.7,,,,,,,,,2c955485-caa7-80ea-b1e5-dd04952b4cc5,Outdoor-Time,,"Multivitamin, Kreatin, Vit D",Beziehungsstress,"Bett geteilt, Anderes Bett",,,,,,,,,,,,,,,,,,,,,,,,,
6/25/2023,2023-06-25,Sunday,2023-W26,Frei,,0,,,,FALSE,,70,100,5.2,,,,,,Allergie,,,,,,,,,,,,2c955485-caa7-80fe-a078-fe0aff6af7cc,"Dehnen, Outdoor-Time",,"Koffein, Kreatin","Beziehungsstress, Freunde","Bett geteilt, Anderes Bett",,,,,,,,,,,,,,,,,,,,,,,,,
6/24/2023,2023-06-24T10:04:00.000+02:00,Saturday,2023-W25,"Kraft, Sprung",,127,MS Halle,,🌅 Vormittag,FALSE,"4x4 Hürden Sprung- = Ladebein je Seite 
4x Anlaufkontrolle 
SL Umsetzen 3x3 90/100/100kg",71,95,13.7,,,,,,Allergie,,,,,,,,,,,,2c955485-caa7-8080-b877-c59d7990eb83,"Libido, Outdoor-Time",,"Koffein, Multivitamin, Kreatin, Vit D",,Gelesen,81.8,12.8,,,,,,,,,,,,,,,,,,,,,,,
6/23/2023,2023-06-23T18:09:00.000+02:00,Friday,2023-W25,"Kraft, Sprint, Sprung",,177,MS Halle,,🌙 Abend,FALSE,"4x5 Mini-Takeoff (je Seite)
3x6er Sprunglauf je Seite (7,5kg)
4x18 Hütchen ZWL Technik
2x50m Technik Ablauf (zu Frequent)
ODER:
4x 40m ZWL (1080)
2x von 3kg auf 5kg bei 8,3m/s
2x von 2kg auf 4kg bei 8,6 m/s
3x35m Technisch

Aufsteiger negativ 3x2 80/90/90kg
Trapbarsprünge 3x4 50kg
Kreuzheben mit Auftakt ins Umsetzen 3x3 40kg",61,100,14.1,,,,,,"Verdauung, Allergie",,96,,,,,,,,,,2c955485-caa7-8066-a171-fcec24131ab2,"Outdoor-Time, Dehnen",,"Multivitamin, Kreatin, Vit D",,"Gelesen, Bett geteilt, Anderes Bett",,,,,,,,,,,,,,,,,,,,,,,,,
6/22/2023,2023-06-22T18:01:00.000+02:00,Thursday,2023-W25,Regeneration,,86,MS Halle,Halle,🌙 Abend,FALSE,"Aktive Regeneration
3x8min Ruderergometer
Stabiprogramm für den unteren Bauch Dynamisch mit Medball (Springer am Barren)
Hürdenkoordi + 5x5 Hürdensprünge
8 x 3kg Kugelschocken",71,98,9.7,,,,,,Allergie,,,,,,,,,,,,2c955485-caa7-80ee-9ebb-e211fa906489,"Libido, Physio, Outdoor-Time, Dehnen",,"Multivitamin, Kreatin, Vit D",Beziehungsstress,"Gelesen, Bett geteilt, Anderes Bett",,,,,,,,,,,,,,,,,,,,,,,,,
6/21/2023,2023-06-21T18:14:00.000+02:00,Wednesday,2023-W25,Sprint,,87,Münster,,🌙 Abend,FALSE,Technik - Staffel,52,82,9.3,,,,,,Allergie,,,,,,,,,,,,2c955485-caa7-8042-9a26-d3b38c19dcef,Outdoor-Time,,"Multivitamin, Probiotika, Kreatin, Vit D",Beziehungsstress,Gelesen,80.9,12.7,,,,,,,,,,,,,,,,,,,,,,,
6/20/2023,2023-06-20T17:47:00.000+02:00,Tuesday,2023-W25,"Kraft, Sprint",,123,MS Halle,,☀️ Nachmittag,FALSE,"Starts - 15m/15m/30m/30m
Kraft 2/2/1/1 80kg
Umsetzen (einb.- Springer)
4x3 Schiabaki (je Seite)",78,100,12.9,,,,,,Allergie,,,,,,,,,,,,2c955485-caa7-804f-baad-f2e2dfe9ea8e,"Physio, Outdoor-Time",,Probiotika,Beziehungsstress,"Bett geteilt, Anderes Bett, Schlafmaske",,,,,,,,,,,,,,,,,,,,,,,,,
6/19/2023,2023-06-19T18:14:00.000+02:00,Monday,2023-W25,Regeneration,,91,Münster,,🌙 Abend,FALSE,"Easy-Runs 4x3 Rasendiagonale - LP: Gehen/ SP: 8min (aktiv Mobi)
Bauchrolle 3x6
3x2 Beuger-Exzentrisch (Mit Zusatz)
Adduktor 3x3 mit Zusatz
Hürdenkordi (Mobility)",93,92,10.5,,,,,,Allergie,,,,,,,,,,,,2c955485-caa7-8096-b048-ff57e4fa82c4,"Libido, Outdoor-Time, Dehnen",,"Multivitamin, Kreatin, Vit D",,"Bett geteilt, Anderes Bett, Schlafmaske",,,,,,,,,,,,,,,,,,,,,,,,,
6/18/2023,2023-06-18,Sunday,2023-W25,Wettkampf,,0,Essen,,,FALSE,Weit: 7.76m +0.2m/s,72,89,12.4,,,,,,Allergie,,,,,,7.76,,,,,,2c955485-caa7-8098-841e-ccb0969ed893,"Outdoor-Time, Dehnen",,"Koffein, Probiotika","Freunde, Reisestress","Late Meal, Bett geteilt, Anderes Bett, Schlafmaske",,,,,,,,,,,,,,,,,,,,,,,,,
6/17/2023,2023-06-17T14:02:00.000+02:00,Saturday,2023-W24,Auftakt,,57,MS Halle,,☀️ Nachmittag,FALSE,,54,100,12,,,,,,Allergie,,,,,,,,,,,,2c955485-caa7-8021-9c69-ded2b1c605c1,"Outdoor-Time, Libido, Dehnen",,"Multivitamin, Kreatin, Vit D",,Gelesen,80.55,12.8,,,,,,,,,,,,,,,,,,,,,,,
6/16/2023,2023-06-16,Friday,2023-W24,Frei,,0,,,,FALSE,,93,100,10.9,,,,,,Allergie,,,,,,,,,,,,2c955485-caa7-80d3-b1e9-c022d550a19b,"Dehnen, Lympho, Outdoor-Time, Libido",,Magnesium,,"Gelesen, Bett geteilt, Anderes Bett",,,,,,,,,,,,,,,,,,,,,,,,,
6/15/2023,2023-06-15T18:05:00.000+02:00,Thursday,2023-W24,Sprung,,111,MS Halle,,🌙 Abend,FALSE,"2-4 Anlaufkontrollen (Hütchenläufe)
1-2 Druchspringen (je nach Befinden)
oder 2-4 x 6er Sprunglauf in Grube",50,85,11.1,,,,,,Allergie,,,,,,,,,,,,2c955485-caa7-80e4-9c61-f56854aa91db,"Dehnen, Lympho, Physio, Outdoor-Time",,Kreatin,Beziehungsstress,"Late Meal, Bett geteilt",,,,,,,,,,,,,,,,,,,,,,,,,
6/14/2023,2023-06-14T18:16:00.000+02:00,Wednesday,2023-W24,Regeneration,,93,Münster,,🌙 Abend,FALSE,"Regeneration Aktiv
4x2x Rasendia's
3x 5 Baurolle / Aufroller / Stabi mit Medball
Hürdenkordi",77,88,10,,,,,,Allergie,,,,,,,,,,,,2c955485-caa7-8012-9624-e4670e8098c9,"Dehnen, Libido, Outdoor-Time",,"Multivitamin, Kreatin, Vit D",Beziehungsstress,Late Meal,81.8,13,,,,,,,,,,,,,,,,,,,,,,,
6/13/2023,2023-06-13T19:41:00.000+02:00,Tuesday,2023-W24,"Kraft, Sprung",,98,MS Halle,Halle,🌙 Abend,FALSE,"Sprünge Negativ aus 7 Schritt
Freie Sprünge aus 9 Schritt
Trapbar 3x2 140/170/180kg",68,97,10.7,,,,,,Allergie,,,,192,,,,,,,,2c955485-caa7-8051-b373-e2d6ede46efd,"Physio, Outdoor-Time",,"Multivitamin, Kreatin, Vit D",,"Late Meal, Bett geteilt, Anderes Bett, Schlafmaske",,,,,,,,,,,,,,,,,,,,,,,,,
6/12/2023,2023-06-12T18:41:00.000+02:00,Monday,2023-W24,Kraft,,124,MS Halle,Halle,🌙 Abend,FALSE,"2x40m ZWL (1080)
2kg auf 4kg
1x 50m Technischer Lauf
SL Umsetzen 3x2 70/80/90kg
Aufsteiger negativ /2/2/2 90/80/90kg
3x2x4 Hürden Mini-Takeoff",95,100,11.9,,,,,,Allergie,,96,,,,,,,,,,2c955485-caa7-80db-a04c-fae8092e79d6,"Dehnen, Libido, Outdoor-Time",,"Multivitamin, Kreatin, Vit D",,"Gelesen, Bett geteilt, Anderes Bett",,,,,,,,,,,,,,,,,,,,,,,,,
6/11/2023,2023-06-11,Sunday,2023-W24,Frei,,0,,,,FALSE,,83,100,6.2,,,,,,Allergie,,,,,,,,,,,,2c955485-caa7-80fb-b396-f790c5bb46c6,"Outdoor-Time, Verdauungsspaziergang",,,,"Late Meal, Bett geteilt, Anderes Bett",,,,,,,,,,,,,,,,,,,,,,,,,
6/10/2023,2023-06-10T19:02:00.000+02:00,Saturday,2023-W23,Kraft,,129,MS Halle,,🌙 Abend,FALSE,"5 x Anlaufkontrolle
120m
Trapbar-Sprünge 3x3 50kg
SL RDL mit Auftakt 3x3 40kg",75,95,12.4,,,,,,Allergie,,,,,,,,,,,,2c955485-caa7-8008-a444-d49c7c4aa432,"Libido, Outdoor-Time, Dehnen, Kalte Dusche",,"Multivitamin, Kreatin, Vit D","Freunde, Reisestress",Gelesen,81.35,13,,,,,,,,,,,,,,,,,,,,,,,
6/9/2023,2023-06-09T17:50:00.000+02:00,Friday,2023-W23,,,70,MS Halle,,☀️ Nachmittag,FALSE,"Hürdenkoordi (30min)
Athletik dynamisch
Fokus Core und seitliche Rotation
4x6 Hürdensprünge
8x Kugelschocken Front",84,96,8.4,,,,,,Allergie,,,,,,,,,,,,2c955485-caa7-80df-87c5-f189bfe7ad53,"Meditation, Outdoor-Time, Dehnen, Kalte Dusche",,,,Late Meal,81.75,13,,,,,,,,,,,,,,,,,,,,,,,
6/8/2023,2023-06-08T18:40:00.000+02:00,Thursday,2023-W23,,,146,MS Halle,,🌙 Abend,FALSE,"2x60m ZUL
2x80m In&Out (25/10/20/10/15)
6x4 Hürdensprünge 

ODER

3x3 Hürden Take-Off
3x4er Sprunglauf in Grube
4x60m easy Run's (in TS)",92,100,10.5,,,,,,Allergie,,,,,,,,,,,,2c955485-caa7-8055-a028-f2bd5812266b,"Outdoor-Time, Verdauungsspaziergang, Libido, Kalte Dusche",,"Multivitamin, Kreatin, Vit D",,"Bett geteilt, Anderes Bett",,,,,,,,,,,,,,,,,,,,,,,,,
6/7/2023,2023-06-07T17:05:00.000+02:00,Wednesday,2023-W23,Kraft,,81,MS Halle,Halle,☀️ Nachmittag,FALSE,"SL Umsetzen 4x2 90/100/105/110kg
Hip-Thrust 4x2 130/150/170/170kg’
4x2x4er-Hop in Grube
1/4-Kniebeuge schnell mit Gummi 3x4 80kg
Kugelschocken 3x4 4kg
3x8er Sprunglauf",75,99,12.3,,,,,,Allergie,,,181.3,,,,,,,,,2c955485-caa7-8026-9959-c698f8b4cc9c,"Outdoor-Time, Dehnen",,"Multivitamin, Kreatin, Vit D",,,81.1,12.9,,,,,,,,,,,,,,,,,,,,,,,
6/6/2023,2023-06-06T18:08:00.000+02:00,Tuesday,2023-W23,Sprint,ZWL,120,MS Halle,,🌙 Abend,FALSE,"3x40m ZWL von 2 auf 5 kg bei 7,8 m/s
2 x ( 60m) Techniklauf Hütchen (arme Vorhalte)
2 x 60m Frei (technisch)",83,100,11.9,,,,,,Allergie,,,,,,,,,,,,2c955485-caa7-80d6-aa27-ce1f993bd020,"Outdoor-Time, Libido, Dehnen",,"Multivitamin, Kreatin, Vit D",,"Bett geteilt, Anderes Bett",,,,,,,,,,,,,,,,,,,,,,,,,
6/5/2023,2023-06-05T17:35:00.000+02:00,Monday,2023-W23,,,79,Münster,,☀️ Nachmittag,FALSE,"Easy Runs
3x4 Rasendiagonale (in TS 60%) (LP: lange Gerade Gehpause (1,5 min) / SP: 5min aktiv Mobility)
Athletik mit Medball - Dynamisch ( 30min)",72,100,11.7,,,,,,Allergie,,,,,,,,,,,,2c955485-caa7-80f7-873c-ce1e30893c73,Outdoor-Time,,"Multivitamin, Kreatin, Vit D",,"Bett geteilt, Anderes Bett",,,,,,,,,,,,,,,,,,,,,,,,,
6/4/2023,2023-06-04,Sunday,2023-W23,Frei,,0,,,,FALSE,,80,85,5.8,,,,,,Allergie,,,,,,,,,,,,2c955485-caa7-80c6-a531-e3b0d86c4b52,"Libido, Outdoor-Time",,,"Freunde, Reisestress","Late Meal, Bett geteilt, Anderes Bett",,,,,,,,,,,,,,,,,,,,,,,,,
6/3/2023,2023-06-03,Saturday,2023-W22,Wettkampf,,0,Regensburg,,,FALSE,Weit: 7.76m +0.0m/s,50,100,8.4,,,,,,Allergie,,,,,,7.76,,,,,,2c955485-caa7-8068-b76f-f579e83a7c4e,"Outdoor-Time, Dehnen",,Koffein,Freunde,"Late Meal, Bett geteilt, Anderes Bett",,,,,,,,,,,,,,,,,,,,,,,,,
6/2/2023,2023-06-02T12:20:00.000+02:00,Friday,2023-W22,Auftakt,,50,MS Halle,,🌅 Vormittag,FALSE,,51,98,12.3,,,,,,,,,,,,,,,,,,2c955485-caa7-8069-9546-c3c10f3301da,"Meditation, Outdoor-Time, Dehnen",,,"Freunde, Reisestress",Gelesen,80.8,12.8,,,,,,,,,,,,,,,,,,,,,,,
6/1/2023,2023-06-01,Thursday,2023-W22,Frei,,0,,,,FALSE,,93,100,5.1,,,,,,,,,,,,,,,,,,2c855485-caa7-8011-8eb7-df3125fa1ef6,"Dehnen, Libido, Physio",,,Beziehungsstress,"Bett geteilt, Anderes Bett",,,,,,,,,,,,,,,,,,,,,,,,,
5/31/2023,2023-05-31T18:07:00.000+02:00,Wednesday,2023-W22,Sprung,,52,Münster,,🌙 Abend,FALSE,3x3 Hürden takeoff (3er) - Abstand 24-26F.,78,100,7.2,,,,,,,,,,,,,,,,,,2c755485-caa7-802c-afed-e907bbe2aaa8,"Libido, Outdoor-Time, Dehnen",,,,,80.15,12,,,,,,,,,,,,,,,,,,,,,,,
5/30/2023,2023-05-30T18:14:00.000+02:00,Tuesday,2023-W22,Kraft,,96,MS Halle,Halle,🌙 Abend,FALSE,"Aufsteiger negativ 3x2 80/80/90kg
Tscherbakis 3x3
RDL 3x2 130/130/120kg
3x15m Straighleg mit Schlitten (10-15kg) - Frequent bei 10m Anlauf
SL Umsetzen 3x4 70/80/80kg
3x2x8er Sprunglauf (2. mit Anlauf 10m)
3x60m Technisch Steigern bis 70-80% in TS",92,100,11.7,,,,,,,,96,,,,,,,,,,2c755485-caa7-803b-8e04-f71ee1873e2b,Outdoor-Time,,"Multivitamin, Kreatin, Kurkuma, Vit D",,"Bett geteilt, Anderes Bett",,,,,,,,,,,,,,,,,,,,,,,,,
5/29/2023,2023-05-29T17:30:00.000+02:00,Monday,2023-W22,Sprint,ZWL,98,MS Halle,,☀️ Nachmittag,FALSE,"3x 70m technisch (1080? 3kg)
3x Hütchen Technisch (Gewichtsweste Gelb)",94,100,13.5,,,,,,,,,,,,,,,,,,2c755485-caa7-803e-a4b0-ec85dad4a1b8,"Libido, Outdoor-Time, Verdauungsspaziergang",,"Multivitamin, Kreatin, Vit D, Kurkuma",Freunde,"Anderes Bett, Bett geteilt",,,,,,,,,,,,,,,,,,,,,,,,,
5/28/2023,2023-05-28,Sunday,2023-W22,Frei,,0,,,,FALSE,,92,74,7.9,,,,,,Allergie,,,,,,,,,,,,2c755485-caa7-8015-9d87-ff4e8c9a7a7b,"Libido, Outdoor-Time",,,,,,,,,,,,,,,,,,,,,,,,,,,,,
5/27/2023,2023-05-27T19:41:00.000+02:00,Saturday,2023-W21,Wettkampf,,24,Weinheim,,🌙 Abend,FALSE,Weit: 7.79m +1.2m/s,59,98,13.3,,,,,,,,,,,,7.79,,,,,,2c755485-caa7-80c3-8c7f-e81a2c5477b3,"Outdoor-Time, Dehnen",,Koffein,"Freunde, Reisestress","Anderes Bett, Bett geteilt",,,,,,,,,,,,,,,,,,,,,,,,,
5/26/2023,2023-05-26,Friday,2023-W21,Auftakt,,0,Münster,,,FALSE,,56,100,11,,,,,,Allergie,,,,,,,,,,,,2c755485-caa7-8016-bbff-ee8aa5770a88,"Dehnen, Outdoor-Time",,,"Beziehungsstress, Reisestress",Gelesen,80.15,12.8,,,,,,,,,,,,,,,,,,,,,,,
5/25/2023,2023-05-25,Thursday,2023-W21,Frei,,0,,,,FALSE,,84,100,5.3,,,,,,,,,,,,,,,,,,2c755485-caa7-8071-bf20-c41074e0649e,"Dehnen, Physio, Libido, Outdoor-Time",,,,"Anderes Bett, Bett geteilt",,,,,,,,,,,,,,,,,,,,,,,,,
5/24/2023,2023-05-24,Wednesday,2023-W21,Regeneration,,0,MS Halle,,,FALSE,"3x3 Rasendiagonale mit Staffelstab
Athletik (20min)
Inkl. Bauchrolle 4x6",81,100,10.2,,,,,,,,,,,,,,,,,,2c755485-caa7-8001-8b09-c4791e642933,"Lympho, Outdoor-Time, Dehnen",,,,"Gelesen, Bett geteilt, Anderes Bett",,,,,,,,,,,,,,,,,,,,,,,,,
5/23/2023,2023-05-23T16:31:00.000+02:00,Tuesday,2023-W21,"Sprung, Kraft",,106,MS Halle,,☀️ Nachmittag,FALSE,"3 x 3er Take-off über Hütchen + Landung (5er/5er/7er)
Aufsteiger Negativ 3x2 70/80kg",59,100,12.8,,,,,,,,85.3,,,,,,,,,,2c755485-caa7-8014-b72c-d8abada325cf,"Dehnen, Lympho, Libido, Physio",,"Multivitamin, Kreatin, Vit D",,Schlafmaske,81.05,12.9,,,,,,,,,,,,,,,,,,,,,,,
5/22/2023,2023-05-22T18:08:00.000+02:00,Monday,2023-W21,Sprint,,66,Münster,,🌙 Abend,FALSE,"2x 40m ZWL (aus Block) (1080 5kg)
2x 22 Hütchen Technisch ",72,100,11.2,,,,,,,,,,,,,,,,,,2c755485-caa7-80fa-9652-df55484c4d80,"Lympho, Meditation, Outdoor-Time, Dehnen",,"Multivitamin, Kreatin, Vit D",,"Anderes Bett, Bett geteilt",,,,,,,,,,,,,,,,,,,,,,,,,
5/21/2023,2023-05-21,Sunday,2023-W21,Frei,,0,,,,FALSE,,96,100,5,,,,,,Allergie,,,,,,,,,,,,2c755485-caa7-8072-940a-cacca9cbed31,"Libido, Physio, Outdoor-Time, Dehnen",,,,"Bett geteilt, Anderes Bett",,,,,,,,,,,,,,,,,,,,,,,,,
5/20/2023,2023-05-20,Saturday,2023-W20,Frei,,0,,,,FALSE,,81,93,7.8,,,,,,Allergie,,,,,,,,,,,,2c755485-caa7-803f-bfa3-f39f435cf50d,"Outdoor-Time, Dehnen",,Koffein,Freunde,,80.85,12.8,,,,,,,,,,,,,,,,,,,,,,,
5/19/2023,2023-05-19,Friday,2023-W20,Frei,,0,,,,FALSE,,30,53,5.6,,,,,,Krank,,,,,,,,,,,,2c755485-caa7-801e-9b15-ecbc7f57f1ca,"Libido, Outdoor-Time",,"Multivitamin, Kreatin, Vit D",,"Bett geteilt, Anderes Bett",80.1,12.7,,,,,,,,,,,,,,,,,,,,,,,
5/18/2023,2023-05-18T12:37:00.000+02:00,Thursday,2023-W20,Wettkampf,,121,Darmstadt,,🌅 Vormittag,FALSE,"100m VL: 10.67s -1.0m/s
100m EL: 10.56s +1.2m/s
Weit: 7.78m +1.8m/s",51,86,16.7,,,,,,,,,,,,7.78,,,,,10.56,2c755485-caa7-8063-b73a-d98672b2c297,"Outdoor-Time, Dehnen",,Koffein,"Freunde, Reisestress",Anderes Bett,,,,,,,,,,,,,,,,,,,,,,,,,
5/17/2023,2023-05-17,Wednesday,2023-W20,Auftakt,,0,MS Halle,,,FALSE,,63,93,10.4,,,,,,,,,,,,,,,,,,2c755485-caa7-8041-b666-c4233f27c098,Dehnen,,,"Reisestress, Freunde",,82.2,13.1,,,,,,,,,,,,,,,,,,,,,,,
5/16/2023,2023-05-16,Tuesday,2023-W20,Frei,,0,,,,FALSE,,67,94,6.7,,,,,,,,,,,,,,,,,,2c755485-caa7-8073-8d7b-df1e1b7bbb5e,Dehnen,,,,Gelesen,80.95,12.9,,,,,,,,,,,,,,,,,,,,,,,
5/15/2023,2023-05-15T18:20:00.000+02:00,Monday,2023-W20,Kraft,,83,MS Halle,,🌙 Abend,FALSE,"Aufsteiger 3/2/2 negativ 70/80/90kg
3x3er Take-Off Hütchen",69,84,13.5,,,,,,,,96,,,,,,,,,,2c755485-caa7-80ce-9e14-de2bb499969e,"Lympho, Libido, Outdoor-Time, Kalte Dusche, Meditation",,,,"Bett geteilt, Anderes Bett",82.45,13.1,,,,,,,,,,,,,,,,,,,,,,,
5/14/2023,2023-05-14,Sunday,2023-W20,Frei,,0,,,,FALSE,,80,99,5.9,,,,,,,,,,,,,,,,,,2c755485-caa7-8019-852f-f2761916f437,"Lympho, Outdoor-Time",,Kreatin,,"Bett geteilt, Anderes Bett",,,,,,,,,,,,,,,,,,,,,,,,,
5/13/2023,2023-05-13T10:08:00.000+02:00,Saturday,2023-W19,"Sprint, Sprung","Anlauf, Tempos",98,MS Halle,,🌅 Vormittag,FALSE,"3-4 Anlaufkontrollen
2x120m
Lp: 14min",86,100,12.5,,,,,,,,,,,,,,,,,,2c755485-caa7-8048-b0d4-f18e211f0880,"Lympho, Libido, Outdoor-Time",,"Multivitamin, Kreatin",,"Bett geteilt, Anderes Bett",,,,,,,,,,,,,,,,,,,,,,,,,
5/12/2023,2023-05-12T17:25:00.000+02:00,Friday,2023-W19,,,99,MS Halle,,☀️ Nachmittag,FALSE,"3x3 Umsetzen einb.
3x2 Kugelschocken (4kg)
3x2 einbeinsprünge in Grube mit Anlauf (nicht Sprungbein)
3x3 Wade an Beinpresse
3x3 Dropsjump (30-40cm höhe)
3x30m ZWL Straightleg
3x30m technisch",73,94,8.3,,,,,,,,,,,,,,,,,,2c755485-caa7-80fc-981c-c50e932226f6,"Libido, Outdoor-Time, Dehnen",,"Multivitamin, Kreatin",,,81.45,12.9,,,,,,,,,,,,,,,,,,,,,,,
5/11/2023,2023-05-11,Thursday,2023-W19,,,0,MS Halle,,,FALSE,"Starts 20m/25m/30m/30m 
Kraft 3x3 ",,,11.7,,,,,,,,,,,,,,,,,,29f55485-caa7-8027-a9aa-f0cbbe39c0ed,"Physio, Dehnen, Kalte Dusche",,"Multivitamin, Kreatin",,"Bett geteilt, Schlafmaske",81.45,13,,,,,,,,,,,,,,,,,,,,,,,
5/10/2023,2023-05-10,Wednesday,2023-W19,Regeneration,,0,MS Halle,,,FALSE,"3x3 Beuger exzentrisch mit Zusatz 
Bauchrolle 
Hürdenkoordi 
3x3x5 Hürdensprünge 
Stabi ",,,,,,,,,Muskelkater,,,,,,,,,,,,2c855485-caa7-8084-922f-d39976f6d68d,"Outdoor-Time, Blackroll",,Magnesium,Beziehungsstress,,81.8,12.9,,,,,,,,,,,,,,,,,,,,,,,
5/9/2023,2023-05-09,Tuesday,2023-W19,Sprint,,0,MS Halle,,,FALSE,"3x3 50m Hütchen + 10m Anlauf (Abstand 7,5F.) Medball in Vorhalte 
Lp: 2 min Sp: 12min
3x3 Aufsteiger negativ",,,,,,,,,,,0,,,,,,,,,,33955485-caa7-809e-ba97-d0827914b0cb,,,,,,81.8,13.1,,,,,,,,,,,,,,,,,,,,,,,
5/8/2023,2023-05-08,Monday,2023-W19,,,0,MS Halle,,,FALSE,"3x5 min Dauerlauf 
2x3x90m progressiv (60%-80%) auf dem Rasen 
Kraft 3x3 Umsetzen ",,,,,,,,,,,,,,0,,,,,,,35a55485-caa7-800c-811f-cec8b26fea10,,,,,,,,,,,,,,,,,,,,,,,,,,,,,,
5/7/2023,2023-05-07,Sunday,2023-W19,Wettkampf,,0,Hamburg,,,FALSE,Weit: 7.68m -0.2m/s,,,,,,,,,Achilles L,,,,,,7.68,,,,,,2cb55485-caa7-80b4-876a-d0bd9b65579f,,,,,,,,,,,,,,,,,,,,,,,,,,,,,,
5/6/2023,2023-05-06,Saturday,2023-W18,Wettkampf,,0,Waltrop,,,FALSE,100m: 10.81s -0.4m/s,65,100,10,,,,,,Achilles L,,,,,,,,,,,10.81,35855485-caa7-80c2-9212-ecdacc76dfde,"Meditation, Outdoor-Time, Lympho, Libido, Dehnen",,"Magnesium, Multivitamin, Kreatin, Omega-3, Vit D",,,,,,,,,,,,,,,,,,,,,,,,,,,
5/5/2023,2023-05-05,Friday,2023-W18,Auftakt,,0,MS Halle,,,FALSE,,,,,,,,,,,,,,,,,,,,,,35755485-caa7-809d-a96e-e242f2c88a06,,,,,,82.5,13,,,,,,,,,,,,,,,,,,,,,,,
5/4/2023,2023-05-04,Thursday,2023-W18,Frei,,0,,,,FALSE,,,,,,,,,,,,,,,,,,,,,,35655485-caa7-8016-96e0-d8841a9a5704,,,,,,81.95,12.9,,,,,,,,,,,,,,,,,,,,,,,
5/3/2023,2023-05-03,Wednesday,2023-W18,Sprint,Start,0,MS Halle,,,FALSE,"Starts
20m/30m/20m/40m",,,,,,,,,,,,,,,,,,,,,35555485-caa7-8038-a7cd-c9fbc7d343bc,,,,,,81.95,13,,,,,,,,,,,,,,,,,,,,,,,
5/2/2023,2023-05-02,Tuesday,2023-W18,Kraft,,0,MS Halle,Halle,,FALSE,"Kraft 3x3
Aufsteiger negativ + 2 Stufen 
3x2x3 Drop-Jump + 2 Hürden 
Hiptrust 
3x6er Sprunglauf 
Reißen 
3x3 Kastendurchsprünge
3x60m steigern (bis 80%)",,,,,,,,,,,0,0,,,,,,,,,35455485-caa7-8089-91ec-d42515488663,,,,,,81.95,13.2,,,,,,,,,,,,,,,,,,,,,,,
5/1/2023,2023-05-01,Monday,2023-W18,,,0,MS Halle,,,FALSE,,,,,,,,,,,,,,,,,,,,,,35355485-caa7-804f-8bd5-cd10181bebe0,,,,,,,,,,,,,,,,,,,,,,,,,,,,,,
4/30/2023,2023-04-30,Sunday,2023-W18,Frei,,0,,,,FALSE,,,,,,,,,,,,,,,,,,,,,,35255485-caa7-806f-97f7-fbe4796cb4d0,,,,,,,,,,,,,,,,,,,,,,,,,,,,,,
4/29/2023,2023-04-29,Saturday,2023-W17,Tempos,"Anlauf, Tempos",0,MS Halle,,,FALSE,"4x Anlaufkontrolle
2x120m 
Lp:12min 
2x80m 
Lp: 8min",,,,,,,,,,,,,,,,,,,,,35155485-caa7-80e0-b154-c7c8f153208a,,,,,,82.2,13,,,,,,,,,,,,,,,,,,,,,,,
4/28/2023,2023-04-28,Friday,2023-W17,Sprint,,0,MS Halle,,,FALSE,"Hütchenarbeit (12 Hütchen)
2x2 Kontakte Stehen (je Seite)
3x3 Kontakte Stehen
3x einbeinig betont (12-14 F.)
Straightleg mit Schlitten
4x30m (7,5kg/10kg/15kg) in 15m freien Lauf
3x50m (20m Straight/ 15m Frei / 15m Straight)",,,,,,,,,,,,,,,,,,,,,35055485-caa7-801b-b2b6-fd2e57ba42b7,,,,,,82.45,13.1,,,,,,,,,,,,,,,,,,,,,,,
4/27/2023,2023-04-27,Thursday,2023-W17,Sprung,,0,,,,FALSE,"2x8er Erhöht
2x8er negativ
4x13er 
3x3 Aufsteiger",,,,,,,,,,,0,,,,,,,,,,34f55485-caa7-8034-a213-cef1ed212867,,,,,,,,,,,,,,,,,,,,,,,,,,,,,,
4/26/2023,2023-04-26,Wednesday,2023-W17,Regeneration,,0,MS Halle,,,FALSE,"5x2 Rasendia's locker
3x30m Betontes Gehen Umlenkrolle (20-30kg)
Hürdenkoordi (20min)
Athletik (Hantelrolle,...)
Mobility",,,,,,,,,,,,,,,,,,,,,34e55485-caa7-80b3-8504-fa57cce45b3e,,,,,,81.95,13,,,,,,,,,,,,,,,,,,,,,,,
4/25/2023,2023-04-25,Tuesday,2023-W17,Kraft,,0,MS Halle,,,FALSE,"Kraft 4x3
Umsetzen 4x3
Kastendurchsprünge
Einb. Kreuzheben mit Auftakt
4x20m Straightleg
Kniebeuge einb. mit Auftakt
4x2x4 Hürdensprünge
Adduktor mit Zusatz (Exzentrisch-explosiv)
Klimmzug 3 x max.
4x 12 sek Armarbeit",,,,,,,,,,,,,,0,,,,,,,34d55485-caa7-804a-afdf-c0d2a937f670,,,,,,82.4,13.1,,,,,,,,,,,,,,,,,,,,,,,
4/24/2023,2023-04-24,Monday,2023-W17,"Sprint, Sprung, Kraft",,0,MS Halle,,,FALSE,"2x40m ZWL (10kg)
6-8 Absprünge aus 10 Schritt
3x4 Beuger exzentrisch ",,,,,,,,,,,,,,,,,,,,,34c55485-caa7-8083-9e88-e29813e5c401,,,,,,,,,,,,,,,,,,,,,,,,,,,,,,
4/23/2023,2023-04-23,Sunday,2023-W17,Frei,,0,MS Halle,,,FALSE,,,,,,,,,,,,,,,,,,,,,,34b55485-caa7-8094-aab0-ce5aeb9cf6fc,,,,,,,,,,,,,,,,,,,,,,,,,,,,,,
4/22/2023,2023-04-22,Saturday,2023-W16,"Sprint, Sprung","Anlauf, Tempos",0,MS Halle,,,FALSE,"Zur Erwärmung: Kleines Pfadspiel
5x Anlaufkontrolle (-2 Schritt)
3x 80m/30m (Lp:10sek/ Sp: 11min)",,,,,,,,,,,,,,,,,,,,,34a55485-caa7-805f-9e02-e3a692022046,,,,,,83,13.3,,,,,,,,,,,,,,,,,,,,,,,
4/21/2023,2023-04-21,Friday,2023-W16,"Regeneration, Sprung","Koordination, Plyos",0,MS Halle,,,FALSE,"2x 6 Hürden Hürdenkoordi (10-15min) + Tapping
Aufsteiger 4x4 (je Seite)
6 Grüne Kastenteile
2x3 Durchgänge Beidb. (Abstand 4 Fuß)
2x3 Durchgänge Einb. (Abstand 4 Fuß)
2x4 Sprunglauf (je Seite - Abstand 6-8 F.)
Auslaufen 4x2 Rasenkreuze ",,,,,,,,,,,0,,,,,,,,,,34955485-caa7-8084-87d5-cacab64be43a,,,,,,82.4,13.3,,,,,,,,,,,,,,,,,,,,,,,
4/20/2023,2023-04-20,Thursday,2023-W16,,,0,MS Halle,,,FALSE,"3x15m Pushbull (70%)
4x40m ZWL Straightleg (7,5kg-12,5kg)
2x20m Straightleg in den Freien Lauf
Springer
4x Ausgleichssprünge Steigesprüge mit nicht-Sprungbein über 4 Hürden (Absprung- = Landebein)
Kraft 4x4
Hiptrust / Umsetzen einb.
4x4 Hürdensprünge",,,,,,,,,,,,0,,,,,,,,,34855485-caa7-8036-abfb-e052f19078bf,,,,,,82.75,13.2,,,,,,,,,,,,,,,,,,,,,,,
4/19/2023,2023-04-19,Wednesday,2023-W16,Sprung,,0,MS Halle,,,FALSE,"3x8er Erhöht
3x8er negativ
Pause 
4x12er Durchspringen
3x4 Hürdensprünge einbein.",,,,,,,,,,,,,,,,,,,,,34755485-caa7-800e-a700-c95c9dcd4585,,,,,,83.75,13.3,,,,,,,,,,,,,,,,,,,,,,,
4/18/2023,2023-04-18,Tuesday,2023-W16,Regeneration,,0,MS Halle,,,FALSE,"Hürdenkoordi (30 min)
4x6 Hürdenübersteiger (je Seite)
Hürde Drüber und Drunter
4x20m Straightleg
Stabi mit Medball am Kasten
6x4 Medball Schocken
3x4 Ablaufsprünglaufe je Seite",,,,,,,,,,,,,,,,,,,,,34755485-caa7-8059-9541-c9f34d11daa7,,,,,,83.3,13.3,,,,,,,,,,,,,,,,,,,,,,,
4/17/2023,2023-04-17,Monday,2023-W16,Sprint,ZWL,0,MS Halle,,,FALSE,"4x8er Sprunglauf mit Schlitten (10kg)
4x30m (1080) Mit 8kg ohne laständerung
2x20 m frei aus Kurve
Ablaufsprunglauf 4x6er
4x3 Kniebeuge einbeinig mit Auftakt
4x2x4 Hürdensprünge ",,,,,,,,,,,,,,,,,,,,,34555485-caa7-8095-9421-db977dbedb82,,,,,,,,,,,,,,,,,,,,,,,,,,,,,,
4/16/2023,2023-04-16,Sunday,2023-W16,Frei,,0,,,,FALSE,,,,,,,,,,,,,,,,,,,,,,34455485-caa7-80d5-9f84-c1a3f3925d3a,,,,,,,,,,,,,,,,,,,,,,,,,,,,,,
4/15/2023,2023-04-15,Saturday,2023-W15,Frei,,0,,,,FALSE,,,,,,,,,,,,,,,,,,,,,,34355485-caa7-8067-b2f1-c1debaa2af64,,,,,,83.3,13.1,,,,,,,,,,,,,,,,,,,,,,,
4/14/2023,2023-04-14,Friday,2023-W15,Frei,,0,,,,FALSE,,,,,,,,,,,,,,,,,,,,,,34255485-caa7-8034-95a9-feaa654c8981,,,,Reisestress,,,,,,,,,,,,,,,,,,,,,,,,,,
4/13/2023,2023-04-13,Thursday,2023-W15,,,0,Carvoeiro,,,FALSE,"Staffel-Warm-up
3x110m (Lp:13 min)
3x70/40 (Lp:1min / Sp: 10min)",,,,,,,,,,,,,,,,,,,,,34155485-caa7-80ae-a8cf-c068743ea29e,"Outdoor-Time, Urlaub",,,,,,,,,,,,,,,,,,,,,,,,,,,,,
4/12/2023,2023-04-12,Wednesday,2023-W15,"Sprint, Sprung","Koordination, Absprung",0,Carvoeiro,,,FALSE,"1. Einheit: Hütchenarbeit Auf rasen
2. Einheit: Staffel zur Erwärmung
Hütchenläufe
Sprünge aus 8er / 10er / 12er ",,,,,,,,,,,,,,,,,,,,,34055485-caa7-800b-b7e3-c273f0c4cec3,"Outdoor-Time, Urlaub",,,,,,,,,,,,,,,,,,,,,,,,,,,,,
4/11/2023,2023-04-11,Tuesday,2023-W15,Kraft,,0,Carvoeiro,,,FALSE,"Aufsteiger 4x3
4x5 Treppensprünge Beidb.
Kreuzheben einb. 4x3
4x2x6er Sprunglauf Berg ab 
Umsetzen 4x3
4x5 Einbeinsprünge je Seite Berg auf
4x6 Butterfly Reverse
4x6 Klimmzüge
Hiptrust 4x3
4x4 Dropjumps
Adduktor mit Zusatz 4x3
Beuger exzentrisch mit Zusatz 4x3",,,,,,,,,,,0,0,,0,,,,,,,33f55485-caa7-800d-b861-c5c33f3b7cbc,"Outdoor-Time, Urlaub",,,,,,,,,,,,,,,,,,,,,,,,,,,,,
4/10/2023,2023-04-10,Monday,2023-W15,Sprint,"Start, ZWL, Absprung",0,Carvoeiro,,,FALSE,"1. Einheit Technik Starts
2x15m
3x30m

2. Einheit Sprung
4x40m ZWL technisch
4x 10er/12er 
6x4 Hürdensprünge",,,,,,,,,,,,,,,,,,,,,33e55485-caa7-8077-bbf0-d918d93ab78e,"Urlaub, Outdoor-Time",,,,,,,,,,,,,,,,,,,,,,,,,,,,,
4/9/2023,2023-04-09,Sunday,2023-W15,Frei,,0,,,,FALSE,,,,,,,,,,,,,,,,,,,,,,33d55485-caa7-802b-89cd-e199ab154a7e,"Outdoor-Time, Urlaub",,,,,,,,,,,,,,,,,,,,,,,,,,,,,
4/8/2023,2023-04-08,Saturday,2023-W14,"Sprint, Sprung","Anlauf, Tempos",0,Carvoeiro,,,FALSE,"Warm-Up mit Staffel
4x Anlaufkontrolle
120/90/70m ",,,,,,,,,,,,,,,,,,,,,33c55485-caa7-80af-b65a-e75e1aa6193b,"Outdoor-Time, Urlaub",,,,,,,,,,,,,,,,,,,,,,,,,,,,,
4/7/2023,2023-04-07,Friday,2023-W14,,,0,Carvoeiro,,,FALSE,"1. Einheit
Bergeinheit + Athletik/Kraft
Koordi am Berg (Straightleg Berg ab)
6x30m Bergsprints
Kraft 4x4 Wdh.
Hiptrust
Reißen
Athletik
Hantelroller
Medballstabi
2. Einheit
Strandeinheit
Athletik + Dehnen",,,,,,,,,,,,0,,,,,,,,,33b55485-caa7-8067-9468-d65c53c002d5,"Outdoor-Time, Urlaub",,,,,,,,,,,,,,,,,,,,,,,,,,,,,
4/6/2023,2023-04-06,Thursday,2023-W14,"Sprint, Sprung","Start, Absprung",0,Carvoeiro,,,TRUE,"Einheit 1: Staffel-Warm-Up
Starts
2x10m
2x15m
1-3x30m 10-30m Split 2,19s
4x4 Tscherbakis
4x4 Hürdensprünge

Einheit 2: Technik Sprünge",,,,,,,,,,,,,,,,,,,,,33a55485-caa7-80f4-a072-c3df7df9ffa2,"Outdoor-Time, Urlaub",,,,,,,,,,,,,,,,,,,,,,,,,,,,,
4/5/2023,2023-04-05,Wednesday,2023-W14,Kraft,,0,Carvoeiro,,,TRUE,"Reißen 4x4
Treppensprünge bb 4x2x5
SL RDL 4x4
Treppensprünge eb 4x5
Umsetzen 4x4
Sprunglauf bergab 4x2x6
Butterfly Reverse 4x6
Klimmzüge 4x6
Wade exzentrisch 4x4
Pogos bergab 4x2x6
Adduktor mit Zusatz 4x4
Beuger exzentrisch mit Zusatz 4x4",,,,,,,,,,,,,,0,,,,,,,33955485-caa7-809c-ab98-f7d49e3688bc,"Outdoor-Time, Urlaub",,,,,,,,,,,,,,,,,,,,,,,,,,,,,
4/4/2023,2023-04-04,Tuesday,2023-W14,Sprint,,0,,,,FALSE,"1 Einheit:
Technik Lauf / Sprung
Hütchen Koordi
1-2 Kontaktläufe
Straightleg
Minitake-Off
Steigesprünge 

2. Einheit:
ZWL
3x20m betontes Gehen mit umlenkrolle 
2x30m (12,5-17,5kg)
2x50m (7,5kg-12,5kg)
2x45m Frei",,,,,,,,,,,,,,,,,,,,,3c355485-caa7-80da-a95f-c80f793c277e,,,,,,,,,,,,,,,,,,,,,,,,,,,,,,
4/3/2023,2023-04-03,Monday,2023-W14,,,0,Carvoeiro,,,FALSE,"16:30 Uhr Locker am Strand
Staffel",,,,,,,,,,,,,,,,,,,,,3c355485-caa7-80d8-816d-d98c4b91f430,,,,,,,,,,,,,,,,,,,,,,,,,,,,,,
4/2/2023,2023-04-02,Sunday,2023-W14,Frei,,0,,,,FALSE,,,,,,,,,,,,,,,,,,,,,,3c355485-caa7-80b3-a74e-d8d0eaa026b3,,,,,,,,,,,,,,,,,,,,,,,,,,,,,,
4/1/2023,2023-04-01,Saturday,2023-W13,Tempos,,0,,,,FALSE,"TL (Draußen)
3x120m (Lp: 8min Sp:12min)
3x90m (Lp:7min Sp: 10min)
2x3x40m (Lp: 30Sek Sp:8min)",,,,,,,,,,,,,,,,,,,,,3c355485-caa7-8031-bbab-ed47050d8311,,,,,,,,,,,,,,,,,,,,,,,,,,,,,,
3/31/2023,2023-03-31,Friday,2023-W13,Sprint,,0,,,,FALSE,"ZWL
3x15m Push-Bull (70% KöGe)
3x30m (30% KöGe- Brustgurt)
3x40m Frei Technisch (80%)
Sprunglauf 5x12er",,,,,,,,,,,,,,,,,,,,,3c355485-caa7-8041-b7d2-fff0877f3231,,,,,,,,,,,,,,,,,,,,,,,,,,,,,,
3/30/2023,2023-03-30,Thursday,2023-W13,Sprung,,0,,,,FALSE,"Technik
Sprünge
Lauf 
Hürde
Beuger Exzentrisch 5x5
Athletik mit Medball
Aufroller - Hantelrolle ",,,,,,,,,,,,,,,,,,,,,3c355485-caa7-809c-8895-ccaa7d504915,,,,,,,,,,,,,,,,,,,,,,,,,,,,,,
3/29/2023,2023-03-29,Wednesday,2023-W13,Frei,,0,,,,FALSE,,,,,,,,,,,,,,,,,,,,,,3c355485-caa7-80f0-9b93-fca53d4cef79,,,,,,,,,,,,,,,,,,,,,,,,,,,,,,
3/28/2023,2023-03-28,Tuesday,2023-W13,Tempos,,0,,,,FALSE,"Sprintausdauer
3x (150/100/50/30)
LP: 4/2/1 
SP: 10min
10x10 Hürdensprünge",,,,,,,,,,,,,,,,,,,,,3c355485-caa7-8047-9907-c20cb349c0d4,,,,,,,,,,,,,,,,,,,,,,,,,,,,,,
3/27/2023,2023-03-27,Monday,2023-W13,Kraft,,0,,,,FALSE,"Kraft 5x5
Kreuzheben an Wand - Isometrisch
5x2x20 Straightleg 
Kolkov 5x5 (7-Sek)
5x2x6 Froschsprünge über Hürden
Beuger Exzentrisch 5x5",,,,,,,,,,,,,,,,,,,,,3c355485-caa7-808c-99dd-da40b59817ab,,,,,,,,,,,,,,,,,,,,,,,,,,,,,,
3/26/2023,2023-03-26,Sunday,2023-W13,Frei,,0,,,,FALSE,,,,,,,,,,,,,,,,,,,,,,3c355485-caa7-80ad-8c8d-f470036146de,,,,,,,,,,,,,,,,,,,,,,,,,,,,,,
3/25/2023,2023-03-25,Saturday,2023-W12,"Tempos, Kraft",,0,,,,FALSE,"TL/ Kraft
4x (150/100/50/50)
Lp:3/3/1 
Sp:10
5x5 Kreuzheben einb. isometrisch
5x5 Hexabar- Deadlift",,,,,,,,,,,,,,,,,,,,,3c355485-caa7-80a6-a780-dcc4d86aab7b,,,,,,,,,,,,,,,,,,,,,,,,,,,,,,
3/24/2023,2023-03-24,Friday,2023-W12,Sprint,,0,,,,FALSE,"ZWL/ Kraft
5x20m Pushbull (60% KöGe)
5x30m (25% KöGe)
6x10er Sprunglauf mit ZWL (15% KöGe)
5x5 Je Seite Sprünge einbeinig an Kasten
8x10 Hürdensprünge (5,5-6,5F.)",,,,,,,,,,,,,,,,,,,,,3c355485-caa7-80e8-b6ab-f3bf93cc5a01,,,,,,,,,,,,,,,,,,,,,,,,,,,,,,
3/23/2023,2023-03-23,Thursday,2023-W12,Sprint,,0,,,,FALSE,"Technik
Hütchenarbeit",,,,,,,,,,,,,,,,,,,,,3c355485-caa7-8003-a0ea-e81eb7c61a0e,,,,,,,,,,,,,,,,,,,,,,,,,,,,,,
3/22/2023,2023-03-22,Wednesday,2023-W12,Regeneration,,0,,,,FALSE,"Regeneration Aktiv
Umlenkrolle 6x20m betontes Gehen (20-30kg)
Sprintgymnastik (15min)
Hürdenkkordination (30min) 
Inkl. ein Kontakt bei 6 F. Abstand Schungbeinwechsel

6x6 Medballschocken
4x8 Druckpässe
4x8 Schlagwürfe
4x8 Stoßen re/li
4x8 je Seite Twist's
4x2 Runden Kniestandgehen",,,,,,,,,,,,,,,,,,,,,3c355485-caa7-80bd-8a5a-dfaf6aa78dbe,,,,,,,,,,,,,,,,,,,,,,,,,,,,,,
3/21/2023,2023-03-21,Tuesday,2023-W12,Sprint,,0,,,,FALSE,"ZWL
6x15m Pushbull (80% KöGe)
6x25m ZWL (50% KöGe)
2x3x40m Frei - Technisch (70%)
6x12 Squadjumps seitlich 
4 x 6 (je Seite) Einbeinsprünge in Vorlage über grüne Hürden
8x8er Luki's über grüne Hürden",,,,,,,,,,,,,,,,,,,,,3c355485-caa7-80ba-84d5-d77b6602862a,,,,,,,,,,,,,,,,,,,,,,,,,,,,,,
3/20/2023,2023-03-20,Monday,2023-W12,Kraft,,0,,,,FALSE,"Kraft 5x5
Kniebeuge Einb. isometrisch
5x4 Kastendruchsprünge
Hiptrust
Wade Exzentrisch
5x2x8er Sprunglauf
Valerji Isometrisch 8 sek. oben halten
Adduktor Isometrisch 8 sek. oben halten
5x2x12 Prellwechselsprünge

Auslaufen
3x2x60m Pendel (Steigerung)",,,,,,,,,,,,,,,,,,,,,3c355485-caa7-8018-9797-c8f2bea3d124,,,,,,,,,,,,,,,,,,,,,,,,,,,,,,
3/19/2023,2023-03-19,Sunday,2023-W12,Frei,,0,,,,FALSE,,,,,,,,,,,,,,,,,,,,,,3c355485-caa7-8097-9b2e-cc90252cae5e,,,,,,,,,,,,,,,,,,,,,,,,,,,,,,
3/18/2023,2023-03-18,Saturday,2023-W11,Frei,,0,,,,FALSE,"Krank oder:

TL / Kraft
Treff 10:00 Halle 
Gemeinsam Koordi am Berg
…
Umsetzen in Kniebeuge 4x5
4x8 Hantelrolle
4x6 Klimzüge Hinten
5x25sek Armarbeit 
Stabi Unterer Bauch",,,,,,,,,,,,,,,,,,,,,3c355485-caa7-80d8-8cbd-f2e005f3154b,,,,,,,,,,,,,,,,,,,,,,,,,,,,,,
3/17/2023,2023-03-17,Friday,2023-W11,Frei,,0,,,,FALSE,"Krank oder:

ZWL/ Sprünge
5x15m Pushbull (60% KöGe)
5x30m (25% KöGe)
6x10er Sprunglauf mit ZWL (15% KöGe)
5x5 Kastendurchsprünge
8x10 Hürdensprünge (5,5-6,5F.)

Knieprobleme ?
10x12 Fußgelenksprünge auf weite",,,,,,,,,Krank,,,,,,,,,,,,3c355485-caa7-80c6-8965-e91550681ce8,,,,,,,,,,,,,,,,,,,,,,,,,,,,,,
3/16/2023,2023-03-16,Thursday,2023-W11,"Sprint, Kraft",,0,,,,FALSE,"Technik / Kraft
Hütchen Koordi 
Kräft 6x5
Kniebeuge einb. exzentrisch-isometrisch (7sek) 40kg
Kreuzheben einb. 
Hipthrust Isometrisch 50kg",,,,,,,,,,,,,,,,,,,,,3c355485-caa7-8069-88cd-fa3261215d94,,,,,,,,,,,,,,,,,,,,,,,,,,,,,,
3/15/2023,2023-03-15,Wednesday,2023-W11,Regeneration,,0,,,,FALSE,"Regeneration Aktiv
Umlenkrolle 4x30m betontes Gehen (20-30kg)
Sprintgymnastik (15min)
Hürdenkkordination (30min)
8x5 Medballschocken
4x8 Druckpässe
4x8 Schlagwürfe
4x8 Stoßen re/li
4x2 Runden Kniestandgehen",,,,,,,,,,,,,,,,,,,,,3c355485-caa7-80ac-ba78-d95afd3acd79,,,,,,,,,,,,,,,,,,,,,,,,,,,,,,
3/14/2023,2023-03-14,Tuesday,2023-W11,"Sprint, Kraft",Tempos,0,,,,FALSE,"Sprintausdauer / Kraft
3x70m 
Lp:20sek / Sp: 6min
4x120m 
Lp: 45sek/ Sp: 9min
5x50m
Lp:20sek

Kraft 4x5
Beuger Exzentrisch
Adduktor Exzentrisch auf Bank 20kg
Hüftbeuger Exzentrisch am Zeilzug 70kg
Hamstring Curl einb. 50kg(Sitzend/liegend)
Glut. Exzentrisch (Gegengewicht auf Hüfte) (Donkeys)20kg",,,,,,,,,,,,,,,,,,,,,3c355485-caa7-8047-b4f4-cc77cd1ff7d5,,,,,,,,,,,,,,,,,,,,,,,,,,,,,,
3/13/2023,2023-03-13,Monday,2023-W11,Sprint,,0,,,,FALSE,"ZWL / Sprünge
8x10m Pushbull +55kg(80% KöGe)
5x3x6 Startschritte Umlenkrolle +20kg
6x20m ZWL +25kg(50% KöGe)
6x10er Sprunglauf
8x8er Luki's über grüne Hürden
4 x 6 (je Seite) Einbeinsprünge in Vorlage über grüne Hürden",,,,,,,,,,,,,,,,,,,,,3c355485-caa7-8040-aeba-e06115cec620,,,,,,,,,,,,,,,,,,,,,,,,,,,,,,
3/12/2023,2023-03-12,Sunday,2023-W11,Frei,,0,,,,FALSE,,,,,,,,,,,,,,,,,,,,,,3c355485-caa7-80f7-9764-f8e5234fddd0,,,,,,,,,,,,,,,,,,,,,,,,,,,,,,
3/11/2023,2023-03-11,Saturday,2023-W10,Frei,,0,,,,FALSE,,,,,,,,,,,,,,,,,,,,,,3c355485-caa7-80e9-a38b-f7b4d1d80037,,,,,,,,,,,,,,,,,,,,,,,,,,,,,,
3/10/2023,2023-03-10,Friday,2023-W10,Tempos,,0,,,,FALSE,"TL
120m/150m/90m/50m
Lp: 90sek/2min/45sek
Sp: 12min
150m/120m/60m/40m
Lp: 1,5min/1min/45sek
Sp: 12min
120m/80m/50m/50m
Lp: 1,5min/1min/45sek
Sp: 12min

3x4 Beuger Ex.",,,,,,,,,,,,,,,,,,,,,3c355485-caa7-80c3-ae8c-e08bf796a589,,,,,,,,,,,,,,,,,,,,,,,,,,,,,,
3/9/2023,2023-03-09,Thursday,2023-W10,Kraft,,0,,,,FALSE,"Kraft/ Sprünge
6x5 Hiptrust
6x12er Sprunglauf
Pause
6x4 Einb. Kniebeuge ( Isometrsich - 8Sek in Beuge halten) 
6x8 Einbeinsprünge (Hütchen 4 F. / 5F.) 
Pause
6x5 Wadenheben (oben beginnt die Übung)
6x10 FGS
Pause
6x5 Kreuzheben
6x6 Seilzug
5x20m Straightleg (Frequent)",,,,,,,,,,,,,,,,,,,,,3c355485-caa7-80d6-9d35-cd9629e82412,,,,,,,,,,,,,,,,,,,,,,,,,,,,,,
3/8/2023,2023-03-08,Wednesday,2023-W10,Sprint,,0,,,,FALSE,"Technik
Hütchenkordi",,,,,,,,,,,,,,,,,,,,,3c355485-caa7-8072-b43b-ded74d67b513,,,,,,,,,,,,,,,,,,,,,,,,,,,,,,
3/7/2023,2023-03-07,Tuesday,2023-W10,Regeneration,,0,,,,FALSE,"Regeneration Aktiv
Umlenkrolle
8x30m betontes Gehen
Hürdenkkordination (15min)
8x5 Medballschocken
4x8 Druckpässe
4x8 Schlagwürfe
4x8 Stoßen re/li
3x2 Runden Kniestandgehen",,,,,,,,,,,,,,,,,,,,,3c355485-caa7-8063-8f84-f394431f0e70,,,,,,,,,,,,,,,,,,,,,,,,,,,,,,
3/6/2023,2023-03-06,Monday,2023-W10,Sprint,Tempos,0,,,,FALSE,"Sprintausdauer
4x40m
LP: 10sek /SP: 10min
4x50m
LP: 15sek/ SP: 10min
4x60m
LP: 20sek/ Sp: 10min
2x30m 
Lp: 1min

Kraft 3x5
Beuger Exzentrisch
Adduktor Exzentrisch 20kg
Hüftbeuger Exzentrisch 70kg
Glut. Exzentrisch (Donkeys) 20kg
Hamstring Curl einb. 50kg",,,,,,,,,,,,,,,,,,,,,3c355485-caa7-8032-bc29-f4e59bacbaff,,,,,,,,,,,,,,,,,,,,,,,,,,,,,,
2/19/2023,2023-02-19,Sunday,2023-W08,Wettkampf,,0,Halle Dortmund,Halle,,FALSE,Weit: 7.72m,,,,,,,,,,,,,,,7.72,,,,,,2cb55485-caa7-8082-9040-c535acf31410,,,,,,,,,,,,,,,,,,,,,,,,,,,,,,
2/18/2023,2023-02-18,Saturday,2023-W07,Wettkampf,,0,Halle Dortmund,Halle,,FALSE,"60m VL: 6.76s
60m ZL: 6.77s",,,,,,,,,,,,,,,,,,,6.76,,2cb55485-caa7-8056-ae50-f67662f745ee,,,,,,,,,,,,,,,,,,,,,,,,,,,,,,
2/17/2023,2023-02-17,Friday,2023-W07,Auftakt,,0,,,,FALSE,,,,,,,,,,,,,,,,,,,,,,3c455485-caa7-8069-ae26-e50ab00b3510,,,,,,,,,,,,,,,,,,,,,,,,,,,,,,
2/16/2023,2023-02-16,Thursday,2023-W07,Frei,,0,,,,FALSE,,,,,,,,,,,,,,,,,,,,,,3c455485-caa7-8076-877b-fd145e402de2,,,,,,,,,,,,,,,,,,,,,,,,,,,,,,
2/15/2023,2023-02-15,Wednesday,2023-W07,Sprung,,0,,,,FALSE,"Sprünge in Grube
Kugelschocken ",,,,,,,,,,,,,,,,,,,,,3c455485-caa7-80ba-9995-dc67cccfbad9,,,,,,,,,,,,,,,,,,,,,,,,,,,,,,
2/14/2023,2023-02-14,Tuesday,2023-W07,Frei,,0,,,,FALSE,,,,,,,,,,,,,,,,,,,,,,3c455485-caa7-802a-8834-fb9687fdc20f,,,,,,,,,,,,,,,,,,,,,,,,,,,,,,
2/13/2023,2023-02-13,Monday,2023-W07,"Sprint, Kraft",,0,,,,FALSE,"2x10m Pushbull (60%)
2x30m ZWL (1080) 2 auf 5kg bei 7,3m/s

Kraft 3x3 Schnell (70%)
Umsetzen 
Hiptrust
6x6 Luki's über Rote Hürden 6-8 F. Abstand",,,,,,,,,,,,,,,,,,,,,3c455485-caa7-80da-8c17-f33afec34ded,,,,,,,,,,,,,,,,,,,,,,,,,,,,,,
2/12/2023,2023-02-12,Sunday,2023-W07,Frei,,0,,,,FALSE,,,,,,,,,,,,,,,,,,,,,,3c455485-caa7-80cc-8545-ed9972b12b9a,,,,,,,,,,,,,,,,,,,,,,,,,,,,,,
2/11/2023,2023-02-11,Saturday,2023-W06,"Sprint, Kraft",,0,,,,FALSE,"2x40m 
Lp 6/9min
70m 
Lp 10 min
30m 

Kraft schnell 2x3 
Kniebeuge einb. (60%)
Kreuzheben einb. (60%)
4x3 Hürdensprünge ",,,,,,,,,,,,,,,,,,,,,3c455485-caa7-805c-92a4-ec59e2266f65,,,,,,,,,,,,,,,,,,,,,,,,,,,,,,
2/10/2023,2023-02-10,Friday,2023-W06,,,0,,,,FALSE,,,,,,,,,,,,,,,,,,,,,,3c455485-caa7-8095-922d-c36fabb0dc1a,,,,,,,,,,,,,,,,,,,,,,,,,,,,,,
2/9/2023,2023-02-09,Thursday,2023-W06,Frei,,0,,,,FALSE,,,,,,,,,,,,,,,,,,,,,,3c455485-caa7-8000-9a51-d463b9a351b3,,,,,,,,,,,,,,,,,,,,,,,,,,,,,,
2/8/2023,2023-02-08,Wednesday,2023-W06,Wettkampf,,0,,,,FALSE,ADH Wettkampf?,,,,,,,,,,,,,,,,,,,,,3c455485-caa7-80b5-b77e-d72299ccc4b7,,,,,,,,,,,,,,,,,,,,,,,,,,,,,,
2/7/2023,2023-02-07,Tuesday,2023-W06,Auftakt,,0,,,,FALSE,"Auftakt? 

Sprünge erhöht
Starts",,,,,,,,,,,,,,,,,,,,,3c455485-caa7-80ed-b1f4-fa3f34dca263,,,,,,,,,,,,,,,,,,,,,,,,,,,,,,
2/6/2023,2023-02-06,Monday,2023-W06,Frei,,0,,,,FALSE,"Frei oder Kraft

Kraft 4/2/2
Umsetzen 
3x5 Hürdensprünge
Kreuzheben
3x20m Straightleg
Hexabarjumps 3x4 (30-35kg?)
3x2x6 FGS Kurve runter",,,,,,,,,,,,,,,,,,,,,3c455485-caa7-80b5-8f57-e08e2d9add6f,,,,,,,,,,,,,,,,,,,,,,,,,,,,,,
2/5/2023,2023-02-05,Sunday,2023-W06,Regeneration,,0,,,,FALSE,"Auslaufen gemeinsam 
3x3min Joggen ein bischen Mobi und Hürdenkoordi 
2x3x50m bis 50% steigern technisch ",,,,,,,,,,,,,,,,,,,,,3c455485-caa7-800d-a044-eb72c19a2cfd,,,,,,,,,,,,,,,,,,,,,,,,,,,,,,
2/4/2023,2023-02-04,Saturday,2023-W05,Wettkampf,,0,Halle Düsseldorf,Halle,,FALSE,Weit: 7.41m,,,,,,,,,,,,,,,7.41,,,,,,2cb55485-caa7-804b-9bde-dca7c4116c98,,,,,,,,,,,,,,,,,,,,,,,,,,,,,,
2/3/2023,2023-02-03,Friday,2023-W05,Auftakt,,0,,,,FALSE,,,,,,,,,,,,,,,,,,,,,,3c455485-caa7-80b0-9303-da2e4951da45,,,,,,,,,,,,,,,,,,,,,,,,,,,,,,
2/2/2023,2023-02-02,Thursday,2023-W05,Frei,,0,,,,FALSE,,,,,,,,,,,,,,,,,,,,,,3c455485-caa7-8073-b726-d2cc08c08e4c,,,,,,,,,,,,,,,,,,,,,,,,,,,,,,
2/1/2023,2023-02-01,Wednesday,2023-W05,Kraft,,0,,,,FALSE,"Mehrfach Sprünge 
Hürdenkoordi (20min)

Kraft 3/3/3
HexabarJumps 
Beuger exzentrisch 3x3 (2,5-5kg Zusatz)

6x Beidbeinige Sprünge über 6 kleine Rote Hürden (SC Preußen) Abstand 8 -10 F. 
6x4 Hürdensprünge 
6x6er Sprunglauf 
Achtet auf Ausreichend Pause ",,,,,,,,,,,,,,,,,,,,,3c455485-caa7-8044-b66e-db81493e6477,,,,,,,,,,,,,,,,,,,,,,,,,,,,,,
1/31/2023,2023-01-31,Tuesday,2023-W05,"Sprint, Sprung",,0,,,,FALSE,"Technik Sprünge 
Negativ aus 8er/10er 
Landung aus 10er
3x30m Ablauf aus Kurve 
2x 25/15/20 In & Out",,,,,,,,,,,,,,,,,,,,,3c455485-caa7-8054-bee5-c00e5501f150,,,,,,,,,,,,,,,,,,,,,,,,,,,,,,
1/30/2023,2023-01-30,Monday,2023-W05,"Sprint, Kraft",,0,,,,FALSE,"Seilchensprünge 
2x30m ZWL aus Block
2x25m frei 

Kraft Wdh. 3/2/2
Kniebeuge einb. 
Hiptrust ",,,,,,,,,,,,,,,,,,,,,3c455485-caa7-806a-b82f-fbc19cf61e86,,,,,,,,,,,,,,,,,,,,,,,,,,,,,,
1/29/2023,2023-01-29,Sunday,2023-W05,Frei,,0,,,,FALSE,,,,,,,,,,,,,,,,,,,,,,3c455485-caa7-80bc-bb5e-e8c99583cef6,,,,,,,,,,,,,,,,,,,,,,,,,,,,,,
1/28/2023,2023-01-28,Saturday,2023-W04,Wettkampf,,0,Halle Dortmund,Halle,,FALSE,Weit: 7.41m,,,,,,,,,,,,,,,7.41,,,,,,2cb55485-caa7-802a-bf96-c943c60643b7,,,,,,,,,,,,,,,,,,,,,,,,,,,,,,
1/27/2023,2023-01-27,Friday,2023-W04,Auftakt,,0,,,,FALSE,,,,,,,,,,,,,,,,,,,,,,3c455485-caa7-8026-bf4f-c8881f48e911,,,,,,,,,,,,,,,,,,,,,,,,,,,,,,
1/26/2023,2023-01-26,Thursday,2023-W04,Frei,,0,,,,FALSE,,,,,,,,,,,,,,,,,,,,,,3c455485-caa7-80e4-ba29-ce14874cc618,,,,,,,,,,,,,,,,,,,,,,,,,,,,,,
1/25/2023,2023-01-25,Wednesday,2023-W04,Sprung,Anlauf,0,,,,FALSE,Anlaufkontrollen,,,,,,,,,,,,,,,,,,,,,3c455485-caa7-8086-a3b9-c9db8b2dec94,,,,,,,,,,,,,,,,,,,,,,,,,,,,,,
1/24/2023,2023-01-24,Tuesday,2023-W04,Sprint,,0,,,,FALSE,"ZWL 1080 
3x35m (technisch wie ein Anlauf)
2 auf 6kg (7,0 m/s)
3x 6 Sprünge je Seite (Video)",,,,,,,,,,,,,,,,,,,,,3c455485-caa7-8098-a36f-f51bddb72c38,,,,,,,,,,,,,,,,,,,,,,,,,,,,,,
1/23/2023,2023-01-23,Monday,2023-W04,"Sprung, Kraft",,0,,,,FALSE,"Weit Grube
5x8er Negativ 
3x 14-16er 

Kraft 3/2/2
Aufsteiger (Springer negativ )
Adduktor mit Zusatz",,,,,,,,,,,,,,,,,,,,,3c455485-caa7-804b-9cf5-ce5e995fd018,,,,,,,,,,,,,,,,,,,,,,,,,,,,,,
1/22/2023,2023-01-22,Sunday,2023-W04,Frei,,0,,,,FALSE,,,,,,,,,,,,,,,,,,,,,,3c455485-caa7-800b-84fe-f57d236860c0,,,,,,,,,,,,,,,,,,,,,,,,,,,,,,
1/21/2023,2023-01-21,Saturday,2023-W03,Wettkampf,,0,Halle Dortmund,Halle,,FALSE,"60m VL: 6.77s
60m EL: 6.79s",,,,,,,,,,,,,,,,,,,6.77,,2cb55485-caa7-80f8-9cba-ca08336d550b,,,,,,,,,,,,,,,,,,,,,,,,,,,,,,
1/20/2023,2023-01-20,Friday,2023-W03,Auftakt,,0,,,,FALSE,"Auftrakt
(2x6er Sprunglauf aus Ablauf
4x4 Hürdensprünge)?",,,,,,,,,,,,,,,,,,,,,3c455485-caa7-8020-aaa8-d738ff20bb29,,,,,,,,,,,,,,,,,,,,,,,,,,,,,,
1/19/2023,2023-01-19,Thursday,2023-W03,Frei,,0,,,,FALSE,,,,,,,,,,,,,,,,,,,,,,3c455485-caa7-8094-af49-f859199d430a,,,,,,,,,,,,,,,,,,,,,,,,,,,,,,
1/18/2023,2023-01-18,Wednesday,2023-W03,Sprint,,0,,,,FALSE,"Starts
15m / 25m / 35m / 15m",,,,,,,,,,,,,,,,,,,,,3c455485-caa7-8086-b704-e907fbb34e9d,,,,,,,,,,,,,,,,,,,,,,,,,,,,,,
1/17/2023,2023-01-17,Tuesday,2023-W03,Kraft,,0,,,,FALSE,"Kraft 3/2/2
Hürdenkoordi zur Erwärmung (10 min)
Kraft
Umsetzen
Beugermaschine einb.
Umsprünge Beinpresse 3x3 
16x4 Hürdensprünge",,,,,,,,,,,,,,,,,,,,,3c455485-caa7-80ac-aadb-c55924867c07,,,,,,,,,,,,,,,,,,,,,,,,,,,,,,
1/16/2023,2023-01-16,Monday,2023-W03,Sprint,,0,,,,FALSE,"ZWL
3x35m",,,,,,,,,,,,,,,,,,,,,3c455485-caa7-809b-affa-d76d869ca653,,,,,,,,,,,,,,,,,,,,,,,,,,,,,,
1/15/2023,2023-01-15,Sunday,2023-W03,Frei,,0,,,,FALSE,,,,,,,,,,,,,,,,,,,,,,3c455485-caa7-8050-a78b-eee9fd1eb601,,,,,,,,,,,,,,,,,,,,,,,,,,,,,,
1/14/2023,2023-01-14,Saturday,2023-W02,Sprung,Anlauf,0,,,,FALSE,"TL
5x Anlaufkontrollen",,,,,,,,,,,,,,,,,,,,,3c455485-caa7-8055-8831-d0a6354c97f4,,,,,,,,,,,,,,,,,,,,,,,,,,,,,,
1/13/2023,2023-01-13,Friday,2023-W02,"Sprint, Kraft",,0,,,,FALSE,"Starts
10m / 15m / 25m / 25m / 15m
Kraft (Max)
Aufsteiger 3/2/2 
Beuger exzentrisch 3x3",,,,,,,,,,,,,,,,,,,,,3c455485-caa7-80e9-bd7d-f5bcd676a459,,,,,,,,,,,,,,,,,,,,,,,,,,,,,,
1/12/2023,2023-01-12,Thursday,2023-W02,Regeneration,,0,,,,FALSE,"Umlenkrolle 
Betonetes Gehen
6x30m (20-30kg)
Hürdenkoordi (6 H.)
20 min
Übersteiger
Nachziehbeinwechsel (Abstand 5-6 F.)
6x6er Sprunglauf (8m Anlauf)
3x4 Einbeinsprünge 
8x4 Hürdensprünge",,,,,,,,,,,,,,,,,,,,,3c455485-caa7-8013-85c4-cd2cc5b72835,,,,,,,,,,,,,,,,,,,,,,,,,,,,,,
1/11/2023,2023-01-11,Wednesday,2023-W02,"Sprung, Kraft",,0,,,,FALSE,"2x2x 8(10)er Negativ
12/14er (ggf. ZUL für Luki)

Kraft 
Sprinter
Hexabar Jumps 4x3
Adduktor 4x3 (Zusatzgewicht)
Springer
Aufsteiger Negativ 4x2 
Adduktor 4x3 (Zusatzgewicht)",,,,,,,,,,,,,,,,,,,,,3c455485-caa7-80be-a64d-c0c9032a8a49,,,,,,,,,,,,,,,,,,,,,,,,,,,,,,
1/10/2023,2023-01-10,Tuesday,2023-W02,Regeneration,,0,,,,FALSE,"Regeneration
Aktiv
30min spazieren 
Aktiv Hüftbeweglichkeit 
Hüftbeuger 
6x6 Fußgelenksprünge ",,,,,,,,,,,,,,,,,,,,,3c455485-caa7-80b4-80cf-ebc8e04245aa,,,,,,,,,,,,,,,,,,,,,,,,,,,,,,
1/9/2023,2023-01-09,Monday,2023-W02,"Sprint, Kraft",,0,,,,FALSE,"1080 
3x40m
3kg auf 7kg (7,3m/s)

Kraft 3/3/2/2 
Umsetzen
4x3 Kastendurchsprünge
Beugermaschine einb.",,,,,,,,,,,,,,,,,,,,,3c455485-caa7-802b-b826-f9e424d2be5a,,,,,,,,,,,,,,,,,,,,,,,,,,,,,,
1/8/2023,2023-01-08,Sunday,2023-W02,Frei,,0,,,,FALSE,,,,,,,,,,,,,,,,,,,,,,3c455485-caa7-8031-8cc5-cd35871c8be6,,,,,,,,,,,,,,,,,,,,,,,,,,,,,,
1/7/2023,2023-01-07,Saturday,2023-W01,Wettkampf,,0,Halle Dortmund,Halle,,FALSE,"60m VL: 6.87s
60m EL: 6.91s
Weit: 7.45m",,,,,,,,,,,,,,,7.45,,,,6.87,,2cb55485-caa7-802c-85dc-e1d17825d320,,,,,,,,,,,,,,,,,,,,,,,,,,,,,,
1/6/2023,2023-01-06,Friday,2023-W01,Auftakt,,0,,,,FALSE,,,,,,,,,,,,,,,,,,,,,,3c455485-caa7-8034-981a-c46f468035f2,,,,,,,,,,,,,,,,,,,,,,,,,,,,,,
1/5/2023,2023-01-05,Thursday,2023-W01,Frei,,0,,,,FALSE,,,,,,,,,,,,,,,,,,,,,,3c455485-caa7-804d-80c8-eb1e447c15cc,,,,,,,,,,,,,,,,,,,,,,,,,,,,,,
1/4/2023,2023-01-04,Wednesday,2023-W01,"Sprint, Sprung, Kraft",,0,,,,FALSE,"Technik 
Erwärmung über Hütchen 
8-10 Bahnen á 10 Hütchen 
5x 14 Hütchen (5-7 F.)
3 x arme Vorhalte (medball)
2x frei 
2x3 Negativ Absprünge 
4-5 x Anlauf (-2/4 Schritte )

Kraft 3x3
Kreuzheben einb. 
Dynamisch Aufsteiger (negativ)",,,,,,,,,,,,,,,,,,,,,3c455485-caa7-808b-8f0d-f6bde35eb730,,,,,,,,,,,,,,,,,,,,,,,,,,,,,,
1/3/2023,2023-01-03,Tuesday,2023-W01,"Regeneration, Kraft",,0,,,,FALSE,"Regeneration
3 runden Einlaufen 
Beweglichkeit 
Intensiv sprintgymnastik
Hüftmobi
Hüftbeuger ! 
Hürdenkoordi (20min) 5 Hürden 
Inkl. 5x4 Hürdenübersteiger je Seite 

Kraft 3x3
Umsetzten (einb.)
Valerji Umsprünge
4x2x4 Hürdensprünge ",,,,,,,,,,,,,,,,,,,,,3c455485-caa7-8082-918a-ea8c35a81d43,,,,,,,,,,,,,,,,,,,,,,,,,,,,,,
1/2/2023,2023-01-02,Monday,2023-W01,"Sprung, Kraft",,0,,,,FALSE,"Sprinter
Starts
ZWL / 1080
2x20m Block
1-2 x Kurve Raus (ZUL)
2-3 Starts Frei (ggf. Kurve)

Springer
Absprünge negativ
2(3) Absprünge aus Anlauf -2 Schritt

Kraft 3x3 
Kolkov Squad
Adduktor ",,,,,,,,,,,,,,,,,,,,,3c455485-caa7-80c1-90b3-ff0edf5c83f6,,,,,,,,,,,,,,,,,,,,,,,,,,,,,,
1/1/2023,2023-01-01,Sunday,2023-W01,Frei,,0,,,,FALSE,,,,,,,,,,,,,,,,,,,,,,3c455485-caa7-8034-b9b4-ebd2f3c42677,,,,,,,,,,,,,,,,,,,,,,,,,,,,,,
12/31/2022,2022-12-31,Saturday,2022-W53,"Tempos, Kraft",,0,,,,FALSE,"TL 
Sprinter
2x50m 
Lp:4min/Sp:6min 
3x30m 
Lp:2,5min/Sp:10min
2x70m 
Lp:7min 

Springer
4xAnlaufkontrolle
70/70/ 50m 
Lp:7min 

Kraft 
4x3 Hiptrust 
3x 4 Beuger exzentrisch 
4x2x5 Hürdensprünge ",,,,,,,,,,,,,,,,,,,,,3c455485-caa7-80ed-89fb-ec1f50cc62a4,,,,,,,,,,,,,,,,,,,,,,,,,,,,,,
12/30/2022,2022-12-30,Friday,2022-W53,"Sprint, Kraft",,0,,,,FALSE,"ZUL
2xZwl 30m 
3x50m Starts 
2x10m Pushbull 
2x20m zwl 

Kraft 5x3
Aufsteiger (negativ )
Kreuzheben ",,,,,,,,,,,,,,,,,,,,,3c455485-caa7-80ea-9beb-e9e59bbc1887,,,,,,,,,,,,,,,,,,,,,,,,,,,,,,
12/29/2022,2022-12-29,Thursday,2022-W53,Regeneration,,0,,,,FALSE,"Regeneration 
Hürdenkoordi 
Hüftbeweglichkeit 
Hüftbeuger dehnen !
3x 4 Beuger exzentrisch 
4x2x5 Hürdensprünge ",,,,,,,,,,,,,,,,,,,,,3c455485-caa7-80c0-8a3d-fd08f0105a0d,,,,,,,,,,,,,,,,,,,,,,,,,,,,,,
12/28/2022,2022-12-28,Wednesday,2022-W53,Sprung,,0,,,,FALSE,"Technik Sprung 

Technik Sprint 
Kleine rote Hürden 
Grüne Hürden 
Hütchen 
Medball (1-3 kg)",,,,,,,,,,,,,,,,,,,,,3c455485-caa7-80ab-88c6-dd2ff467432d,,,,,,,,,,,,,,,,,,,,,,,,,,,,,,
12/27/2022,2022-12-27,Tuesday,2022-W53,"Sprint, Kraft",,0,,,,FALSE,"1080
4 x 30m aus Block 
4 - 9 kg Kraft 

5x3(4)
Umsetzen / Deadlift
Umsprünge beinpresse ",,,,,,,,,,,,,,,,,,,,,3c455485-caa7-802f-8df6-c6a7be5af967,,,,,,,,,,,,,,,,,,,,,,,,,,,,,,
12/26/2022,2022-12-26,Monday,2022-W53,Frei,,0,,,,FALSE,,,,,,,,,,,,,,,,,,,,,,3c455485-caa7-805c-8c83-c6e5cd1fccf4,,,,,,,,,,,,,,,,,,,,,,,,,,,,,,
12/25/2022,2022-12-25,Sunday,2022-W53,Frei,,0,,,,FALSE,,,,,,,,,,,,,,,,,,,,,,3c455485-caa7-80d7-b1a6-edfffc6a3c21,,,,,,,,,,,,,,,,,,,,,,,,,,,,,,
12/24/2022,2022-12-24,Saturday,2022-W52,Frei,,0,,,,FALSE,,,,,,,,,,,,,,,,,,,,,,3c455485-caa7-805d-8555-dd102ed89029,,,,,,,,,,,,,,,,,,,,,,,,,,,,,,
12/23/2022,2022-12-23,Friday,2022-W52,,,0,,,,FALSE,"Lockere Sprünge nach Absprache 
3x Anlaufkontrolle + 2x 180m/40m 
(Lp: 2min / Sp: 16min)",,,,,,,,,,,,,,,,,,,,,3c455485-caa7-80aa-ad9d-e8ba7730e03b,,,,,,,,,,,,,,,,,,,,,,,,,,,,,,
12/22/2022,2022-12-22,Thursday,2022-W52,,,0,,,,FALSE,"ZUL
3x3x6 Startsschritte Umlenkrolle
4x50m mit 4kg zug auf 10,9 m/s / 11,2 m/s / ... wie es passt 
Anschließend 3x 60m Auslaufen technisch barfuß",,,,,,,,,,,,,,,,,,,,,3c455485-caa7-8064-b72c-fe64eab88df4,,,,,,,,,,,,,,,,,,,,,,,,,,,,,,
12/21/2022,2022-12-21,Wednesday,2022-W52,Kraft,,0,,,,FALSE,"Kraft / Sprünge
4x4 Hexabarjumps
4x2x8er Sprunglauf
4x4 Aufsteiger 
4x4 Valerji einbeinig
4x2x 6 Einbeinsprünge je Seite
4x4 Kreuzheben einb.
4x4 Sumo-Squad
4x 4x DropJump (2-3 Kastenteile) + 3 Hürden 
5x50m Steigernd Auslaufen technisch",,,,,,,,,,,,,,,,,,,,,3c455485-caa7-8033-b497-e312de711331,,,,,,,,,,,,,,,,,,,,,,,,,,,,,,
12/20/2022,2022-12-20,Tuesday,2022-W52,Regeneration,,0,,,,FALSE,"Regeneration
3x3x60m in Turnschuhen Locker technisch sauber 
Hüftbeweglichkeit
Hürdenkoordi (20min)
4x8 FGS 
6x5 Hürdensprünge ",,,,,,,,,,,,,,,,,,,,,3c455485-caa7-80d2-a697-e4f4e4c41623,,,,,,,,,,,,,,,,,,,,,,,,,,,,,,
12/19/2022,2022-12-19,Monday,2022-W52,"Sprint, Kraft",,0,,,,FALSE,"3x15m Pushbull (70% KöGe)
1080
4x40m 4kg auf 9 kg bei 6,9m/S

Kraft 5x3
Umsetzen
Hiptrust",,,,,,,,,,,,,,,,,,,,,3c455485-caa7-8065-823f-ccf64db01b45,,,,,,,,,,,,,,,,,,,,,,,,,,,,,,
12/18/2022,2022-12-18,Sunday,2022-W52,Frei,,0,,,,FALSE,,,,,,,,,,,,,,,,,,,,,,3c455485-caa7-8045-94f4-d5105b8ed999,,,,,,,,,,,,,,,,,,,,,,,,,,,,,,
12/17/2022,2022-12-17,Saturday,2022-W51,"Sprung, Tempos",,0,,,,FALSE,"4x Anlaufkontrollen
1x 160m/ 50m
LP: 20 sek",,,,,,,,,,,,,,,,,,,,,3c455485-caa7-8050-a6fd-e65e10b3f38e,,,,,,,,,,,,,,,,,,,,,,,,,,,,,,
12/16/2022,2022-12-16,Friday,2022-W51,Frei,,0,,,,FALSE,,,,,,,,,,,,,,,,,,,,,,3c455485-caa7-80a3-aa60-f2b7dea896f6,,,,,,,,,,,,,,,,,,,,,,,,,,,,,,
12/15/2022,2022-12-15,Thursday,2022-W51,Sprung,,0,,,,FALSE,,,,,,,,,,,,,,,,,,,,,,3c455485-caa7-8009-b0a0-e8d417c599c6,,,,,,,,,,,,,,,,,,,,,,,,,,,,,,
12/14/2022,2022-12-14,Wednesday,2022-W51,Kraft,,0,,,,FALSE,"Kraft/ Sprünge
Erwärmung über Hürden (10-15min)
Übersteiger, etc. 
Pausen mind. 3-4 min nach jeder Übung!

Kraft 3x3
Hexabarjumps 
3x4 Kastenaufsprünge 
Valerji- Umsprünge
Seilzug
3x2x8er Sprunglauf aus Drop 8m Anlauf (1. je Serie mit kleinen Schlitten (Teller) 5-7,5kg)
Sumo-Squad
3x 2x3 Dropjump + Hürde
4x60m Auslaufen ",,,,,,,,,,,,,,,,,,,,,3c455485-caa7-80c5-9ae7-ed541a86f775,,,,,,,,,,,,,,,,,,,,,,,,,,,,,,
12/13/2022,2022-12-13,Tuesday,2022-W51,"Sprint, Kraft",,0,,,,FALSE,"Technik Starts
ZWL/ZUL
3x35m Aus Block
2-3x 50m ZUL

Kraft 3x3
Umsetzen
Adduktor 3x4
3x3 Niedersprünge in Grube",,,,,,,,,,,,,,,,,,,,,3c455485-caa7-80e7-be7b-ce29bc36e40c,,,,,,,,,,,,,,,,,,,,,,,,,,,,,,
12/12/2022,2022-12-12,Monday,2022-W51,,,0,,,,FALSE,"4x3x60 (70-80%)
in Turnschuh
Lp: 15 sek
SP: 6 min in der Pause unter Bauch (Stabi)

Kraft 3x3
Aufsteiger (negativ)
Hiptrust
Hürdensprünge 3x3x4 Hürden ",,,,,,,,,,,,,,,,,,,,,3c455485-caa7-8036-a292-c22e5d53208a,,,,,,,,,,,,,,,,,,,,,,,,,,,,,,
12/11/2022,2022-12-11,Sunday,2022-W51,Frei,,0,,,,FALSE,,,,,,,,,,,,,,,,,,,,,,3c455485-caa7-80c5-9d93-c1a89c16003b,,,,,,,,,,,,,,,,,,,,,,,,,,,,,,
12/10/2022,2022-12-10,Saturday,2022-W50,"Sprung, Kraft",,0,,,,FALSE,"Technik
Sprint / Sprung 
2 Runden einlaufen mit Staffelstab
Erwärmung über Hütchen mit Staffelstab/Medball

Sprinter
Hütchenläufe (24 Hütchen)
3 x 4,5 F. ein Kontakt Arme Vorhalte Medball
4 x 7,5 F. ein Kontakt 

Springer
3-4 x Take-Off aus 8-12 Schritt
7 x Anlaufkontrollen

Kraft 4x3
Kreuzheben einb.
Umsetzen",,,,,,,,,,,,,,,,,,,,,3c455485-caa7-8041-b7a9-dac8cf2df8ed,,,,,,,,,,,,,,,,,,,,,,,,,,,,,,
12/9/2022,2022-12-09,Friday,2022-W50,"Sprint, Kraft",,0,,,,FALSE,"ZWL(1080) 
3 x 4kg auf 9kg bei ca 10-12m (40m)
3x30m Kurve Raus

Kraft 5x3
Hiptrust
Seilzug
4x4 Beuger Exzentrisch",,,,,,,,,,,,,,,,,,,,,3c455485-caa7-80b9-9e42-c89b3dc77486,,,,,,,,,,,,,,,,,,,,,,,,,,,,,,
12/8/2022,2022-12-08,Thursday,2022-W50,Sprung,,0,,,,FALSE,"Technik
Sprint / Hürde
Sprung",,,,,,,,,,,,,,,,,,,,,3c455485-caa7-809d-b2ff-fb38a910058a,,,,,,,,,,,,,,,,,,,,,,,,,,,,,,
12/7/2022,2022-12-07,Wednesday,2022-W50,Regeneration,,0,,,,FALSE,"Regeneration 
Stabi (35 min) mit Medball 
5x 2 runden Kniestand gehen 
Dehnen und hüftmobilität
Min 45 min 
30sek jede Übung halten ",,,,,,,,,,,,,,,,,,,,,3c455485-caa7-80d9-a99c-f6d43f592ef1,,,,,,,,,,,,,,,,,,,,,,,,,,,,,,
12/6/2022,2022-12-06,Tuesday,2022-W50,"Sprint, Kraft",,0,,,,FALSE,"Zwl 
Alle 3x15m +45kg(Pushbull - 70%)
(1080) 3 x 4kg auf 9kg bei ca 10-12m (35m)

Kraft 
Adduktor exzentrisch 4x4 20kg
Wade 4x4
3x4 Hürdensprünge ",,,,,,,,,,,,,,,,,,,,,3c455485-caa7-803c-9339-cc52e79fe747,,,,,,,,,,,,,,,,,,,,,,,,,,,,,,
12/5/2022,2022-12-05,Monday,2022-W50,"Sprung, Kraft",,0,,,,FALSE,"(Sprinter 
Hütchenkoordi
Mit 5 Fuß Abstand (2x)
- betontes gehen (2 Kontakte)
- wie oben mit arme in Vorhalte 
- über Hütchen stehen 2 Kontakte frequent -> stehen 
- 1 Kontakt hohes Knie 
Mit 13 Fuß Abstand (3x)
- straighleg betont über Hütchen 
- 2 Kontakte arme in Vorhalte (Medball)

3x 30m Kurve raus) 

Springer 
Hopserlauf über Hürde (ggf grüne Hürden)
3x3x 5 Hürden (2x stark / 1 schwach )
3x6er Sprunglauf in Grube 
3x 30m Kurve raus 

Kraft 5x3
Umsetzen 105kg
Trapbar 80kg",,,,,,,,,,,,,,,,,,,,,3c455485-caa7-8011-a215-f33b58f3af8f,,,,,,,,,,,,,,,,,,,,,,,,,,,,,,
12/4/2022,2022-12-04,Sunday,2022-W50,Frei,,0,,,,FALSE,,,,,,,,,,,,,,,,,,,,,,3c355485-caa7-801e-902b-e76cd870a643,,,,,,,,,,,,,,,,,,,,,,,,,,,,,,
12/3/2022,2022-12-03,Saturday,2022-W49,"Sprint, Kraft",,0,,,,FALSE,"3x3x60 m 
Über Hütchen 
7,5 Fuß
Beginn bei 12m 

Kraft 5x3
Kolkov 70kg
5x4 Kastendurchsprünge ",,,,,,,,,,,,,,,,,,,,,3c355485-caa7-8077-aa3e-f98fcaddf24b,,,,,,,,,,,,,,,,,,,,,,,,,,,,,,
12/2/2022,2022-12-02,Friday,2022-W49,Frei,,0,,,,FALSE,,,,,,,,,,,,,,,,,,,,,,3c355485-caa7-807a-ae0e-f6209b9bdf0f,,,,,,,,,,,,,,,,,,,,,,,,,,,,,,
12/1/2022,2022-12-01,Thursday,2022-W49,"Sprung, Kraft",,0,,,,FALSE,"Erwärmung mit Hürdenkoordination (15min)

(Sprinter
5x In&Out's 25/20/20
Lp: 6min)

Springer
6x5 Hürden Take-Off

Gemeinsam
4 Sprungkästen (2 Bahnen)
Abstand gemäßigt nicht auf weite 
4x Einbeinige Sprünge über 4 Kastenteile in Grube 
Springer mit Landung 

Kraft 5x3
Aufsteiger 80kg
Valerji - Umsprünge",,,,,,,,,,,,,,,,,,,,,3c355485-caa7-8045-9187-d8f23c5a3a78,,,,,,,,,,,,,,,,,,,,,,,,,,,,,,
11/30/2022,2022-11-30,Wednesday,2022-W49,Kraft,,0,,,,FALSE,"Erwärmung 4x60m 
3x 5 Ablaufsprunglauf je Seite (Pausen einplanen) 
6 Grüne Hürden (Abstand 10 F.)
4x5 frequentiert (je Seite )""Pferdchenhopser""
5x Kugelschocken 
Front 
Back 
Kraft 5x4
Umsetzen 90
Seilzug 70",,,,,,,,,,,,,,,,,,,,,3c355485-caa7-80da-b3c7-d7c99cf70e22,,,,,,,,,,,,,,,,,,,,,,,,,,,,,,
11/29/2022,2022-11-29,Tuesday,2022-W49,Regeneration,,0,,,,FALSE,"Regeneration
(10-15 min) Koordi zur Erwärmung (frequenzorientiert)
2x4x60m (technisch) in 70% und Tunschuhe
Lp: 30sek / Sp: 8min
3x6 Beuger Exzentsich 
5x10 sek am Kasten (Schnell auf Frequenz) 6kg
Seite, Rotation, Bauch
* mit Zusatzgewicht
Hürdensprünge
4x3x 5 Hürden",,,,,,,,,,,,,,,,,,,,,3c355485-caa7-8032-a750-eca561bb327d,,,,,,,,,,,,,,,,,,,,,,,,,,,,,,
11/28/2022,2022-11-28,Monday,2022-W49,"Sprint, Kraft",,0,,,,FALSE,"ZWL
3x20m Push-Bull +45kg(70%)
3x35m +7,5kg(20%)
4x30m Kurve raus

Kraft 5x4
Kniebeuge Exzentrisch 35, konzentrisch 25-25kg
Hiptrust 90",,,,,,,,,,,,,,,,,,,,,3c355485-caa7-80e3-985a-cbd951aff672,,,,,,,,,,,,,,,,,,,,,,,,,,,,,,
11/27/2022,2022-11-27,Sunday,2022-W49,Frei,,0,,,,FALSE,,,,,,,,,,,,,,,,,,,,,,3c355485-caa7-8052-b317-ef3638f66899,,,,,,,,,,,,,,,,,,,,,,,,,,,,,,
11/26/2022,2022-11-26,Saturday,2022-W48,"Tempos, Kraft",,0,,,,FALSE,"2x 150m/70m/60m
Lp: 3 min 
Sp: 12 min
3x40m
Lp: 2min

Kraft 5x4Umsetzen",,,,,,,,,,,,,,,,,,,,,3c355485-caa7-8076-b4c3-d57333bc237e,,,,,,,,,,,,,,,,,,,,,,,,,,,,,,
11/25/2022,2022-11-25,Friday,2022-W48,Kraft,,0,,,,FALSE,"Aufsteiger 5x4 
6 x 40m Sprunglauf
P: 3min
5x4 Valerji Umsprünge 
5x6 Kastenaufsprünge
4x4 Butterflyjumps (Zusatzgewicht)
4x4 Aufsteiger am Kasten (gestrecktes Bein) Mit Zusatzgewicht
4x6 Medballschocken 
4x8 Hürdensprünge ",,,,,,,,,,,,,,,,,,,,,3c355485-caa7-80e0-acee-d6e0c9b63cfb,,,,,,,,,,,,,,,,,,,,,,,,,,,,,,
11/24/2022,2022-11-24,Thursday,2022-W48,"Sprint, Sprung, Kraft",,0,,,,FALSE,"Starts
5x20m
3x25m Kurve raus

Sprung
4 x Take-Off vom Kasten (6-8 / +2)
5x Negativ-Takeoff von Erhöhung

Kraft 5x4
Kreuzheben einb. 
Frontpress",,,,,,,,,,,,,,,,,,,,,3c355485-caa7-805a-ad31-cb45b957fdd4,,,,,,,,,,,,,,,,,,,,,,,,,,,,,,
11/23/2022,2022-11-23,Wednesday,2022-W48,"Regeneration, Kraft",,0,,,,FALSE,"Regeneration
4x8 Adduktor 
3x8 Beuger exzentrisch 
Seilchen springen 5x20sek
Radergo / ruderergo 5x3 min 

Kraft 5x4
Sumo-Squad
Bankdrücken",,,,,,,,,,,,,,,,,,,,,3c355485-caa7-8099-8517-e2528c1585e6,,,,,,,,,,,,,,,,,,,,,,,,,,,,,,
11/22/2022,2022-11-22,Tuesday,2022-W48,"Sprint, Kraft",,0,,,,FALSE,"4x20m betontes gehen mit umlenkrollen
Zwl 4x15m Pushbull (70%) 
3x30m (30%)
3x30m aus Drop 

Kraft 5x4
Deadlift
Bankziehen
Seilzug
8x8 Hürdensprünge ",,,,,,,,,,,,,,,,,,,,,3c355485-caa7-80ba-9247-c091e56b5ee8,,,,,,,,,,,,,,,,,,,,,,,,,,,,,,
11/21/2022,2022-11-21,Monday,2022-W48,"Sprung, Kraft",,0,,,,FALSE,"Technik
Erwärmung an Hütchen
4 x 5 Ablaufsprungläufe je Seite
4x 20m Kurve raus

Sprung
3 je Seite Take-Off über 4 Hürden + Grube von Erhöhung 
4x Sprunglauf auf Erhöhung in Grube + Landung

Kraft 5x4
Kolkov-Squad
Latzug",,,,,,,,,,,,,,,,,,,,,3c355485-caa7-80e6-8567-ec20a1a67c62,,,,,,,,,,,,,,,,,,,,,,,,,,,,,,
11/20/2022,2022-11-20,Sunday,2022-W48,Frei,,0,,,,FALSE,,,,,,,,,,,,,,,,,,,,,,3c355485-caa7-8020-8dd5-f9b8ca001fba,,,,,,,,,,,,,,,,,,,,,,,,,,,,,,
11/19/2022,2022-11-19,Saturday,2022-W47,"Tempos, Kraft",,0,,,,FALSE,"2x 120m/80m/60m
Lp: 3 min 
Sp: 12 min
2x3x40m
Lp: 2min
Sp: 6min

Kraft 5x4
Umsetzen
Frontpress
Kreuzheben einb. an Wand",,,,,,,,,,,,,,,,,,,,,3c355485-caa7-8021-8fc3-f8210a6e89f9,,,,,,,,,,,,,,,,,,,,,,,,,,,,,,
11/18/2022,2022-11-18,Friday,2022-W47,"Sprint, Kraft",,0,,,,FALSE,"ZWL
5x15m +40kg(70%)
3x30m +5kg(20%)
3x20m aus dem drop 
4x3 Aufsteiger 90kg",,,,,,,,,,,,,,,,,,,,,3c355485-caa7-809c-85b4-e59061a738bb,,,,,,,,,,,,,,,,,,,,,,,,,,,,,,
11/17/2022,2022-11-17,Thursday,2022-W47,"Diagnostik, Sprint, Sprung",,0,,,,FALSE,"Sprinttest + Sprung
60m: 6,65s
0-30m: 3,68s
30-60m: 2,97s
Jump and Reach: 80cm
10er Sprunglauf: 30,40m",,,,,,,,,,,,,,,,,,,,,3c355485-caa7-80e7-997a-dab86124f9e7,,,,,,,,,,,,,,,,,,,,,,,,,,,,,,
11/16/2022,2022-11-16,Wednesday,2022-W47,Frei,,0,,,,FALSE,,,,,,,,,,,,,,,,,,,,,,3c355485-caa7-80b9-b7db-f171dfdf990f,,,,,,,,,,,,,,,,,,,,,,,,,,,,,,
11/15/2022,2022-11-15,Tuesday,2022-W47,Frei,,0,,,,FALSE,"Frei Krank oder

Krafttest + Schocken",,,,,,,,,,,,,,,,,,,,,3c355485-caa7-8090-ba6e-c672a57a187a,,,,,,,,,,,,,,,,,,,,,,,,,,,,,,
11/14/2022,2022-11-14,Monday,2022-W47,Frei,,0,,,,FALSE,,,,,,,,,,,,,,,,,,,,,,3c355485-caa7-8062-b290-cb93947ed871,,,,,,,,,,,,,,,,,,,,,,,,,,,,,,
11/13/2022,2022-11-13,Sunday,2022-W47,Frei,,0,,,,FALSE,,,,,,,,,,,,,,,,,,,,,,3c355485-caa7-80ce-b1d4-ef876d42edcc,,,,,,,,,,,,,,,,,,,,,,,,,,,,,,
11/12/2022,2022-11-12,Saturday,2022-W46,Frei,,0,,,,FALSE,"Frei Krank oder

3x3x70m 
Lp: 2,5min / Sp: 10 min
120/60/40m
Lp: 1,5 min

Für alle Kraftzirkel
1x6 Wdh.
Ausfallschritte Frequent Mit Zusatzgewicht
Butterflyjumps
Aufsteiger am Kasten (gestrecktes Bein) Mit Zusatzgewicht
Seitliches Tiefes Gehen Mit Zusatzgewicht
Seitliche Squatjumps Mit Zusatzgewicht

*Zusatzgewicht Ideen: Medball, Gewichtsweste, Hantelscheibe ",,,,,,,,,,,,,,,,,,,,,3c355485-caa7-809c-b670-c379529a4e43,,,,,,,,,,,,,,,,,,,,,,,,,,,,,,
11/11/2022,2022-11-11,Friday,2022-W46,Regeneration,,0,,,,FALSE,"Regeneration
Hürdenkoordi (30min)
Pezziballtrommeln 5x8 sek
Tapping 5x8 sek
4x30 Backside Twists
4x30 Frontaltwists 
Athletik (45 min)
Stabi
Unterer Bauch",,,,,,,,,,,,,,,,,,,,,3c355485-caa7-80b1-8788-d7512fdbcc61,,,,,,,,,,,,,,,,,,,,,,,,,,,,,,
11/10/2022,2022-11-10,Thursday,2022-W46,"Sprint, Kraft",,0,,,,FALSE,"Technik
Aufwärmen mit Hütchen
Starts
Starts- Hürde
ZWL
PushBull 3 x10m +50kg(70% KöGe) 
3 x 30m +15kg(30% KöGe)

Kraft 4x4
Umsetzen 100kg
Kreuzheben Einb. an Wand 50kg
Hüftbeuger Kettlebell 15kg",,,,,,,,,,,,,,,,,,,,,3c355485-caa7-809e-92e5-f9a1eaebe200,,,,,,,,,,,,,,,,,,,,,,,,,,,,,,
11/9/2022,2022-11-09,Wednesday,2022-W46,Regeneration,,0,,,,FALSE,"Regeneration
Radergometer 2x8min
oder Ruderergometer 2x8min
Hürdensprünge
3x3x8 Hürden
Pezziballtrommeln 5x8 sek
Tapping 5x8 sek
Athletik (45 min)
Stabi
Unterer Bauch",,,,,,,,,,,,,,,,,,,,,3c355485-caa7-8047-921d-ea0a32f373d4,,,,,,,,,,,,,,,,,,,,,,,,,,,,,,
11/8/2022,2022-11-08,Tuesday,2022-W46,Frei,,0,,,,FALSE,"Frei oder:

Startschritte Umlenkrolle
3x2x6 Startschritte
ZWL
PushBull 3 x10m (70% KöGe) 
3x30m (30% KöGe)
3x20m Aus Block

Kraft 5x4
Hüftbeuger Kettlebell
Kreuzheben Einb. an Wand",,,,,,,,,,,,,,,,,,,,,3c355485-caa7-807b-b569-dd2f93a325b8,,,,,,,,,,,,,,,,,,,,,,,,,,,,,,
11/7/2022,2022-11-07,Monday,2022-W46,"Sprung, Kraft",,0,,,,FALSE,"Techink
Abläufe
3x20m 

(Sprinter
Hütchen 
Straigtleg
Arme Vorhalte
Freie)

Springer
Take-Off 
Einbeinsprünge 2 Kastenoberteile mit Landung

Kraft 5x4
Kolkov-Squad
Hiptrust
5 x 3 Niedersprünge Reaktiv",,,,,,,,,,,,,,,,,,,,,3c355485-caa7-800b-8257-e32ec71fcfc5,,,,,,,,,,,,,,,,,,,,,,,,,,,,,,
11/6/2022,2022-11-06,Sunday,2022-W46,Frei,,0,,,,FALSE,,,,,,,,,,,,,,,,,,,,,,3c355485-caa7-8067-9464-ed0105bb3c4e,,,,,,,,,,,,,,,,,,,,,,,,,,,,,,
11/5/2022,2022-11-05,Saturday,2022-W45,"Sprint, Kraft",,0,,,,FALSE,"3x3x70m 8s
Lp: 2min / Sp: 9 min
120/60/40m
Lp: 1,5 min 

Kraft 5x5
Umsetzten
Kreuzheben einb.",,,,,,,,,,,,,,,,,,,,,3c355485-caa7-808f-b592-e529fac45687,,,,,,,,,,,,,,,,,,,,,,,,,,,,,,
11/4/2022,2022-11-04,Friday,2022-W45,Zirkel,,0,,,,FALSE,"Kraftzirkel 5x6 Wdh.
Ausfallschritte Frequent Mit Zusatzgewicht
Seitliche Liegestützsprünge
Aufsteiger am Kasten (gestrecktes Bein) Mit Zusatzgewicht
Schlagwürfe Medball
Hacke zieht
Elephantengehen
Butterfly Jumps
Seitliches Tiefes Gehen Mit Zusatzgewicht
Liegestütz über Medball
Frontaltwists 
Seitliche Squatjumps Mit Zusatzgewicht
Übersteiger 15 Hürden Mit Zusatzgewicht
30 Backside Twists

5x50m Bis 85% progressiv 
*Zusatzgewicht Ideen: Medball, Gewichtsweste, Hantelscheibe",,,,,,,,,,,,,,,,,,,,,3c355485-caa7-8064-b002-ffb394ed2f1b,,,,,,,,,,,,,,,,,,,,,,,,,,,,,,
11/3/2022,2022-11-03,Thursday,2022-W45,"Sprung, Kraft",,0,,,,FALSE,"Technik
Erwärmung Hütchen
Sprintgymnastik

(Sprinter
Hütchen 
4xArme Vorhalte
3xFreie
3x Kurve Raus)

Springer
4x Take-off aus 2 Schritt (Kasten)
8x Take-off aus Hütchen (Kasten)
4x5er Sprunglauf in Grube und (Bankziehen)

Kraft 5x5
Sumo-Squad
5x4 Kastensprünge",,,,,,,,,,,,,,,,,,,,,3c355485-caa7-804a-9efc-e8a341b11184,,,,,,,,,,,,,,,,,,,,,,,,,,,,,,
11/2/2022,2022-11-02,Wednesday,2022-W45,Regeneration,,0,,,,FALSE,"Regeneration
Radergometer 2x8min
oder Ruderergometer 2x8min
Athletik (30 min)
Stabi
Unterer Bauch
Pezziballtrommeln 5x8 sek
Tapping 5x8 sek
Hürdensprünge
3x3x6 Hürden",,,,,,,,,,,,,,,,,,,,,3c355485-caa7-8021-8e94-c10976366ce6,,,,,,,,,,,,,,,,,,,,,,,,,,,,,,
11/1/2022,2022-11-01,Tuesday,2022-W45,"Sprint, Kraft",,0,,,,FALSE,"ZWL 
3 x Pushbull - 15m +50kg (60-70% KöGe)
3 x ZWL - 20m (40-50% KöGe)
3x30m Frei aus Block
2x40m (20% KöGe)
4x30m Aus Kurve

Kraft 5x5
Beuger exzentrisch (zusatzgewicht)
Adduktor
Kolkov-Squad 4x4",,,,,,,,,,,,,,,,,,,,,3c355485-caa7-8053-a680-fd12c58af209,,,,,,,,,,,,,,,,,,,,,,,,,,,,,,
10/31/2022,2022-10-31,Monday,2022-W45,"Sprung, Kraft",,0,,,,FALSE,"Techink
Springer
Take-Off vom Kasten
Einbeinsprünge 5 Kastenoberteile mit Landung

(Sprinter
Hütchen 
Straigtleg
Arme Vorhalte
Freie)

Kraft 5x5
Aufsteiger 
Hiptrust 
Hüftbeuger mit Kettlebelt",,,,,,,,,,,,,,,,,,,,,3c355485-caa7-8012-819a-c3369919a2f9,,,,,,,,,,,,,,,,,,,,,,,,,,,,,,
10/30/2022,2022-10-30,Sunday,2022-W45,Frei,,0,,,,FALSE,,,,,,,,,,,,,,,,,,,,,,3c355485-caa7-8066-94da-e44c37ed4feb,,,,,,,,,,,,,,,,,,,,,,,,,,,,,,
10/29/2022,2022-10-29,Saturday,2022-W44,"Tempos, Kraft",,0,,,,FALSE,"3x3x70m 
Lp: 2min / Sp: 9 min
120m (/60/40m)
Lp: 1,5 min 

Kraft 5x5
Umsetzten in Kniebeuge vom Boden
Umsprünge Beinpresse
Beuger exzentrisch 5x4",,,,,,,,,,,,,,,,,,,,,3c355485-caa7-80e3-857b-e2bc3f57dced,,,,,,,,,,,,,,,,,,,,,,,,,,,,,,
10/28/2022,2022-10-28,Friday,2022-W44,Zirkel,,0,,,,FALSE,"Kraftzirkel 4x10 Wdh.
Ausfallschritte Frequent
Seitliche Liegestützsprünge
Aufsteiger am Kasten (gestrecktes Bein)
Schlagwürfe Medball
Hacke zieht
Elephantengehen
Ausfallschrittwechselsprünge
Seitliches Tiefes Gehen
Liegestütz über Medball
Frontaltwists 
Seitliche Squatjumps 
Übersteiger 15 Hürden
30 Backside Twists

8x50m Bis 85% progressiv ",,,,,,,,,,,,,,,,,,,,,3c355485-caa7-803a-86d3-f539c25ea3c8,,,,,,,,,,,,,,,,,,,,,,,,,,,,,,
10/27/2022,2022-10-27,Thursday,2022-W44,"Sprint, Sprung",,0,,,,FALSE,"Technik
Erwärmung: 5x15sek (P:20 sek) Knieheber auf Matte
Sprintgymnastik 
20 Hütchen
Abstand 4F. 
Mit Medball in Hoch- und Vorhalte
4x 2 Kontakte
4x 1 Kontakt

Abstand 6F. 
6x re/ li Straightleg - ein Bein betont schnelles Knie
Mit Medball in Hoch- und Vorhalte
Abstand nach Schrittlänge in Spikes
6x 20 Hütchen 1 Kontakt Medball in Vorhalte (80%)

8x Takeoff aus 4-5 Schritt 
6x 4 Hürden Takeoff im 3er + Take-Off in Grube
4x 4er Hop Einb. + Landung in Grube

Hüftbeuger Kettlebell 5x5 
6x8 Medball schocken 
6x8 Bodenbombe",,,,,,,,,,,,,,,,,,,,,3c355485-caa7-80a2-858a-e08a850e034a,,,,,,,,,,,,,,,,,,,,,,,,,,,,,,
10/26/2022,2022-10-26,Wednesday,2022-W44,"Regeneration, Kraft",,0,,,,FALSE,"Hüftmobilität
Sprintgymnastik 
5x2 runden kniestandgehen 
Hürdenkoordi mit Medball
Hürdensprüge 10 x 10 Hü.

Kraft 5x5
Sumo-Squad
Valerji 
Athletik / Stabi ",,,,,,,,,,,,,,,,,,,,,3c355485-caa7-80e6-a8cf-d5e1f9e6cc1b,,,,,,,,,,,,,,,,,,,,,,,,,,,,,,
10/25/2022,2022-10-25,Tuesday,2022-W44,Sprint,,0,,,,FALSE,"60/50/40/30m zur Erwärmung 
4x3x6 Startschritte Umlenkrolle 
4x50m
Lp: 20 sek
4x40m
Lp 15 sek
4x80m
Lp: 45 sek 
4x60m
Lp: 30 sek

Sp 10 min 

Kraft 5x4
Beuger exzentrisch
Adduktor 
Läufe in Spikes ",,,,,,,,,,,,,,,,,,,,,3c355485-caa7-802b-9343-c1ef4de88c84,,,,,,,,,,,,,,,,,,,,,,,,,,,,,,
10/24/2022,2022-10-24,Monday,2022-W44,"Sprint, Kraft",,0,,,,FALSE,"ZWL 
3 x Pushbull - 15m (60-70% KöGe)
3 x ZWL - 20m (40-50% KöGe)
3x30m Frei aus Block
4x40m (20% KöGe)
2x30m Frei aus Block

Kraft 5x5
Kolkov-squad
Hiptrust
5x6 Kastenaufsprünge",,,,,,,,,,,,,,,,,,,,,3c355485-caa7-806c-9001-c82d8212cdbe,,,,,,,,,,,,,,,,,,,,,,,,,,,,,,
10/23/2022,2022-10-23,Sunday,2022-W44,Frei,,0,,,,FALSE,,,,,,,,,,,,,,,,,,,,,,3c355485-caa7-80fd-8f53-ccc7fc33a1fc,,,,,,,,,,,,,,,,,,,,,,,,,,,,,,
10/22/2022,2022-10-22,Saturday,2022-W43,"Tempos, Kraft",,0,,,,FALSE,"TL (Lang) (70-80%)
3x (220/50/180/120/50)
Lp: Gehen
SP: 12min

Kraft 5x5
Umsetzten in Kniebeuge vom Boden
Umsprünge Beinpresse",,,,,,,,,,,,,,,,,,,,,3c355485-caa7-8056-b7b1-d0a3f371cd25,,,,,,,,,,,,,,,,,,,,,,,,,,,,,,
10/21/2022,2022-10-21,Friday,2022-W43,Zirkel,,0,,,,FALSE,"Kraftzirkel 4x10 Wdh.
Ausfallschritte Frequent
Seitliche Liegestützsprünge
Aufsteiger am Kasten (gestrecktes Bein)
Schlagwürfe Medball
Hacke zieht
Elephantengehen
Ausfallschrittwechselsprünge
Seitliches Tiefes Gehen
Liegestütz über Medball
Frontaltwists 
Seitliche Squatjumps 
Übersteiger 15 Hürden
30 Backside Twists

8x50m Bis 85% progressiv ",,,,,,,,,,,,,,,,,,,,,3c355485-caa7-8098-9701-c73b0d0d0b17,,,,,,,,,,,,,,,,,,,,,,,,,,,,,,
10/20/2022,2022-10-20,Thursday,2022-W43,"Sprint, Sprung",,0,,,,FALSE,"Technik
Erwärmung: 5x15sek (P:20 sek) Knieheber auf Matte
Sprintgymnastik 
20 Hütchen
Abstand 4F. Mit Medball in Hoch- und Vorhalte
4x 2 Kontakte
4x 1 Kontakt

Abstand 6F. 
6x re/ li Straightleg - ein Bein betont schnelles Knie
Mit Medball in Hoch- und Vorhalte

Abstand nach Schrittlänge in Spikes
6x 20 Hütchen 1 Kontakt Medball in Vorhalte (80%)

8x Takeoff aus 4-5 Schritt 
6x 4 Hürden Takeoff im 3er + Take-Off in Grube
4x 4er Hop Einb. + Landung in Grube
Hüftbeuger Kettlebell 5x5 
6x8 Medball schocken 
6x8 Bodenbombe",,,,,,,,,,,,,,,,,,,,,3c355485-caa7-80f1-b50f-d9b1f9b3c034,,,,,,,,,,,,,,,,,,,,,,,,,,,,,,
10/19/2022,2022-10-19,Wednesday,2022-W43,"Regeneration, Kraft",,0,,,,FALSE,"Hüftmobilität
Sprintgymnastik 
5x2 runden kniestandgehen 
Hürdenkoordi mit Medball
Hürdensprüge 10 x 10 Hü.
Kraft 5x5
Sumo-Squad
Valerji ",,,,,,,,,,,,,,,,,,,,,3c355485-caa7-807f-a0a0-e0f619ffa6fb,,,,,,,,,,,,,,,,,,,,,,,,,,,,,,
10/18/2022,2022-10-18,Tuesday,2022-W43,Sprint,,0,,,,FALSE,"60/50/40/30m zur Erwärmung 
4x3x6 Startschritte Umlenkrolle 
4x50m
Lp: 20 sek
4x40m
Lp 15 sek
4x80m
Lp: 45 sek 
4x60m
Lp: 30 sek

Sp 10 min 
Kraft 5x4
Beuger exzentrisch
Adduktor 

Läufe in Spikes ",,,,,,,,,,,,,,,,,,,,,3c355485-caa7-80dc-b68d-f0a63f0a32e1,,,,,,,,,,,,,,,,,,,,,,,,,,,,,,
10/17/2022,2022-10-17,Monday,2022-W43,"Sprint, Kraft",,0,,,,FALSE,"ZWL 
3 x Pushbull - 15m (60-70% KöGe)
3 x ZWL - 20m (40-50% KöGe)
2x30m Frei aus Block
4x40m (20% KöGe)
2x30m Frei aus Block

Kraft 5x5
Kolkov-squad
Hiptrust
5x6 Kastenaufsprünge",,,,,,,,,,,,,,,,,,,,,3c355485-caa7-8044-b6a3-e7d81f81b409,,,,,,,,,,,,,,,,,,,,,,,,,,,,,,
10/16/2022,2022-10-16,Sunday,2022-W43,Frei,,0,,,,FALSE,,,,,,,,,,,,,,,,,,,,,,3c355485-caa7-8061-9179-e4d37067e2f4,,,,,,,,,,,,,,,,,,,,,,,,,,,,,,
10/15/2022,2022-10-15,Saturday,2022-W42,"Sprint, Kraft",,0,,,,FALSE,"250/50/200/120/50
3x
lp: gehen
sp: 12min
4x6 umsetzen vom Boden in squat 50kg
4x6 adduktor 10kg
5x6 beuger ex

ODER:

5x50m
Lp: 20 sek
5x40m
Lp 15 sek
5x80m
Lp: 45 sek 
5x60m
Lp: 30 sek

Sp 10 min 
6x4 Beuger exzentrisch 
5x5 Kniebeuge Font tief 
5x5 Beinpresse umsprünge
5x5 Adduktor",,,,,,,,,,,,,,,,,,,,,3c355485-caa7-80e1-b2de-ccec2158fdbc,,,,,,,,,,,,,,,,,,,,,,,,,,,,,,
10/14/2022,2022-10-14,Friday,2022-W42,Frei,,0,,,,FALSE,,,,,,,,,,,,,,,,,,,,,,3c355485-caa7-8086-8322-e09cbf369d75,,,,,,,,,,,,,,,,,,,,,,,,,,,,,,
10/13/2022,2022-10-13,Thursday,2022-W42,Frei,,0,,,,FALSE,,,,,,,,,,,,,,,,,,,,,,3c355485-caa7-8099-a806-e82a4a36bd2f,,,,,,,,,,,,,,,,,,,,,,,,,,,,,,
10/12/2022,2022-10-12,Wednesday,2022-W42,Regeneration,,0,,,,FALSE,"Hüftmobilität
Sprintgymnastik 
(5x2 runden kniestandgehen)
Hürdenkoordi mit Medball 15min 5kg
Hürdensprüge 10 x 10 Hü.
Sumo-Squad 5x6 85kg
Hiptrust 5x6 70kg+ bänder
Valerji 5x6
6x8 MB Schocken 4kg
6x8 Bodenbombe 4kg
4x60m bis (60-80%) progressiv",,,,,,,,,,,,,,,,,,,,,3c355485-caa7-8043-b06c-d311718d3486,,,,,,,,,,,,,,,,,,,,,,,,,,,,,,
10/11/2022,2022-10-11,Tuesday,2022-W42,Sprint,,0,,,,FALSE,"5x50m
lp: 20s
5x40m
lp: 15s
5x80m
lp: 45s
5x60m
lp: 30s

sp: 10min

4x6 front squat tief 65kg
4x6 umsprünge 45kg 1x53kg
4x6 adduktor 10kg

ODER

60/50/40/30m zur Erwärmung 
5x4x6 Startschritte umlenkrolle 
ZWL (Spikes nicht vergessen)
6x15m Pushbull (70% KöGe)
6x15m (50%KöGe)
6x30 Ablauf technisch
Beuger exzentrisch 6x4 ",,,,,,,,,,,,,,,,,,,,,3c355485-caa7-80aa-bc6d-ea570ec19ef4,,,,,,,,,,,,,,,,,,,,,,,,,,,,,,
10/10/2022,2022-10-10,Monday,2022-W42,"Sprint, Kraft",,0,,,,FALSE,"60/50/40/30
andehnen
6x15m Push bull+45kg
6x15m zwl Schultergurt +25kg
4x30m ablauf
5x6 ausstoßen 50kg
5x6 ausfallschrittsprünge each9-10kg each
kreuzheben 70kg eng",,,,,,,,,,,,,,,,,,,,,3c355485-caa7-8069-8d7f-fc2827e8d888,,,,,,,,,,,,,,,,,,,,,,,,,,,,,,
10/9/2022,2022-10-09,Sunday,2022-W42,Frei,,0,,,,FALSE,,,,,,,,,,,,,,,,,,,,,,3c355485-caa7-800f-9a2e-d4ee2a2830e5,,,,,,,,,,,,,,,,,,,,,,,,,,,,,,
10/8/2022,2022-10-08T10:05:00.000+02:00,Saturday,2022-W41,"Tempos, Kraft",,118,MS Halle,,🌅 Vormittag,FALSE,"TL (Lang) (60-70%)
3x (250/50/200/120/50)
Lp: gehen (laut Plan HPL)
SP: 12min

4x6 Umsetzten in Kniebeuge vom Boden 50/50/50/55kg
Nordic Hamstring 5x6
4x6 Adduktor 10kg",,,,2 - Normal,2 - Okay,3 - Normal,2 - Wenig,,,,,,,66,,,,,,,3c355485-caa7-8075-8a7a-de337733c802,,,,,,,,,,,,,,,,,,,,,,,,,,,,,,
10/7/2022,2022-10-07T17:00:00.000+02:00,Friday,2022-W41,Zirkel,,98,MS Halle,,☀️ Nachmittag,FALSE,"Kraftzirkel 4x10 Wdh.
Ausfallschritte Frequent
Seitliche Liegestützsprünge
Aufsteiger am Kasten (gestrecktes Bein)
Schlagwürfe Medball
Hacke zieht
Elephantengehen
Ausfallschrittwechselsprünge
Seitliches Tiefes Gehen
Liegestütz über Medball
Frontaltwists 
Seitliche Squatjumps 
Übersteiger 10 Hürden

SP: 10min
6x50m Bis 85% progressiv ",,,,,,,,,,,,,,,,,,,,,3c355485-caa7-805f-9183-dd0e024b14da,,,,,,,,,,,,,,,,,,,,,,,,,,,,,,
10/6/2022,2022-10-06T17:00:00.000+02:00,Thursday,2022-W41,Sprung,,115,MS Halle,,☀️ Nachmittag,FALSE,"30x30m Koordination ohne Pause!
6x6 Startschritte mit umlenkrolle 

100 Sprünge
6x10er Sprunglauf
4x5er Hop beid. in die Grube
5x12 Sprünge zwischen den Kästen 

Nordic Hams 5x6 
6x12 Liegestütz ",,,,,,,,,,,,,,,,,,,,,3c355485-caa7-8025-bc08-c8abfee486f4,,,,,,77.9,11.9,,,,,,,,,,,,,,,,,,,,,,,
10/5/2022,2022-10-05T17:04:00.000+02:00,Wednesday,2022-W41,"Sprung, Kraft",,152,MS Halle,,☀️ Nachmittag,FALSE,"Hüftmobilität
Sprintgymnastik 
Hürdenkoordi mit Medball 5kg 15min
Hürdensprüge 9 x 10 Hü.

Sumo-Squad 5x6 80kg
Hiptrust 5x6 7kg + Bänder
Valerji 5x6
4x60m steigernd bis (60-80%) Auslaufen 
6x8 Medball schocken 5kg
6x8 Bodenbombe 5kg",,,,,,,,,,,,84,,,,,,,,,3c355485-caa7-8098-99ce-fb7e7f1311ac,,,,Freunde,,76.15,11.8,,,,,,,,,,,,,,,,,,,,,,,
10/4/2022,2022-10-04T18:00:00.000+02:00,Tuesday,2022-W41,"Sprint, Kraft",,105,MS Halle,,🌙 Abend,FALSE,"5x50m
Lp: 20 sek
5x40m
Lp 15 sek
5x80m
Lp: 45 sek 
5x60m
Lp: 30 sek

Sp 10 min 

4x6 Kniebeuge Font tief 60kg
4x6 Beinpresse umsprünge 45kg
4x6 Adduktor 10kg",,,,,,,,,,,,,,,,,,,,,3c355485-caa7-8041-b1a9-fb5b7b2bdc84,,,,,,76.15,12,,,,,,,,,,,,,,,,,,,,,,,
10/3/2022,2022-10-03T18:00:00.000+02:00,Monday,2022-W41,"Sprint, Kraft",,127,MS Halle,,🌙 Abend,FALSE,"ZWL (Spikes nicht vergessen)
2x60m zur Erwärmung (laut Plan 60/50/40/30m)
6x15m Pushbull+45kg (70% KöGe) 
6x15m ZWL+25kg (50%KöGe)
4x30 Ablauf technisch

Ausstoßen 5x6 30kg
Kreuzheben 5x6 70/70/70/70/80kg
Ausfallschrittsprünge mit Zusatzgewicht (10-15kg) 6x6 je Seite 9kg Kurzhanteln",,,,,,,,,,,,,,,,,,,,,3c355485-caa7-80a2-9fc4-c477849f17a2,,,,,,76.7,12,,,,,,,,,,,,,,,,,,,,,,,
10/2/2022,2022-10-02,Sunday,2022-W41,Frei,,0,,,,FALSE,,,,,,,,,,,,,,,,,,,,,,3c355485-caa7-8090-989d-fe67b218b9d6,,,,,,,,,,,,,,,,,,,,,,,,,,,,,,
10/1/2022,2022-10-01,Saturday,2022-W40,Frei,,0,,,,FALSE,Frei Urlaub,,,,,,,,,,,,,,,,,,,,,3c355485-caa7-807e-b93d-d3d311c74db9,,,,Reisestress,Anderes Bett,,,,,,,,,,,,,,,,,,,,,,,,,
9/30/2022,2022-09-30,Friday,2022-W40,Frei,,0,,,,FALSE,"Frei Urlaub oder:

Kraftzirkel 3x12 Wdh.
Ausfallschritte Frequent
Seitliche Liegestützsprünge
Aufsteiger am Kasten (gestrecktes Bein)
Schlagwürfe Medball
Hacke zieht
Elephantengehen
Seitliches Tiefes Gehen
Liegestütz über Medball
Frontaltwists 
Seitliche Squatjumps 
Übersteiger 15 Hürden

8x50m Steigern ohne Pause",,,,,,,,,,,,,,,,,,,,,3c355485-caa7-8084-93df-c2ab464cce3b,"Spaziergang, Outdoor-Time, Urlaub",,,,Anderes Bett,,,,,,,,,,,,,,,,,,,,,,,,,
9/29/2022,2022-09-29,Thursday,2022-W40,Frei,,0,,,,FALSE,"Frei Urlaub oder:

30x30m Koordination ohne Pause!

100 Sprünge
6x10er Sprunglauf
4x5er Hop beid. in die Grube
Aussprünge an Stufe (6x6 Je Seite)

Nordic Hams 5x6 
6x12 Liegestütz ",,,,,,,,,,,,,,,,,,,,,3c355485-caa7-8007-b06a-fa272ec46403,"Spaziergang, Outdoor-Time, Urlaub",,,,Anderes Bett,,,,,,,,,,,,,,,,,,,,,,,,,
9/28/2022,2022-09-28,Wednesday,2022-W40,Frei,,0,,,,FALSE,"Frei Urlaub oder:

Hüftmobilität
Sprintgymnastik 
Hürdenkoordi mit Medball
Hürdensprüge 10 x 10 Hü.

Sumo-Squad 5x6
Hiptrust 5x6
Valerji 5x6
4x60m steigernd bis (60-80%) Auslaufen 
6x8 Medball schocken 
6x8 Bodenbombe",,,,,,,,,,,,0,,,,,,,,,3c355485-caa7-804d-9f31-e91bb6d938ea,"Outdoor-Time, Spaziergang, Urlaub",,,,Anderes Bett,,,,,,,,,,,,,,,,,,,,,,,,,
9/27/2022,2022-09-27,Tuesday,2022-W40,Frei,,0,,,,FALSE,"Frei Urlaub oder:

ZWL (Spikes nicht vergessen)
60/50/40/30m zur Erwärmung 
6x15m Pushbull (70% KöGe)
6x15m (50%KöGe)
4x30 Ablauf technisch

Ausstoßen 5x6
Kreuzheben 5x6
Ausfallschrittsprünge mit Zusatzgewicht (10-15kg) 6x6 je Seite",,,,,,,,,,,,,,,,,,,,,3c355485-caa7-80b4-90ef-eb4ca833d4d0,"Spaziergang, Outdoor-Time, Urlaub",,,,Anderes Bett,,,,,,,,,,,,,,,,,,,,,,,,,
9/26/2022,2022-09-26,Monday,2022-W40,Frei,,0,,,,FALSE,"Frei Urlaub oder:

5x50m
Lp: 20 sek
5x40m
Lp 15 sek
5x80m
Lp: 45 sek 
5x60m
Lp: 30 sek

Sp 10 min 
4x6 Kniebeuge Font tief 
4x6 Beinpresse umsprünge
4x6 Adduktor",,,,,,,,,,,,,,,,,,,,,3c355485-caa7-8012-b864-ff99ed559876,"Spaziergang, Outdoor-Time, Urlaub",,,,Anderes Bett,,,,,,,,,,,,,,,,,,,,,,,,,
9/25/2022,2022-09-25,Sunday,2022-W40,Frei,,0,,,,FALSE,Frei Urlaub,,,,,,,,,,,,,,,,,,,,,3c355485-caa7-80c4-b1e7-cec6ee6ed104,"Outdoor-Time, Urlaub, Spaziergang",,,,Anderes Bett,,,,,,,,,,,,,,,,,,,,,,,,,
9/24/2022,2022-09-24,Saturday,2022-W39,Frei,,0,,,,FALSE,"Frei Urlaub oder:

TL (Lang) (60-70%)
3x (250/50/200/120/50)
Lp: Hopserlauf 
SP: 12min

4x6 Umsetzten in Kniebeuge 
Nordic Hamstring 5x6
4x6 Adduktor ",,,,,,,,,,,,,,0,,,,,,,3c355485-caa7-80ae-9fb0-c831a58fd86d,"Outdoor-Time, Urlaub",,,,Anderes Bett,,,,,,,,,,,,,,,,,,,,,,,,,
9/23/2022,2022-09-23,Friday,2022-W39,Frei,,0,,,,FALSE,"Frei Urlaub oder

ZWL (Spikes nicht vergessen)
60/50/40/30m zur Erwärmung 
5x15m Pushbull (70% KöGe)
5x15m (50%KöGe)
3x30 Ablauf technisch
Ausstoßen 5x6
Kreuzheben 4x6
Ausfallschrittsprünge mit Zusatzgewicht (10-15kg) 6x6 je Seite",,,,,,,,,,,,,,,,,,,,,3c355485-caa7-8030-9167-c9f3f56588c5,"Outdoor-Time, Urlaub",,,,Anderes Bett,,,,,,,,,,,,,,,,,,,,,,,,,
9/22/2022,2022-09-22,Thursday,2022-W39,Frei,,0,,,,FALSE,"Frei Urlaub oder

Kraftzirkel 3x12 Wdh.
Ausfallschritte Frequent
Seitliche Liegestützsprünge
Aufsteiger am Kasten (gestrecktes Bein)
Schlagwürfe Medball
Hacke zieht
Elephantengehen
Seitliches Tiefes Gehen
Liegestütz über Medball
Frontaltwists 
Seitliche Squatjumps 
Übersteiger 15 Hürden

8x50m Steigern ohne Pause",,,,,,,,,,,,,,,,,,,,,3c355485-caa7-802c-a8a2-f4e3416cdbc9,"Outdoor-Time, Urlaub",,,,Anderes Bett,,,,,,,,,,,,,,,,,,,,,,,,,
9/21/2022,2022-09-21,Wednesday,2022-W39,Frei,,0,,,,FALSE,"Frei Urlaub oder:

Hüftmobilität
Sprintgymnastik 
Hürdenkoordi mit Medball
Hürdensprüge 10 x 10 Hü.

Umsetzen vom Boden 4x6
Hiptrust 4x6
Valerji 4x6
4x60m steigernd bis (60-80%) Auslaufen ",,,,,,,,,,,,0,,0,,,,,,,3c355485-caa7-8056-8bf3-d91f3d7c5c23,"Outdoor-Time, Urlaub",,,,Anderes Bett,,,,,,,,,,,,,,,,,,,,,,,,,
9/20/2022,2022-09-20,Tuesday,2022-W39,Frei,,0,,,,FALSE,"Frei Urlaub oder:

30x30m Koordination ohne Pause!
Mit Zusatz wie Medball, Stab, Gewichtsweste etc.

100 Sprünge
5x10er Sprunglauf
4x5er Hop beid. in die Grube
Dropjumps zwischen den Kästen (5x10)

Hüftbeuger exzentrisch 4x6
Nordic Hams 5x6 
Wade Exzentrisch 4x6
6x8 Medball schocken 
6x8 Bodenbombe",,,,,,,,,,,,,,,,,,,,,3c355485-caa7-8000-9854-f00148c04553,"Urlaub, Outdoor-Time",,,,Anderes Bett,,,,,,,,,,,,,,,,,,,,,,,,,
9/19/2022,2022-09-19,Monday,2022-W39,Frei,,0,,,,FALSE,"Frei Urlaub oder laut Plan:

5x50m
Lp: 30 sek
5x40m 
Lp 20 sek
5x80m
Lp: 60 sek 
5x60m
Lp: 40 sek

Sp 10 min 
4x6 Kniebeuge Font tief 
4x6 Beinpresse umsprünge
4x6 Adduktor",,,,,,,,,,,,,,,,,,,,,3c355485-caa7-809d-9e43-d7ad55c30d34,,,,Reisestress,,,,,,,,,,,,,,,,,,,,,,,,,,
9/18/2022,2022-09-18,Sunday,2022-W39,Frei,,0,,,,FALSE,,,,,,,,,,,,,,,,,,,,,,3c355485-caa7-80ad-92b3-d29854e4f68e,,,,,,,,,,,,,,,,,,,,,,,,,,,,,,
9/17/2022,2022-09-17,Saturday,2022-W38,Frei,,0,,,,FALSE,,,,,,,,,,,,,,,,,,,,,,3c355485-caa7-80fb-9911-dbf31859a661,,,,,,,,,,,,,,,,,,,,,,,,,,,,,,
9/16/2022,2022-09-16T18:00:00.000+02:00,Friday,2022-W38,"Diagnostik, Sprint, Sprung, Kraft",,124,MS Halle,,🌙 Abend,FALSE,"Test
Sprint / Sprung
60m: 6,92s
0-30m: 3,77s
30-60m: 3,15s
Jump and Reach: 82cm
10er Sprunglauf: 30,60m

und laut Plan:

Hürdenkoordi (30 min)
Hürdensprünge (10x5 Hü.)

Umsetzen von Boden in Kniebeuge 3x6
Hiptrust 3x6
Sumo-Squad 3x6
Nordic-Hamstring 3x8",,,,,,,,,,,,0,,0,,,,3.15,6.92,,3c355485-caa7-807a-9941-f75cfc143aa7,,,,,,,,,,,,82,,,,,,,,,,,,,,,,,,
9/15/2022,2022-09-15,Thursday,2022-W38,Frei,,0,,,,FALSE,,,,,,,,,,,,,,,,,,,,,,3c355485-caa7-8029-a48c-e4309d31a7c6,,,,"Freunde, Reisestress",,,,,,,,,,,,,,,,,,,,,,,,,,
9/14/2022,2022-09-14T18:00:00.000+02:00,Wednesday,2022-W38,"Diagnostik, Kraft",,104,,,🌙 Abend,FALSE,"Test
Kraft 1 Rp. Max
Umsetzen: 110kg
Beugermaschine einb.: 75kg
Kniebeuge auf Kasten: 190kg
Bankdrücken: 80kg
Bankziehen: 80kg
Kugelschocken 
Front: 16m
Back: 19,80m

(Koordination (30 min)
mit Seilchen
Kraft 3x6 Wdh.
Tiefkniebeuge Front
Kreuzheben
Seilzug exzentrisch
8x6 Medball schocken)",,,,,,,,,,,,,,113.7,,,,,,,3c355485-caa7-80cd-a79e-efc110383c82,,,,,,,,,,,,,,,,,,,,,,,,,,,,,,
9/13/2022,2022-09-13,Tuesday,2022-W38,Frei,,0,,,,FALSE,,,,,,,,,,,,,,,,,,,,,,3c355485-caa7-80aa-a34b-ddb722d88169,,,,"Freunde, Reisestress, Arbeitsstress",,,,,,,,,,,,,,,,,,,,,,,,,,
9/12/2022,2022-09-12,Monday,2022-W38,Sprint,,0,,,,FALSE,"Frei Arbeit oder:

5x50m
Lp: 30 sek
5x80m
Lp 1 min
5x60m
Lp: 45 sek 
5x50m
Lp: 30 sek

Sp 10 min 

Nordic-Hamstring 4x6
8x6 Medball schocken 
6x8 Bodenbombe",,,,,,,,,,,,,,,,,,,,,3c355485-caa7-80b7-b9dc-fef02299cfb9,,,,"Freunde, Reisestress, Arbeitsstress",,,,,,,,,,,,,,,,,,,,,,,,,,
9/11/2022,2022-09-11,Sunday,2022-W38,Frei,,0,,,,FALSE,,,,,,,,,,,,,,,,,,,,,,3c355485-caa7-80c2-8d89-f61e4fa7279e,,,,,,,,,,,,,,,,,,,,,,,,,,,,,,
9/10/2022,2022-09-10,Saturday,2022-W37,Frei,,0,,,,FALSE,,,,,,,,,,,,,,,,,,,,,,3c355485-caa7-808e-9d37-c63c5d0e3224,,,,,,,,,,,,,,,,,,,,,,,,,,,,,,
9/9/2022,2022-09-09T18:39:00.000+02:00,Friday,2022-W37,Kraft,,268,,,🌙 Abend,FALSE,"Hürdenkoordi (30 min)
Hürdensprünge (10x5 Hü.)

Umsetzen von Boden in Kniebeuge 3x6
Hiptrust 3x6
Sumo-Squad 3x6
Nordic-Hamstring 3x8",,,,,,,,,,,,0,,0,,,,,,,3c355485-caa7-804b-8fff-fb3f79e09627,,,,"Freunde, Reisestress, Arbeitsstress",,,,,,,,,,,,,,,,,,,,,,,,,,
9/8/2022,2022-09-08,Thursday,2022-W37,Frei,,0,,,,FALSE,,,,,,,,,,,,,,,,,,,,,,3c355485-caa7-808d-b9c8-f820d573c2cd,,,,"Freunde, Reisestress, Arbeitsstress",,,,,,,,,,,,,,,,,,,,,,,,,,
9/7/2022,2022-09-07T18:00:00.000+02:00,Wednesday,2022-W37,Kraft,,117,MS Halle,,🌙 Abend,FALSE,"Koordination (30 min)
mit Seilchen

Tiefkniebeuge Front 3x6
Kreuzheben 3x6
Seilzug exzentrisch 3x6
8x6 Medball schocken 

Athletik",,,,,,,,,,,,,,,,,,,,,3c355485-caa7-80ad-9369-d41e1b0984cb,,,,"Freunde, Reisestress, Arbeitsstress",,,,,,,,,,,,,,,,,,,,,,,,,,
9/6/2022,2022-09-06,Tuesday,2022-W37,Frei,,0,,,,FALSE,,,,,,,,,,,,,,,,,,,,,,3c355485-caa7-807e-b6d6-e4c8527880e5,,,,"Freunde, Reisestress, Arbeitsstress",,,,,,,,,,,,,,,,,,,,,,,,,,
9/5/2022,2022-09-05T18:00:00.000+02:00,Monday,2022-W37,Sprint,,88,MS Halle,,🌙 Abend,FALSE,"5x50m
Lp: 30 sek
5x80m 
Lp 1 min
5x60m
Lp: 45 sek 
5x50m
Lp: 30 sek

Sp 10 min 
Nordic-Hamstring 4x6
8x6 Medball schocken 
6x8 Bodenbombe",,,,,,,,,,,,,,,,,,,,,3c355485-caa7-8078-b525-c90710a1efc0,,,,"Freunde, Reisestress, Arbeitsstress",,,,,,,,,,,,,,,,,,,,,,,,,,
9/4/2022,2022-09-04,Sunday,2022-W37,Frei,,0,,,,FALSE,,,,,,,,,,,,,,,,,,,,,,3be55485-caa7-80a7-b40b-f19650fe01e5,,,,,,,,,,,,,,,,,,,,,,,,,,,,,,
9/3/2022,2022-09-03,Saturday,2022-W36,Frei,,0,,,,FALSE,,,,,,,,,,,,,,,,,,,,,,3be55485-caa7-8082-98fb-d15b4e7af5e9,"Spaziergang, Outdoor-Time",,,,,,,,,,,,,,,,,,,,,,,,,,,,,
9/2/2022,2022-09-02T17:21:00.000+02:00,Friday,2022-W36,"Regeneration, Kraft",,83,MS Halle,,☀️ Nachmittag,FALSE,"30min Hürdenkordi
10x5 Hürdensprünge

hipthrust 3x6
umsetzen vom Boden 3x6
Sumo-Squat 3x6
beuger ex 3x8",,,,,,,,,,,,0,,0,,,,,,,3be55485-caa7-8047-9e2b-f666d950481d,,,,"Freunde, Reisestress, Arbeitsstress",,80.25,12.3,,,,,,,,,,,,,,,,,,,,,,,
9/1/2022,2022-09-01,Thursday,2022-W36,Frei,,0,,,,FALSE,,,,,,,,,,,,,,,,,,,,,,3be55485-caa7-8056-807e-e8df1af42fac,,,,"Freunde, Reisestress, Arbeitsstress",,80.25,12.2,,,,,,,,,,,,,,,,,,,,,,,
8/31/2022,2022-08-31T18:07:00.000+02:00,Wednesday,2022-W36,Kraft,,78,MS Halle,,🌙 Abend,FALSE,"Koordination (30 min)mit Seilchen

Tiefkniebeuge Front 3x6
Kreuzheben 3x6
Seilzug exzentrisch 3x6",,,,,,,,,,,,,,,,,,,,,3c355485-caa7-8048-8b6d-ceaac7914fe0,,,,"Freunde, Reisestress, Arbeitsstress",,80.25,12.2,,,,,,,,,,,,,,,,,,,,,,,
8/30/2022,2022-08-30,Tuesday,2022-W36,Frei,,0,,,,FALSE,,,,,,,,,,,,,,,,,,,,,,3c355485-caa7-80d2-8517-f8df3d7a28ae,,,,"Freunde, Reisestress, Arbeitsstress",,80.25,12.2,,,,,,,,,,,,,,,,,,,,,,,
8/29/2022,2022-08-29T18:25:00.000+02:00,Monday,2022-W36,Sprint,Tempos,81,MS Halle,,🌙 Abend,FALSE,"5x50m
Lp 1 min
5x80m
Lp 1,5 min
5x60m
Lp: 1min 
5x50m
Lp: 30 sek

Sp 8 min 
Nordic-Hamstring 4x6
8x6 Medball schocken",,,,,,,,,,,,,,,,,,,,,3c355485-caa7-8032-9c2b-f652f2e34c42,,,,"Freunde, Reisestress, Arbeitsstress",,80.55,12.3,,,,,,,,,,,,,,,,,,,,,,,
8/28/2022,2022-08-28,Sunday,2022-W36,Frei,,0,,,,FALSE,,,,,,,,,,,,,,,,,,,,,,3c355485-caa7-808c-9ee1-ce699965b129,,,,,,,,,,,,,,,,,,,,,,,,,,,,,,
8/27/2022,2022-08-27,Saturday,2022-W35,Frei,,0,,,,FALSE,,,,,,,,,,,,,,,,,,,,,,3c355485-caa7-8076-a250-dcd2668c49a9,,,,,,,,,,,,,,,,,,,,,,,,,,,,,,
8/26/2022,2022-08-26T18:09:00.000+02:00,Friday,2022-W35,Kraft,,54,MS Halle,,🌙 Abend,FALSE,"Hürdenkoordi (30 min)
Hürdensprünge (10x5 Hü.)

Hiptrust 3x6
Umsetzen von Boden 3x6
Nordic-Hamstring 3x8",,,,,,,,,,,,0,,0,,,,,,,3c355485-caa7-8031-a7b7-c3a25f5a902b,,,,"Freunde, Reisestress, Arbeitsstress",,80.55,12.2,,,,,,,,,,,,,,,,,,,,,,,
8/25/2022,2022-08-25,Thursday,2022-W35,Frei,,0,,,,FALSE,,,,,,,,,,,,,,,,,,,,,,3c355485-caa7-80c4-a7ad-d6f0f8c43722,,,,"Freunde, Reisestress, Arbeitsstress",,80.55,12.3,,,,,,,,,,,,,,,,,,,,,,,
8/24/2022,2022-08-24,Wednesday,2022-W35,Frei,,0,,,,FALSE,"Frei Arbeit oder

Koordination (30 min)
mit Seilchen

Tiefkniebeuge Front 3x6
Kreuzheben 3x6
Seilzug 3x6",,,,,,,,,,,,,,,,,,,,,3c355485-caa7-80fb-8f05-fc89e4e3c9c4,,,,"Freunde, Reisestress, Arbeitsstress",,80.55,12.2,,,,,,,,,,,,,,,,,,,,,,,
8/23/2022,2022-08-23,Tuesday,2022-W35,Frei,,0,,,,FALSE,,,,,,,,,,,,,,,,,,,,,,3c355485-caa7-8048-a185-e32bacc04c12,,,,"Freunde, Reisestress, Arbeitsstress",,79.9,12.4,,,,,,,,,,,,,,,,,,,,,,,
8/22/2022,2022-08-22,Monday,2022-W35,Sprint,,0,,,,FALSE,"5x40m
Lp 1,5 min
5x60m 
Lp 1 min
5x80m
Lp: 30 sek 
5x50m
Lp 1min 

Sp 8 min 
Nordic-Hamstring 4x6

ODER Frei wegen Arbeit",,,,,,,,,,,,,,,,,,,,,3c355485-caa7-8066-9d3d-d76d482a68b0,,,,"Freunde, Reisestress, Arbeitsstress",,79.6,12.4,,,,,,,,,,,,,,,,,,,,,,,
8/21/2022,2022-08-21,Sunday,2022-W35,,,0,,,,FALSE,,,,,,,,,,,,,,,,,,,,,,3c355485-caa7-8021-80eb-cd4c819795e2,,,,,,,,,,,,,,,,,,,,,,,,,,,,,,
8/20/2022,2022-08-20,Saturday,2022-W34,,,0,,,,FALSE,,,,,,,,,,,,,,,,,,,,,,3c255485-caa7-80b6-bb33-e48d5b3f574c,,,,Freunde,,,,,,,,,,,,,,,,,,,,,,,,,,
8/19/2022,2022-08-19,Friday,2022-W34,Frei,,0,,,,FALSE,,,,,,,,,,,,,,,,,,,,,,3c155485-caa7-80b0-85b0-f785f5750e8d,,,,"Freunde, Reisestress, Arbeitsstress",,79.95,12.3,,,,,,,,,,,,,,,,,,,,,,,
8/18/2022,2022-08-18,Thursday,2022-W34,Frei,,0,,,,FALSE,,,,,,,,,,,,,,,,,,,,,,3c055485-caa7-803c-936d-e4fb2f949de0,,,,"Freunde, Reisestress, Arbeitsstress",,80.3,12.3,,,,,,,,,,,,,,,,,,,,,,,
8/17/2022,2022-08-17,Wednesday,2022-W34,,,0,,,,FALSE,,,,,,,,,,,,,,,,,,,,,,3bf55485-caa7-80e4-9c6e-d9578cd27588,,,,,,80.5,12.4,,,,,,,,,,,,,,,,,,,,,,,
8/16/2022,2022-08-16,Tuesday,2022-W34,Frei,,0,,,,FALSE,,,,,,,,,,,,,,,,,,,,,,3be55485-caa7-805c-822b-d8b06a1153cb,,,,"Freunde, Reisestress, Arbeitsstress",,81.3,12.5,,,,,,,,,,,,,,,,,,,,,,,
8/15/2022,2022-08-15,Monday,2022-W34,Frei,,0,,,,FALSE,,,,,,,,,,,,,,,,,,,,,,3bd55485-caa7-80bb-aa2e-fb0424f8d702,,,,"Freunde, Reisestress, Arbeitsstress",,80.8,12.5,,,,,,,,,,,,,,,,,,,,,,,
8/14/2022,2022-08-14,Sunday,2022-W34,,,0,,,,FALSE,,,,,,,,,,,,,,,,,,,,,,3bc55485-caa7-80e2-b3f6-d3e6c275ce5b,,,,,,,,,,,,,,,,,,,,,,,,,,,,,,
8/13/2022,2022-08-13,Saturday,2022-W33,,,0,,,,FALSE,,,,,,,,,,,,,,,,,,,,,,3bb55485-caa7-80ac-819d-d2182380cc50,,,,,,,,,,,,,,,,,,,,,,,,,,,,,,
8/12/2022,2022-08-12,Friday,2022-W33,,,0,,,,FALSE,,,,,,,,,,,,,,,,,,,,,,3ba55485-caa7-8085-9628-e1e40b49a9ba,,,,,,80.15,12.3,,,,,,,,,,,,,,,,,,,,,,,
8/11/2022,2022-08-11,Thursday,2022-W33,,,0,,,,FALSE,,,,,,,,,,,,,,,,,,,,,,3b955485-caa7-8099-af2a-d26157006d7d,,,,,,80.95,12.6,,,,,,,,,,,,,,,,,,,,,,,
8/10/2022,2022-08-10,Wednesday,2022-W33,,,0,,,,FALSE,,,,,,,,,,,,,,,,,,,,,,3b855485-caa7-80c9-b2c1-f470f0a3b4b9,,,,,,80.25,12.5,,,,,,,,,,,,,,,,,,,,,,,
8/9/2022,2022-08-09,Tuesday,2022-W33,,,0,,,,FALSE,,,,,,,,,,,,,,,,,,,,,,3b755485-caa7-80aa-b487-c60eaec2fe07,,,,,,80.25,12.4,,,,,,,,,,,,,,,,,,,,,,,
8/8/2022,2022-08-08,Monday,2022-W33,,,0,,,,FALSE,,,,,,,,,,,,,,,,,,,,,,3b655485-caa7-802e-b25a-d55e3d43414c,,,,,,,,,,,,,,,,,,,,,,,,,,,,,,
8/7/2022,2022-08-07,Sunday,2022-W33,,,0,,,,FALSE,,,,,,,,,,,,,,,,,,,,,,3b555485-caa7-807b-abf5-d55eacd4248b,,,,,,,,,,,,,,,,,,,,,,,,,,,,,,
8/6/2022,2022-08-06,Saturday,2022-W32,,,0,,,,FALSE,,,,,,,,,,,,,,,,,,,,,,3b455485-caa7-80ec-90ad-e9eb94de1bbb,,,,"Freunde, Reisestress",,,,,,,,,,,,,,,,,,,,,,,,,,
8/5/2022,2022-08-05,Friday,2022-W32,,,0,,,,FALSE,,,,,,,,,,,,,,,,,,,,,,3b355485-caa7-80bb-9639-d3025f355a91,,,,,,80.65,12.4,,,,,,,,,,,,,,,,,,,,,,,
8/4/2022,2022-08-04,Thursday,2022-W32,,,0,,,,FALSE,,,,,,,,,,,,,,,,,,,,,,3b255485-caa7-8028-9d9b-f65daa0c8bbe,,,,,,80.65,12.4,,,,,,,,,,,,,,,,,,,,,,,
8/3/2022,2022-08-03,Wednesday,2022-W32,,,0,,,,FALSE,,,,,,,,,,,,,,,,,,,,,,3b155485-caa7-8019-aefa-ff990519967a,,,,,,81.4,12.6,,,,,,,,,,,,,,,,,,,,,,,
8/2/2022,2022-08-02,Tuesday,2022-W32,,,0,,,,FALSE,,,,,,,,,,,,,,,,,,,,,,3b055485-caa7-800c-873c-cecb66efb3a1,,,,,,81.15,12.5,,,,,,,,,,,,,,,,,,,,,,,
8/1/2022,2022-08-01,Monday,2022-W32,,,0,,,,FALSE,,,,,,,,,,,,,,,,,,,,,,3af55485-caa7-80de-8f3a-e54ca3c3e421,,,,,,,,,,,,,,,,,,,,,,,,,,,,,,
7/31/2022,2022-07-31,Sunday,2022-W32,,,0,,,,FALSE,,,,,,,,,,,,,,,,,,,,,,3ae55485-caa7-80f0-9245-f286c018fb07,,,,,,,,,,,,,,,,,,,,,,,,,,,,,,
7/30/2022,2022-07-30,Saturday,2022-W31,,,0,,,,FALSE,,,,,,,,,,,,,,,,,,,,,,3ad55485-caa7-801f-be88-e932976db324,,,,,,79.9,12.4,,,,,,,,,,,,,,,,,,,,,,,
7/29/2022,2022-07-29,Friday,2022-W31,,,0,,,,FALSE,,,,,,,,,,,,,,,,,,,,,,3ac55485-caa7-8094-8604-c6569240025a,,,,,,,,,,,,,,,,,,,,,,,,,,,,,,
7/28/2022,2022-07-28,Thursday,2022-W31,,,0,,,,FALSE,,,,,,,,,,,,,,,,,,,,,,3ab55485-caa7-80c0-b87e-d23bcaa3da52,,,,,,81.5,12.4,,,,,,,,,,,,,,,,,,,,,,,
7/27/2022,2022-07-27,Wednesday,2022-W31,,,0,,,,FALSE,,,,,,,,,,,,,,,,,,,,,,3aa55485-caa7-8017-8467-f9ee7938dd1e,,,,,,81.5,12.4,,,,,,,,,,,,,,,,,,,,,,,
7/26/2022,2022-07-26,Tuesday,2022-W31,,,0,,,,FALSE,,,,,,,,,,,,,,,,,,,,,,3a955485-caa7-80d5-a1e3-ebc4c1b3c296,,,,,,80.85,12.4,,,,,,,,,,,,,,,,,,,,,,,
7/25/2022,2022-07-25,Monday,2022-W31,,,0,,,,FALSE,,,,,,,,,,,,,,,,,,,,,,3a855485-caa7-80f8-b934-e02f73ab7873,,,,,,81.1,12.3,,,,,,,,,,,,,,,,,,,,,,,
7/24/2022,2022-07-24,Sunday,2022-W31,,,0,,,,FALSE,,,,,,,,,,,,,,,,,,,,,,3a755485-caa7-80c1-99e6-cfe1da21adca,,,,,,,,,,,,,,,,,,,,,,,,,,,,,,
7/23/2022,2022-07-23,Saturday,2022-W30,Wettkampf,,0,Bochum,,,FALSE,"100m VL: 10.72s -0.4m/s
100m ZL: 10.66s -0.6m/s
100m EL: 10.65s +0.2m/s",,,,,,,,,,,,,,,,,,,,10.65,2cb55485-caa7-80f5-bc0e-ff494bbe1189,,,,"Reisestress, Freunde",,,,,,,,,,,,,,,,,,,,,,,,,,
7/22/2022,2022-07-22,Friday,2022-W30,,,0,MS Halle,,,FALSE,,,,,,,,,,,,,,,,,,,,,,3a555485-caa7-80ed-902a-ef320e8bc543,,,,,,81.5,12.5,,,,,,,,,,,,,,,,,,,,,,,
7/21/2022,2022-07-21,Thursday,2022-W30,,,0,,,,FALSE,,,,,,,,,,,,,,,,,,,,,,3a455485-caa7-80d8-9062-f68da4bc9f4d,,,,,,79.95,12.3,,,,,,,,,,,,,,,,,,,,,,,
7/20/2022,2022-07-20,Wednesday,2022-W30,,,0,MS Halle,,,FALSE,,,,,,,,,,,,,,,,,,,,,,3a355485-caa7-80f6-8cd2-d1fbea5b13d9,,,,,,80.75,12.6,,,,,,,,,,,,,,,,,,,,,,,
7/19/2022,2022-07-19,Tuesday,2022-W30,,,0,MS Halle,,,FALSE,,,,,,,,,,,,,,,,,,,,,,3a255485-caa7-801c-97f1-dbc969f5790d,,,,,,81.5,12.7,,,,,,,,,,,,,,,,,,,,,,,
7/18/2022,2022-07-18,Monday,2022-W30,,,0,,,,FALSE,,,,,,,,,,,,,,,,,,,,,,3a155485-caa7-8017-b365-c9251abd506e,,,,,,82.1,12.5,,,,,,,,,,,,,,,,,,,,,,,
7/17/2022,2022-07-17,Sunday,2022-W30,,,0,MS Halle,,,FALSE,,,,,,,,,,,,,,,,,,,,,,3a055485-caa7-80f7-b9af-ef8a803b2fab,,,,,,,,,,,,,,,,,,,,,,,,,,,,,,
7/16/2022,2022-07-16,Saturday,2022-W29,,,0,MS Halle,,,FALSE,,,,,,,,,,,,,,,,,,,,,,39f55485-caa7-806c-9466-ecc8f380b115,,,,,,,,,,,,,,,,,,,,,,,,,,,,,,
7/15/2022,2022-07-15,Friday,2022-W29,,,0,MS Halle,,,FALSE,,,,,,,,,,,,,,,,,,,,,,39e55485-caa7-8060-8a37-fc288694248e,,,,,,,,,,,,,,,,,,,,,,,,,,,,,,
7/14/2022,2022-07-14,Thursday,2022-W29,,,0,MS Halle,,,FALSE,,,,,,,,,,,,,,,,,,,,,,39d55485-caa7-804c-8193-f8b421da3da0,,,,,,,,,,,,,,,,,,,,,,,,,,,,,,
7/13/2022,2022-07-13,Wednesday,2022-W29,,,0,MS Halle,,,FALSE,,,,,,,,,,,,,,,,,,,,,,39c55485-caa7-80d9-8447-cb01c212e62b,,,,Freunde,,80.7,12.3,,,,,,,,,,,,,,,,,,,,,,,
7/12/2022,2022-07-12,Tuesday,2022-W29,,,0,MS Halle,,,FALSE,,,,,,,,,,,,,,,,,,,,,,39b55485-caa7-80ee-9f10-dec9cbac81a0,,,,,,81.2,12.3,,,,,,,,,,,,,,,,,,,,,,,
7/11/2022,2022-07-11,Monday,2022-W29,,,0,MS Halle,,,FALSE,,,,,,,,,,,,,,,,,,,,,,39a55485-caa7-8004-83db-cf1b318b158c,,,,,,81.6,12.5,,,,,,,,,,,,,,,,,,,,,,,
7/10/2022,2022-07-10,Sunday,2022-W29,,,0,,,,FALSE,,,,,,,,,,,,,,,,,,,,,,39955485-caa7-8001-8c5d-db96857d956f,,,,,,,,,,,,,,,,,,,,,,,,,,,,,,
7/9/2022,2022-07-09,Saturday,2022-W28,,,0,MS Halle,,,FALSE,,,,,,,,,,,,,,,,,,,,,,39855485-caa7-8040-a51d-eba6e5854032,,,,,,,,,,,,,,,,,,,,,,,,,,,,,,
7/8/2022,2022-07-08,Friday,2022-W28,,,0,MS Halle,,,FALSE,,,,,,,,,,,,,,,,,,,,,,39755485-caa7-8056-9103-e2fa7afd14e9,,,,,,,,,,,,,,,,,,,,,,,,,,,,,,
7/7/2022,2022-07-07,Thursday,2022-W28,,,0,,,,FALSE,,,,,,,,,,,,,,,,,,,,,,39655485-caa7-8011-90c7-ead5a27030aa,,,,,,,,,,,,,,,,,,,,,,,,,,,,,,
7/6/2022,2022-07-06,Wednesday,2022-W28,,,0,MS Halle,,,FALSE,,,,,,,,,,,,,,,,,,,,,,39555485-caa7-806d-af65-d36c75298115,,,,,,,,,,,,,,,,,,,,,,,,,,,,,,
7/5/2022,2022-07-05,Tuesday,2022-W28,,,0,MS Halle,,,FALSE,,,,,,,,,,,,,,,,,,,,,,39455485-caa7-8098-a850-d030a8c95472,,,,,,,,,,,,,,,,,,,,,,,,,,,,,,
7/4/2022,2022-07-04,Monday,2022-W28,,,0,MS Halle,,,FALSE,,,,,,,,,,,,,,,,,,,,,,39355485-caa7-8041-bbbb-f475a3ce8153,,,,,,,,,,,,,,,,,,,,,,,,,,,,,,
7/3/2022,2022-07-03,Sunday,2022-W28,Frei,,0,,,,FALSE,,,,,,,,,,,,,,,,,,,,,,39255485-caa7-80dd-ba4e-ee3ffa17b768,,,,,,,,,,,,,,,,,,,,,,,,,,,,,,
7/2/2022,2022-07-02,Saturday,2022-W27,,,0,MS Halle,,,FALSE,,,,,,,,,,,,,,,,,,,,,,39155485-caa7-80e1-bab8-cc34cb48d7d4,,,,,,82.05,12.5,,,,,,,,,,,,,,,,,,,,,,,
7/1/2022,2022-07-01,Friday,2022-W27,,,0,MS Halle,,,FALSE,,,,,,,,,,,,,,,,,,,,,,39055485-caa7-80a6-a97e-e4b52f08ae46,,,,,,82.05,12.5,,,,,,,,,,,,,,,,,,,,,,,
6/30/2022,2022-06-30,Thursday,2022-W27,,,0,MS Halle,,,FALSE,,,,,,,,,,,,,,,,,,,,,,38f55485-caa7-8047-820f-ffbe2cf76a3f,,,,,,82.05,12.4,,,,,,,,,,,,,,,,,,,,,,,
6/29/2022,2022-06-29,Wednesday,2022-W27,,,0,MS Halle,,,FALSE,,,,,,,,,,,,,,,,,,,,,,38e55485-caa7-8091-a87b-e251fdc6e6d6,,,,,,81.7,12.5,,,,,,,,,,,,,,,,,,,,,,,
6/28/2022,2022-06-28,Tuesday,2022-W27,,,0,,,,FALSE,,,,,,,,,,,,,,,,,,,,,,38e55485-caa7-8023-8cbe-f1abeed8fe6e,,,,,,81.25,12.2,,,,,,,,,,,,,,,,,,,,,,,
6/27/2022,2022-06-27,Monday,2022-W27,,,0,MS Halle,,,FALSE,,,,,,,,,,,,,,,,,,,,,,38c55485-caa7-806d-985f-f90df5dbdda6,,,,,,82.6,12.4,,,,,,,,,,,,,,,,,,,,,,,
6/26/2022,2022-06-26,Sunday,2022-W27,,,0,,,,FALSE,,,,,,,,,,,,,,,,,,,,,,38b55485-caa7-8099-888a-df5f5bb7d2ae,,,,"Freunde, Reisestress",,,,,,,,,,,,,,,,,,,,,,,,,,
6/25/2022,2022-06-25,Saturday,2022-W26,Wettkampf,,0,Berlin,,,FALSE,100m: 10.89s -0.2m/s,,,,,,,,,,,,,,,,,,,,10.89,2cb55485-caa7-8012-85d3-d908047241c6,,,,,Anderes Bett,,,,,,,,,,,,,,,,,,,,,,,,,
6/24/2022,2022-06-24,Friday,2022-W26,,,0,,,,FALSE,,,,,,,,,,,,,,,,,,,,,,38955485-caa7-80ab-950d-ce1b7c7abfef,,,,"Freunde, Reisestress",,,,,,,,,,,,,,,,,,,,,,,,,,
6/23/2022,2022-06-23,Thursday,2022-W26,,,0,,,,FALSE,,,,,,,,,,,,,,,,,,,,,,38855485-caa7-802c-a86b-d8883a7eace5,,,,,,81.7,12.4,,,,,,,,,,,,,,,,,,,,,,,
6/22/2022,2022-06-22,Wednesday,2022-W26,,,0,MS Halle,,,FALSE,,,,,,,,,,,,,,,,,,,,,,38755485-caa7-8079-8008-c3f62b3fe53d,,,,,,82.35,12.4,,,,,,,,,,,,,,,,,,,,,,,
6/21/2022,2022-06-21,Tuesday,2022-W26,,,0,MS Halle,,,FALSE,,,,,,,,,,,,,,,,,,,,,,38655485-caa7-80ab-908e-ef6a0a39551e,,,,,,81.55,12.4,,,,,,,,,,,,,,,,,,,,,,,
6/20/2022,2022-06-20,Monday,2022-W26,,,0,MS Halle,,,FALSE,,,,,,,,,,,,,,,,,,,,,,38555485-caa7-80f2-ba4a-f98c9775edab,,,,,,82.05,12.6,,,,,,,,,,,,,,,,,,,,,,,
6/19/2022,2022-06-19,Sunday,2022-W26,Frei,,0,,,,FALSE,,,,,,,,,,,,,,,,,,,,,,38455485-caa7-80fc-a812-da5b38e61ae4,,,,,,,,,,,,,,,,,,,,,,,,,,,,,,
6/18/2022,2022-06-18,Saturday,2022-W25,,,0,MS Halle,,,FALSE,,,,,,,,,,,,,,,,,,,,,,38355485-caa7-808c-94ab-f28eaf8b1d0d,,,,,,,,,,,,,,,,,,,,,,,,,,,,,,
6/17/2022,2022-06-17,Friday,2022-W25,,,0,MS Halle,,,FALSE,,,,,,,,,,,,,,,,,,,,,,38255485-caa7-807b-af8e-e258756da8f5,,,,,,,,,,,,,,,,,,,,,,,,,,,,,,
6/16/2022,2022-06-16,Thursday,2022-W25,,,0,MS Halle,,,FALSE,,,,,,,,,,,,,,,,,,,,,,38155485-caa7-8013-a241-d87dfd4692f7,,,,,,,,,,,,,,,,,,,,,,,,,,,,,,
6/15/2022,2022-06-15,Wednesday,2022-W25,,,0,MS Halle,,,FALSE,,,,,,,,,,,,,,,,,,,,,,38055485-caa7-80ab-9626-d0588e6897bf,,,,,,,,,,,,,,,,,,,,,,,,,,,,,,
6/14/2022,2022-06-14,Tuesday,2022-W25,,,0,Münster,,,FALSE,,,,,,,,,,,,,,,,,,,,,,37f55485-caa7-80b2-9542-d0cbf4724974,,,,,,,,,,,,,,,,,,,,,,,,,,,,,,
6/13/2022,2022-06-13,Monday,2022-W25,Frei,,0,,,,FALSE,,,,,,,,,,,,,,,,,,,,,,37f55485-caa7-80d1-92e5-ef1c76dc141a,,,,,,,,,,,,,,,,,,,,,,,,,,,,,,
6/12/2022,2022-06-12,Sunday,2022-W25,Wettkampf,,0,Essen,,,FALSE,Weit: 7.06m +0.0m/s,,,,,,,,,,,,,,,7.06,,,,,,2cb55485-caa7-8007-9307-e08be407cc32,,,,"Freunde, Reisestress",,,,,,,,,,,,,,,,,,,,,,,,,,
6/11/2022,2022-06-11,Saturday,2022-W24,Wettkampf,,0,Wetzlar,,,FALSE,"100m VL: 10.59s +2.2m/s
100m EL: 10.67s +1.1m/s
4x100m: 40,64s",,,,,,,,,,,,,,,,,,,,10.59,2cb55485-caa7-8084-a50a-ce548c696c92,,,,"Freunde, Reisestress",,,,,,,,,,,,,,,,,,,,,,,,,,
6/10/2022,2022-06-10,Friday,2022-W24,,,0,MS Halle,,,FALSE,,,,,,,,,,,,,,,,,,,,,,37b55485-caa7-8098-8786-d3a081697dd0,,,,,,,,,,,,,,,,,,,,,,,,,,,,,,
6/9/2022,2022-06-09,Thursday,2022-W24,,,0,MS Halle,,,FALSE,,,,,,,,,,,,,,,,,,,,,,37a55485-caa7-80c9-bc1b-e75ca1899916,,,,,,,,,,,,,,,,,,,,,,,,,,,,,,
6/8/2022,2022-06-08,Wednesday,2022-W24,,,0,MS Halle,,,FALSE,,,,,,,,,,,,,,,,,,,,,,37955485-caa7-80fa-b302-c8fee388e602,,,,,,,,,,,,,,,,,,,,,,,,,,,,,,
6/7/2022,2022-06-07,Tuesday,2022-W24,,,0,MS Halle,,,FALSE,,,,,,,,,,,,,,,,,,,,,,37855485-caa7-80eb-b31f-f0dd1bad15ae,,,,,,,,,,,,,,,,,,,,,,,,,,,,,,
6/6/2022,2022-06-06,Monday,2022-W24,,,0,MS Halle,,,FALSE,,,,,,,,,,,,,,,,,,,,,,37755485-caa7-802c-9f05-d533a6f780a4,,,,,,,,,,,,,,,,,,,,,,,,,,,,,,
6/5/2022,2022-06-05,Sunday,2022-W24,Frei,,0,,,,FALSE,,,,,,,,,,,,,,,,,,,,,,37655485-caa7-80a2-b426-ddb359cfa5a7,,,,,,,,,,,,,,,,,,,,,,,,,,,,,,
6/4/2022,2022-06-04,Saturday,2022-W23,Wettkampf,,0,Gladbeck,,,FALSE,"Weit: 7.00m +2.4m/s
Weit: 6.97m +0.0m/s",,,,,,,,,,,,,,,7.00,,,,,,2cb55485-caa7-8065-a198-d480aac48ad8,,,,"Reisestress, Freunde",,,,,,,,,,,,,,,,,,,,,,,,,,
6/3/2022,2022-06-03,Friday,2022-W23,,,0,MS Halle,,,FALSE,,,,,,,,,,,,,,,,,,,,,,37455485-caa7-8018-b088-e0126e9d0c0c,,,,,,,,,,,,,,,,,,,,,,,,,,,,,,
6/2/2022,2022-06-02,Thursday,2022-W23,,,0,Münster,,,FALSE,,,,,,,,,,,,,,,,,,,,,,37355485-caa7-80ec-8037-ca933bd851be,,,,,,,,,,,,,,,,,,,,,,,,,,,,,,
6/1/2022,2022-06-01,Wednesday,2022-W23,,,0,MS Halle,,,FALSE,,,,,,,,,,,,,,,,,,,,,,37255485-caa7-8047-81da-ed409dbafbdd,,,,,,,,,,,,,,,,,,,,,,,,,,,,,,
5/31/2022,2022-05-31,Tuesday,2022-W23,,,0,Münster,,,FALSE,,,,,,,,,,,,,,,,,,,,,,37155485-caa7-80e7-9dd5-d1ddc758616e,,,,,,,,,,,,,,,,,,,,,,,,,,,,,,
5/30/2022,2022-05-30,Monday,2022-W23,,,0,MS Halle,,,FALSE,,,,,,,,,,,,,,,,,,,,,,37055485-caa7-80f5-90c7-cde61fa17fed,,,,,,,,,,,,,,,,,,,,,,,,,,,,,,
5/29/2022,2022-05-29,Sunday,2022-W23,Frei,,0,,,,FALSE,,,,,,,,,,,,,,,,,,,,,,36f55485-caa7-80a3-8787-f46167918493,,,,,,,,,,,,,,,,,,,,,,,,,,,,,,
5/28/2022,2022-05-28,Saturday,2022-W22,Wettkampf,,0,Weinheim,,,FALSE,100m: 10.72s +0.0m/s,,,,,,,,,,,,,,,,,,,,10.72,2cb55485-caa7-80dc-86e3-d67f34b51c53,,,,,,,,,,,,,,,,,,,,,,,,,,,,,,
5/27/2022,2022-05-27,Friday,2022-W22,,,0,,,,FALSE,,,,,,,,,,,,,,,,,,,,,,36d55485-caa7-80d6-9f62-f7e3e0a36415,,,,"Reisestress, Freunde",,,,,,,,,,,,,,,,,,,,,,,,,,
5/26/2022,2022-05-26,Thursday,2022-W22,Wettkampf,,0,Duisburg,,,FALSE,"100m VL: 10.71s +1.0m/s
100m EL: 10.67s -0.9m/s",,,,,,,,,,,,,,,,,,,,10.67,2cb55485-caa7-8017-9995-ce69918e3b60,,,,Reisestress,,,,,,,,,,,,,,,,,,,,,,,,,,
5/25/2022,2022-05-25,Wednesday,2022-W22,,,0,MS Halle,,,FALSE,,,,,,,,,,,,,,,,,,,,,,36b55485-caa7-80f5-a634-d5e228f91104,,,,,,,,,,,,,,,,,,,,,,,,,,,,,,
5/24/2022,2022-05-24,Tuesday,2022-W22,,,0,MS Halle,,,FALSE,,,,,,,,,,,,,,,,,,,,,,36a55485-caa7-80ed-9d18-cdaeacb56475,,,,,,81.8,12.6,,,,,,,,,,,,,,,,,,,,,,,
5/23/2022,2022-05-23,Monday,2022-W22,,,0,MS Halle,,,FALSE,,,,,,,,,,,,,,,,,,,,,,36955485-caa7-809f-b4b4-f4d15c14b7a0,,,,,,,,,,,,,,,,,,,,,,,,,,,,,,
5/22/2022,2022-05-22,Sunday,2022-W22,,,0,,,,FALSE,,,,,,,,,,,,,,,,,,,,,,36855485-caa7-80f2-87bc-c8a52311ba78,,,,Reisestress,,,,,,,,,,,,,,,,,,,,,,,,,,
5/21/2022,2022-05-21,Saturday,2022-W21,,,0,MS Halle,,,FALSE,,,,,,,,,,,,,,,,,,,,,,36755485-caa7-806f-b257-f65df3f5193f,,,,,,,,,,,,,,,,,,,,,,,,,,,,,,
5/20/2022,2022-05-20,Friday,2022-W21,,,0,MS Halle,,,FALSE,,,,,,,,,,,,,,,,,,,,,,36655485-caa7-8018-855b-e6e90578891c,,,,,,,,,,,,,,,,,,,,,,,,,,,,,,
5/19/2022,2022-05-19,Thursday,2022-W21,,,0,MS Halle,,,FALSE,,,,,,,,,,,,,,,,,,,,,,36555485-caa7-8062-9964-f2a7fd5f6c01,,,,,,,,,,,,,,,,,,,,,,,,,,,,,,
5/18/2022,2022-05-18,Wednesday,2022-W21,,,0,MS Halle,,,FALSE,,,,,,,,,,,,,,,,,,,,,,36455485-caa7-808b-854d-c33a8b9061c0,,,,,,82.55,12.7,,,,,,,,,,,,,,,,,,,,,,,
5/17/2022,2022-05-17,Tuesday,2022-W21,,,0,,,,FALSE,,,,,,,,,,,,,,,,,,,,,,36455485-caa7-8004-9c9d-f3a46a4e29aa,,,,,,82.8,12.7,,,,,,,,,,,,,,,,,,,,,,,
5/16/2022,2022-05-16,Monday,2022-W21,,,0,,,,FALSE,,,,,,,,,,,,,,,,,,,,,,36255485-caa7-8041-b40d-da1bce93953a,,,,,,,,,,,,,,,,,,,,,,,,,,,,,,
5/15/2022,2022-05-15,Sunday,2022-W21,,,0,,,,FALSE,,,,,,,,,,,,,,,,,,,,,,36155485-caa7-80e8-a411-f57b4795098f,,,,,,,,,,,,,,,,,,,,,,,,,,,,,,
5/14/2022,2022-05-14,Saturday,2022-W20,,,0,Münster,,,FALSE,,,,,,,,,,,,,,,,,,,,,,36055485-caa7-800f-8143-d372d65af43c,,,,,,,,,,,,,,,,,,,,,,,,,,,,,,
5/13/2022,2022-05-13,Friday,2022-W20,,,0,MS Halle,,,FALSE,,,,,,,,,,,,,,,,,,,,,,35f55485-caa7-80d6-8ce1-eea7e8f74943,,,,,,82.5,12.6,,,,,,,,,,,,,,,,,,,,,,,
5/12/2022,2022-05-12,Thursday,2022-W20,,,0,MS Halle,,,FALSE,,,,,,,,,,,,,,,,,,,,,,35e55485-caa7-80bf-bfe6-e1119f911278,,,,,,82.9,12.6,,,,,,,,,,,,,,,,,,,,,,,
5/11/2022,2022-05-11,Wednesday,2022-W20,,,0,MS Halle,,,FALSE,,,,,,,,,,,,,,,,,,,,,,35d55485-caa7-8043-9c68-e4ffc7c5ee14,,,,,,82.9,12.6,,,,,,,,,,,,,,,,,,,,,,,
5/10/2022,2022-05-10,Tuesday,2022-W20,,,0,MS Halle,,,FALSE,,,,,,,,,,,,,,,,,,,,,,35c55485-caa7-808e-b400-cbc029bb98de,,,,,,82.45,12.7,,,,,,,,,,,,,,,,,,,,,,,
5/9/2022,2022-05-09,Monday,2022-W20,,,0,Münster,,,FALSE,,,,,,,,,,,,,,,,,,,,,,35b55485-caa7-80fe-8236-dae8562d59d9,,,,,,82.45,12.7,,,,,,,,,,,,,,,,,,,,,,,
5/8/2022,2022-05-08,Sunday,2022-W20,Frei,,0,,,,FALSE,,,,,,,,,,,,,,,,,,,,,,35a55485-caa7-80db-89fe-d54b0d4a103c,,,,,,,,,,,,,,,,,,,,,,,,,,,,,,
5/7/2022,2022-05-07,Saturday,2022-W19,Wettkampf,,0,Dortmund,,,FALSE,,,,,,,,,,,,,,,,,,,,,,35a55485-caa7-803d-8e2c-d9620710b901,,,,,,,,,,,,,,,,,,,,,,,,,,,,,,
5/6/2022,2022-05-06,Friday,2022-W19,,,0,MS Halle,,,FALSE,,,,,,,,,,,,,,,,,,,,,,35855485-caa7-8001-a7f7-e45a5499b73a,,,,,,83.45,12.8,,,,,,,,,,,,,,,,,,,,,,,
5/5/2022,2022-05-05,Thursday,2022-W19,,,0,,,,FALSE,,,,,,,,,,,,,,,,,,,,,,35755485-caa7-80b2-8e1a-ecc75a329631,,,,,,82.7,12.5,,,,,,,,,,,,,,,,,,,,,,,
5/4/2022,2022-05-04,Wednesday,2022-W19,,,0,Münster,,,FALSE,,,,,,,,,,,,,,,,,,,,,,35655485-caa7-8057-82ed-fbdd3fef3320,,,,,,82.45,12.5,,,,,,,,,,,,,,,,,,,,,,,
5/3/2022,2022-05-03,Tuesday,2022-W19,,,0,Münster,,,FALSE,,,,,,,,,,,,,,,,,,,,,,35555485-caa7-8080-a209-d5f04011b533,,,,,,82.95,12.6,,,,,,,,,,,,,,,,,,,,,,,
5/2/2022,2022-05-02,Monday,2022-W19,,,0,Münster,,,FALSE,"warm-up
Abbruch
2x3 umsetzen",,,,,,,,,,,,,,0,,,,,,,35455485-caa7-80bc-98ad-f23245a837f4,,,,,,82.75,12.5,,,,,,,,,,,,,,,,,,,,,,,
5/1/2022,2022-05-01,Sunday,2022-W19,Frei,,0,,,,FALSE,"2x mini- takeoff (2 Hütchen)
2x 8er negativ 
2x12/13er ",,,,,,,,,,,,,,,,,,,,,35355485-caa7-8019-9431-e3b76f36f001,,,,,,,,,,,,,,,,,,,,,,,,,,,,,,
4/30/2022,2022-04-30,Saturday,2022-W18,Tempos,,0,Münster,,,FALSE,"warm-up
120/120/80/80
LP: 10
90/90
LP: 8",,,,,,,,,,,,,,,,,,,,,35255485-caa7-80b2-ab72-fe13aedf6980,,,,,,,,,,,,,,,,,,,,,,,,,,,,,,
4/29/2022,2022-04-29,Friday,2022-W18,Kraft,,0,MS Halle,,,FALSE,"5x3 
umsetzen 105kg
valerij einb
kastendurchsprünge
110kg ausfallschrittsquat
90kg hipthrust
kugelschocken
80kg aufsteiger
60kg umsprünge
5x2x6 Hürdensprünge
4x50m
Klimmzüge",,,,,,,,,,,88,99,,115.5,,,,,,,35155485-caa7-80dc-a4b6-d74312631deb,,,,,,81.1,12.4,,,,,,,,,,,,,,,,,,,,,,,
4/28/2022,2022-04-28,Thursday,2022-W18,,,0,MS Halle,,,FALSE,,,,,,,,,,,,,,,,,,,,,,35055485-caa7-80af-a578-e6615085bc1f,,,,,,,,,,,,,,,,,,,,,,,,,,,,,,
4/27/2022,2022-04-27,Wednesday,2022-W18,Regeneration,,0,,,,FALSE,6x5 Hürdensprünge,,,,,,,,,,,,,,,,,,,,,34f55485-caa7-806a-83ec-d7b8410de5c9,,,,,,81.35,12.5,,,,,,,,,,,,,,,,,,,,,,,
4/26/2022,2022-04-26,Tuesday,2022-W18,,,0,MS Halle,,,FALSE,,,,,,,,,,,,,,,,,,,,,,34e55485-caa7-80a6-aa53-d19661b12c04,,,,,,82.2,12.6,,,,,,,,,,,,,,,,,,,,,,,
4/25/2022,2022-04-25,Monday,2022-W18,,,0,MS Halle,,,FALSE,,,,,,,,,,,,,,,,,,,,,,34d55485-caa7-80f1-9c8f-f4d92efea8e1,,,,,,82.9,12.6,,,,,,,,,,,,,,,,,,,,,,,
4/24/2022,2022-04-24,Sunday,2022-W18,Frei,,0,,,,FALSE,,,,,,,,,,,,,,,,,,,,,,34c55485-caa7-805a-857c-fdf1b0686fdf,,,,,,,,,,,,,,,,,,,,,,,,,,,,,,
4/23/2022,2022-04-23,Saturday,2022-W17,Sprint,Start,0,Münster,,,FALSE,"Humotion Sponsor
Starts / lockere Läufe",,,,,,,,,,,,,,,,,,,,,34b55485-caa7-80f0-b73a-d4ede7b06fa8,,,,,,,,,,,,,,,,,,,,,,,,,,,,,,
4/22/2022,2022-04-22,Friday,2022-W17,,,0,MS Halle,,,FALSE,,,,,,,,,,,,,,,,,,,,,,34a55485-caa7-8020-a366-ceb53164ad23,,,,,,81.9,12.6,,,,,,,,,,,,,,,,,,,,,,,
4/21/2022,2022-04-21,Thursday,2022-W17,Sprint,,0,MS Halle,,,FALSE,Hütchensession,,,,,,,,,,,,,,,,,,,,,34955485-caa7-80c9-99ac-ea7631cc8b56,,,,,,82.55,12.6,,,,,,,,,,,,,,,,,,,,,,,
4/20/2022,2022-04-20,Wednesday,2022-W17,Regeneration,,0,MS Halle,,,FALSE,Mobilität,,,,,,,,,,,,,,,,,,,,,34855485-caa7-80f0-8ad2-fa37832b0900,,,,,,82.2,12.5,,,,,,,,,,,,,,,,,,,,,,,
4/19/2022,2022-04-19,Tuesday,2022-W17,"Sprint, Kraft",,0,MS Halle,,,FALSE,"4x30m 1080 11kg
6x3 hipthrust
6x8er sprunglauf",,,,,,,,,,,,0,,,,,,,,,34755485-caa7-8036-9ff8-f8a239550be1,,,,,,82.2,12.5,,,,,,,,,,,,,,,,,,,,,,,
4/18/2022,2022-04-18,Monday,2022-W17,"Sprint, Kraft",Start,0,MS Halle,,,FALSE,"2x10/20/30m
6x3 umsetzen einb
6x4 drop + 2 Hürden",,,,,,,,,,,,,,,,,,,,,34755485-caa7-8094-a9b3-f8ff42ec7558,,,,,,,,,,,,,,,,,,,,,,,,,,,,,,
4/17/2022,2022-04-17,Sunday,2022-W17,Frei,,0,,,,FALSE,,,,,,,,,,,,,,,,,,,,,,34555485-caa7-808b-806f-dbd49fbc0112,,,,,,,,,,,,,,,,,,,,,,,,,,,,,,
4/16/2022,2022-04-16,Saturday,2022-W16,Tempos,,0,MS Halle,,,FALSE,,,,,,,,,,,,,,,,,,,,,,34455485-caa7-80b1-9505-efce3df05fc9,,,,,,,,,,,,,,,,,,,,,,,,,,,,,,
4/15/2022,2022-04-15,Friday,2022-W16,Sprung,,0,MS Halle,Halle,,FALSE,"40-50 kleine sprünge
in grube",,,,,,,,,,,,,,,,,,,,,34355485-caa7-8084-84c5-d9fd4a1db176,,,,,,82.4,12.6,,,,,,,,,,,,,,,,,,,,,,,
4/14/2022,2022-04-14,Thursday,2022-W16,"Diagnostik, Kraft",,0,MS Halle,,,FALSE,"3/1/1/1
umsetzen 105kg
squat tief1 50kg
hipthrust 150kg
4x5 medball schocken
5x30m",,,,2 - Normal,2 - Okay,2 - Anstrengend,2 - Wenig,,,,,155,,108.5,,,,,,,34255485-caa7-800c-8b19-e3faabf0fb74,,,,,,82.4,12.7,,,,,,,,,,,,,,,,,,,,,,,
4/13/2022,2022-04-13,Wednesday,2022-W16,Frei,,0,,,,FALSE,,,,,,,,,,,,,,,,,,,,,,34155485-caa7-80ee-a419-c49c816ce830,Dehnen,,,,,81.8,12.5,,,,,,,,,,,,,,,,,,,,,,,
4/12/2022,2022-04-12,Tuesday,2022-W16,Tempos,,0,MS Halle,,,FALSE,"warm-up
3x4x80m
lp: 1min
sp: 9min
4x8er sprunglauf
10x5 hürdensprünge
4x6 beuger ex",,,,2 - Normal,2 - Okay,2 - Anstrengend,2 - Wenig,,,,,,,,,,,,,,34055485-caa7-80a4-ba8a-c454c0f647d9,Dehnen,,,,,81.8,12.5,,,,,,,,,,,,,,,,,,,,,,,
4/11/2022,2022-04-11,Monday,2022-W16,Sprint,ZWL,0,MS Halle,,,FALSE,"warm-up
6x4x6 umlenkrolle 17,5kg
4x15m push bull 50kg
4x25m zwl 25kg
5x4
umsetzen 80kg
hipthrust 90kg",,,,2 - Normal,2 - Okay,3 - Normal,1 - Keine,,,,,102,,90.7,,,,,,,33f55485-caa7-8055-9463-d3748af36e66,Dehnen,,,,,,,,,,,,,,,,,,,,,,,,,,,,,
4/10/2022,2022-04-10,Sunday,2022-W16,Frei,,0,,,,FALSE,Fußstabi,,,,,,,,,,,,,,,,,,,,,33e55485-caa7-80c7-a705-f793707f1df6,,,,,,,,,,,,,,,,,,,,,,,,,,,,,,
4/9/2022,2022-04-09,Saturday,2022-W15,"Sprung, Kraft",Anlauf,0,MS Halle,,,FALSE,"warm-up
5x17er
4x19er
4x40m ohne pause

5x4
klokov
80kg
umsprünge beinpresse
51kg",,,,,,,,,,,,,,,,,,,,,33d55485-caa7-80ba-ab5e-f9257b757455,,,,,,,,,,,,,,,,,,,,,,,,,,,,,,
4/8/2022,2022-04-08,Friday,2022-W15,"Sprint, Kraft",ZWL,0,MS Halle,,,FALSE,"warm-up
3x4x6 umlenkrolle 17,5kg
3x15m push bull 50kg
6x30m 1080
4x4
Nordics
frontpress 40kg
klimmzüge
adduktor bank 10kg",,,,,,,,,,,,,,,,,,,,,33c55485-caa7-80f2-baec-f65a552207f5,,,,,,,,,,,,,,,,,,,,,,,,,,,,,,
4/7/2022,2022-04-07,Thursday,2022-W15,Sprint,,0,MS Halle,,,FALSE,"warm-up
abläufe
20m/30m
6x20 ablaufsprünge
5x4
kreuzheben 90kg
hipthrust 90kg",,,,,,,,,,,,102,,,,,,,,,33b55485-caa7-8080-baf8-ca350f273ed2,,,,,,81.8,12.7,,,,,,,,,,,,,,,,,,,,,,,
4/6/2022,2022-04-06,Wednesday,2022-W15,Sprint,ZWL,0,Münster,,,FALSE,"Warm-up
4x4x6 Umlenkrolle 17,5kg
4x15 Push bull 40kg
4x25m ZWL 25kg
Umsetzen 5x4 85kg
Hipthrust 5x4 90kg",,,,,,,,,,,,102,,96.3,,,,,,,33a55485-caa7-8007-8bb9-cd468c797ad1,,,,,,,,,,,,,,,,,,,,,,,,,,,,,,
4/5/2022,2022-04-05,Tuesday,2022-W15,Frei,,0,,,,FALSE,Krank Covid,,,,,,,,Krank,,,,,,,,,,,,,33955485-caa7-8052-8535-fcab33c11c10,,,,,,,,,,,,,,,,,,,,,,,,,,,,,,
4/4/2022,2022-04-04,Monday,2022-W15,,,0,,,,FALSE,Krank Covid,,,,,,,,,,,,,,,,,,,,,3c455485-caa7-8034-9415-e0142afe86a0,,,,,,,,,,,,,,,,,,,,,,,,,,,,,,
4/3/2022,2022-04-03,Sunday,2022-W15,,,0,,,,FALSE,Krank Covid,,,,,,,,,,,,,,,,,,,,,3c455485-caa7-80b4-b60c-f52b0bb192b3,,,,,,,,,,,,,,,,,,,,,,,,,,,,,,
4/2/2022,2022-04-02,Saturday,2022-W14,,,0,,,,FALSE,Krank Covid,,,,,,,,,,,,,,,,,,,,,3c455485-caa7-8006-b054-dffa61f82518,,,,,,,,,,,,,,,,,,,,,,,,,,,,,,
4/1/2022,2022-04-01,Friday,2022-W14,,,0,,,,FALSE,Krank Covid,,,,,,,,,,,,,,,,,,,,,3c455485-caa7-806a-9c9d-d6976711ac3f,,,,,,,,,,,,,,,,,,,,,,,,,,,,,,
3/31/2022,2022-03-31,Thursday,2022-W14,,,0,,,,FALSE,Krank Covid,,,,,,,,,,,,,,,,,,,,,3c455485-caa7-8085-8295-e22742671680,,,,,,,,,,,,,,,,,,,,,,,,,,,,,,
3/30/2022,2022-03-30,Wednesday,2022-W14,,,0,,,,FALSE,Krank Covid,,,,,,,,,,,,,,,,,,,,,3c455485-caa7-802d-9db5-cc9f40ee89fa,,,,,,,,,,,,,,,,,,,,,,,,,,,,,,
3/29/2022,2022-03-29,Tuesday,2022-W14,,,0,,,,FALSE,Krank Covid,,,,,,,,,,,,,,,,,,,,,3c455485-caa7-80ae-b296-db381f98dd6e,,,,,,,,,,,,,,,,,,,,,,,,,,,,,,
3/28/2022,2022-03-28,Monday,2022-W14,,,0,,,,FALSE,Krank Covid,,,,,,,,,,,,,,,,,,,,,3c455485-caa7-80dd-9bca-cda1f5a27676,,,,,,,,,,,,,,,,,,,,,,,,,,,,,,
3/27/2022,2022-03-27,Sunday,2022-W14,,,0,,,,FALSE,Krank Covid,,,,,,,,,,,,,,,,,,,,,3c455485-caa7-8014-9cf5-d99f780fc797,,,,,,,,,,,,,,,,,,,,,,,,,,,,,,
3/17/2022,2022-03-17,Thursday,2022-W12,Frei,,0,,,,FALSE,Urlaub,,,,,,,,,,,,,,,,,,,,,3c455485-caa7-801e-b108-dbbfee0daa07,,,,,,,,,,,,,,,,,,,,,,,,,,,,,,
3/16/2022,2022-03-16,Wednesday,2022-W12,Frei,,0,,,,FALSE,Urlaub,,,,,,,,,,,,,,,,,,,,,3c455485-caa7-80cc-bcb5-dc9c8237450d,,,,,,,,,,,,,,,,,,,,,,,,,,,,,,
3/15/2022,2022-03-15,Tuesday,2022-W12,Frei,,0,,,,FALSE,Urlaub,,,,,,,,,,,,,,,,,,,,,3c455485-caa7-8099-bc32-ced7566f8bc7,,,,,,,,,,,,,,,,,,,,,,,,,,,,,,
3/14/2022,2022-03-14,Monday,2022-W12,Frei,,0,,,,FALSE,Urlaub,,,,,,,,,,,,,,,,,,,,,3c455485-caa7-809a-90a0-d6cc623b308a,,,,,,,,,,,,,,,,,,,,,,,,,,,,,,
3/13/2022,2022-03-13,Sunday,2022-W12,Frei,,0,,,,FALSE,Urlaub,,,,,,,,,,,,,,,,,,,,,3c455485-caa7-80bc-9c08-c3fba13cf4cd,,,,,,,,,,,,,,,,,,,,,,,,,,,,,,
3/12/2022,2022-03-12,Saturday,2022-W11,Frei,,0,,,,FALSE,Urlaub,,,,,,,,,,,,,,,,,,,,,3c455485-caa7-80ba-88ea-ed81942d027d,,,,,,,,,,,,,,,,,,,,,,,,,,,,,,
3/11/2022,2022-03-11,Friday,2022-W11,Frei,,0,,,,FALSE,Urlaub,,,,,,,,,,,,,,,,,,,,,3c455485-caa7-808f-aac9-fb341da843f2,,,,,,,,,,,,,,,,,,,,,,,,,,,,,,
3/10/2022,2022-03-10,Thursday,2022-W11,Frei,,0,,,,FALSE,Urlaub,,,,,,,,,,,,,,,,,,,,,3c455485-caa7-808c-a60d-fbc06647e188,,,,,,,,,,,,,,,,,,,,,,,,,,,,,,
3/9/2022,2022-03-09,Wednesday,2022-W11,Frei,,0,,,,FALSE,Urlaub,,,,,,,,,,,,,,,,,,,,,3c455485-caa7-80dc-b3df-d323b98d0dd2,,,,,,,,,,,,,,,,,,,,,,,,,,,,,,
3/8/2022,2022-03-08,Tuesday,2022-W11,Frei,,0,,,,FALSE,Urlaub,,,,,,,,,,,,,,,,,,,,,3c455485-caa7-801b-a9e3-e1892abe6fae,,,,,,,,,,,,,,,,,,,,,,,,,,,,,,
3/7/2022,2022-03-07,Monday,2022-W11,,,0,,,,FALSE,Leichtes Training,,,,,,,,,,,,,,,,,,,,,3c455485-caa7-80aa-b78f-d9bb76036c42,,,,,,,,,,,,,,,,,,,,,,,,,,,,,,
3/6/2022,2022-03-06,Sunday,2022-W11,,,0,,,,FALSE,Leichtes Training,,,,,,,,,,,,,,,,,,,,,3c455485-caa7-8069-8704-dd32f9560f4e,,,,,,,,,,,,,,,,,,,,,,,,,,,,,,
3/5/2022,2022-03-05,Saturday,2022-W10,,,0,,,,FALSE,Leichtes Training,,,,,,,,,,,,,,,,,,,,,3c455485-caa7-8003-88b0-f24a233bc05e,,,,,,,,,,,,,,,,,,,,,,,,,,,,,,
3/4/2022,2022-03-04,Friday,2022-W10,,,0,,,,FALSE,Leichtes Training,,,,,,,,,,,,,,,,,,,,,3c455485-caa7-8013-ad26-fd1031c062d6,,,,,,,,,,,,,,,,,,,,,,,,,,,,,,
3/3/2022,2022-03-03,Thursday,2022-W10,,,0,,,,FALSE,Leichtes Training,,,,,,,,,,,,,,,,,,,,,3c455485-caa7-8001-9aff-e6de6b9b1c9a,,,,,,,,,,,,,,,,,,,,,,,,,,,,,,
3/2/2022,2022-03-02,Wednesday,2022-W10,,,0,,,,FALSE,Leichtes Training,,,,,,,,,,,,,,,,,,,,,3c455485-caa7-80e8-b038-fe6bc03c4518,,,,,,,,,,,,,,,,,,,,,,,,,,,,,,
3/1/2022,2022-03-01,Tuesday,2022-W10,,,0,,,,FALSE,Leichtes Training,,,,,,,,,,,,,,,,,,,,,3c455485-caa7-8095-85f2-f0b4d980f248,,,,,,,,,,,,,,,,,,,,,,,,,,,,,,
2/28/2022,2022-02-28,Monday,2022-W10,,,0,,,,FALSE,Krank Pfeiffer,,,,,,,,,,,,,,,,,,,,,3c455485-caa7-801c-aee0-c28a84006778,,,,,,,,,,,,,,,,,,,,,,,,,,,,,,
2/27/2022,2022-02-27,Sunday,2022-W10,,,0,,,,FALSE,Krank Pfeiffer,,,,,,,,,,,,,,,,,,,,,3c455485-caa7-80c3-90fd-c08776fab0fe,,,,,,,,,,,,,,,,,,,,,,,,,,,,,,
2/26/2022,2022-02-26,Saturday,2022-W09,,,0,,,,FALSE,Krank Pfeiffer,,,,,,,,,,,,,,,,,,,,,3c455485-caa7-807c-a1eb-da19663c7e86,,,,,,,,,,,,,,,,,,,,,,,,,,,,,,
2/25/2022,2022-02-25,Friday,2022-W09,,,0,,,,FALSE,Krank Pfeiffer,,,,,,,,,,,,,,,,,,,,,3c455485-caa7-8010-b8a4-c86469294b47,,,,,,,,,,,,,,,,,,,,,,,,,,,,,,
2/24/2022,2022-02-24,Thursday,2022-W09,,,0,,,,FALSE,Krank Pfeiffer,,,,,,,,,,,,,,,,,,,,,3c455485-caa7-80a4-9656-d41238cceded,,,,,,,,,,,,,,,,,,,,,,,,,,,,,,
2/23/2022,2022-02-23,Wednesday,2022-W09,,,0,,,,FALSE,Krank Pfeiffer,,,,,,,,,,,,,,,,,,,,,3c455485-caa7-80c9-a27e-d64edcc6b6ec,,,,,,,,,,,,,,,,,,,,,,,,,,,,,,
2/22/2022,2022-02-22,Tuesday,2022-W09,,,0,,,,FALSE,Krank Pfeiffer,,,,,,,,,,,,,,,,,,,,,3c455485-caa7-809a-a1ec-d23c498692e5,,,,,,,,,,,,,,,,,,,,,,,,,,,,,,
2/21/2022,2022-02-21,Monday,2022-W09,,,0,,,,FALSE,Krank Pfeiffer,,,,,,,,,,,,,,,,,,,,,3c455485-caa7-8025-91c3-db4e42037239,,,,,,,,,,,,,,,,,,,,,,,,,,,,,,
2/20/2022,2022-02-20,Sunday,2022-W09,,,0,,,,FALSE,Krank Pfeiffer,,,,,,,,,,,,,,,,,,,,,3c455485-caa7-8058-9c82-eeee7c6277e5,,,,,,,,,,,,,,,,,,,,,,,,,,,,,,
2/19/2022,2022-02-19,Saturday,2022-W08,,,0,,,,FALSE,Krank Pfeiffer,,,,,,,,,,,,,,,,,,,,,3c455485-caa7-806f-ae6b-d61fa76ed7e9,,,,,,,,,,,,,,,,,,,,,,,,,,,,,,
2/18/2022,2022-02-18,Friday,2022-W08,,,0,,,,FALSE,Krank Pfeiffer,,,,,,,,,,,,,,,,,,,,,3c455485-caa7-805c-8640-d18ab74aff05,,,,,,,,,,,,,,,,,,,,,,,,,,,,,,
2/17/2022,2022-02-17,Thursday,2022-W08,,,0,,,,FALSE,Krank Pfeiffer,,,,,,,,,,,,,,,,,,,,,3c455485-caa7-801b-a425-d5ff62195e3b,,,,,,,,,,,,,,,,,,,,,,,,,,,,,,
2/16/2022,2022-02-16,Wednesday,2022-W08,,,0,,,,FALSE,Krank Pfeiffer,,,,,,,,,,,,,,,,,,,,,3c455485-caa7-80e4-b80b-e7e21781455a,,,,,,,,,,,,,,,,,,,,,,,,,,,,,,
2/15/2022,2022-02-15,Tuesday,2022-W08,,,0,,,,FALSE,Krank Pfeiffer,,,,,,,,,,,,,,,,,,,,,3c455485-caa7-80a5-bd92-c2e0b8fdee0c,,,,,,,,,,,,,,,,,,,,,,,,,,,,,,
2/14/2022,2022-02-14,Monday,2022-W08,,,0,,,,FALSE,Krank Pfeiffer,,,,,,,,,,,,,,,,,,,,,3c455485-caa7-80f6-a541-f3c0c16a80d1,,,,,,,,,,,,,,,,,,,,,,,,,,,,,,
2/13/2022,2022-02-13,Sunday,2022-W08,,,0,,,,FALSE,Krank Pfeiffer,,,,,,,,,,,,,,,,,,,,,3c455485-caa7-80c1-95b9-c4dc03630cf5,,,,,,,,,,,,,,,,,,,,,,,,,,,,,,
2/12/2022,2022-02-12,Saturday,2022-W07,,,0,,,,FALSE,Krank Pfeiffer,,,,,,,,,,,,,,,,,,,,,3c455485-caa7-806b-b304-f4665a7b16e4,,,,,,,,,,,,,,,,,,,,,,,,,,,,,,
2/11/2022,2022-02-11,Friday,2022-W07,,,0,,,,FALSE,Krank Pfeiffer,,,,,,,,,,,,,,,,,,,,,3c455485-caa7-8081-a632-ebce63d0d3b0,,,,,,,,,,,,,,,,,,,,,,,,,,,,,,
2/10/2022,2022-02-10,Thursday,2022-W07,,,0,,,,FALSE,Krank Pfeiffer,,,,,,,,,,,,,,,,,,,,,3c455485-caa7-8077-b571-e855135ed92e,,,,,,,,,,,,,,,,,,,,,,,,,,,,,,
2/9/2022,2022-02-09,Wednesday,2022-W07,,,0,,,,FALSE,Krank Pfeiffer,,,,,,,,,,,,,,,,,,,,,3c455485-caa7-805b-bc0a-c60e3f645083,,,,,,,,,,,,,,,,,,,,,,,,,,,,,,
2/8/2022,2022-02-08,Tuesday,2022-W07,,,0,,,,FALSE,Krank Pfeiffer,,,,,,,,,,,,,,,,,,,,,3c455485-caa7-80d1-8222-d399b4c02cf0,,,,,,,,,,,,,,,,,,,,,,,,,,,,,,
2/7/2022,2022-02-07,Monday,2022-W07,Frei,,0,,,,FALSE,,,,,,,,,,,,,,,,,,,,,,3c455485-caa7-805f-b119-eb3492d059b8,,,,,,,,,,,,,,,,,,,,,,,,,,,,,,
2/6/2022,2022-02-06,Sunday,2022-W07,Wettkampf,,0,,,,FALSE,Wettkampf NRW-Meisterschaften,,,,,,,,,,,,,,,,,,,,,3c455485-caa7-8095-8ecc-d62a21b65158,,,,,,,,,,,,,,,,,,,,,,,,,,,,,,
2/5/2022,2022-02-05,Saturday,2022-W06,Wettkampf,,0,,,,FALSE,Wettkampf NRW-Meisterschaften,,,,,,,,,,,,,,,,,,,,,3c455485-caa7-80d7-b281-f971cc7331c4,,,,,,,,,,,,,,,,,,,,,,,,,,,,,,
2/4/2022,2022-02-04,Friday,2022-W06,Frei,,0,,,,FALSE,,,,,,,,,,,,,,,,,,,,,,3c455485-caa7-8041-99fc-c940e8cfff94,,,,,,,,,,,,,,,,,,,,,,,,,,,,,,
2/3/2022,2022-02-03,Thursday,2022-W06,Wettkampf,,0,MS Halle,Halle,,FALSE,Weit: 7.50m,,,,,,,,,,,,,,,7.50,,,,,,2cb55485-caa7-803c-bbde-e65fba0c66ec,,,,,,,,,,,,,,,,,,,,,,,,,,,,,,
2/2/2022,2022-02-02,Wednesday,2022-W06,Regeneration,,0,,,,FALSE,"2x60m joggen
3x3 drop jumps
1x60m joggen",,,,,,,,,,,,,,,,,,,,,3c455485-caa7-802c-84d9-f31b5d492c56,,,,,,,,,,,,,,,,,,,,,,,,,,,,,,
1/23/2022,2022-01-23,Sunday,2022-W05,Wettkampf,,0,Halle Dortmund,Halle,,FALSE,Weit: 7.25m,,,,,,,,,,,,,,,7.25,,,,,,2cb55485-caa7-8022-a282-fe410ee21f01,,,,,,,,,,,,,,,,,,,,,,,,,,,,,,
1/22/2022,2022-01-22,Saturday,2022-W04,Wettkampf,,0,Halle Dortmund,Halle,,FALSE,"60m VL: 6.81s
60m EL: 6.77s",,,,,,,,,,,,,,,,,,,6.77,,2cb55485-caa7-80fe-b253-eadc1765dae6,,,,,,,,,,,,,,,,,,,,,,,,,,,,,,
1/19/2022,2022-01-19,Wednesday,2022-W04,"Sprung, Sprint",,0,,,,FALSE,"warm-up
2x bergab steigern
2x20m starts
2x15er Anlauf
2x15er springen",,,,,,,,,,,,,,,,,,,,,3c455485-caa7-8071-aa77-e2628db5ff94,,,,,,,,,,,,,,,,,,,,,,,,,,,,,,
1/18/2022,2022-01-18,Tuesday,2022-W04,Regeneration,,0,,,,FALSE,"Hürdenkordi 15min
hütchentechnik 15min
4x8er sprunglauf 10m anlauf
6x 4kg schocken",,,,,,,,,,,,,,,,,,,,,3c455485-caa7-80f8-98d2-c703f8a555cf,,,,,,,,,,,,,,,,,,,,,,,,,,,,,,
1/17/2022,2022-01-17,Monday,2022-W04,"Sprint, Kraft",,0,,,,FALSE,"warm-up
2x20m 1080 15kg
3x20m start 1080
1x30m frei
3x4 hexa Sprünge 40kg
3x3 booty 80kg + bänder
3x3 schiabakys",,,,,,,,,,,,,,,,,,,,,3c455485-caa7-8061-b9f4-e2ba0990817c,,,,,,,,,,,,,,,,,,,,,,,,,,,,,,
1/16/2022,2022-01-16,Sunday,2022-W04,Frei,,0,,,,FALSE,,,,,,,,,,,,,,,,,,,,,,3c455485-caa7-809c-a481-c049009edb5a,,,,,,,,,,,,,,,,,,,,,,,,,,,,,,
1/15/2022,2022-01-15,Saturday,2022-W03,Sprung,Anlauf,0,,,,FALSE,"warm-up
2x11er
2x13er
2x15er
3x15er sprung
6x5 Hürden",,,,,,,,,,,,,,,,,,,,,3c455485-caa7-80c1-9467-e7937bfbcc73,,,,,,,,,,,,,,,,,,,,,,,,,,,,,,
1/14/2022,2022-01-14,Friday,2022-W03,"Sprint, Kraft",,0,,,,FALSE,"warm-up
2x20m zwl 20kg
4x starts
4x4 hexa sprünge 40kg
3x3 einb kniebeuge 55kg",,,,,,,,,,,,,,,,,,,,,3c455485-caa7-80c9-a386-d3bfba27f893,,,,,,,,,,,,,,,,,,,,,,,,,,,,,,
1/13/2022,2022-01-13,Thursday,2022-W03,Frei,,0,,,,FALSE,,,,,,,,,,,,,,,,,,,,,,3c455485-caa7-8034-89bd-f7d4208b919b,,,,,,,,,,,,,,,,,,,,,,,,,,,,,,
1/12/2022,2022-01-12,Wednesday,2022-W03,Regeneration,,0,,,,FALSE,"warm-up
hürdenkordi
hütchenkordi
hütchenläufe
tappings+ablauf 4x",,,,,,,,,,,,,,,,,,,,,3c455485-caa7-80e6-8cc8-ef7ea8969fb5,,,,,,,,,,,,,,,,,,,,,,,,,,,,,,
1/11/2022,2022-01-11,Tuesday,2022-W03,"Sprint, Kraft",,0,,,,FALSE,"warm-up
Sprung drills
5er landung 2x3
4x4 Aufsteiger 65kg
4x3 hantelsprünge 40kg
3x 60m in outs 25/15/10m",,,,,,,,,,,,,,,,,,,,,3c455485-caa7-808f-b42b-f8992e6354e3,,,,,,,,,,,,,,,,,,,,,,,,,,,,,,
1/10/2022,2022-01-10,Monday,2022-W03,Sprint,,0,,,,FALSE,"warm-up ohne kordi
3x15m Push bull 55kg
3x30m zwl 1080
3x50m zul 1080
2x50m frei",,,,,,,,,,,,,,,,,,,,,3c455485-caa7-80c8-b848-eeaabb79e218,,,,,,,,,,,,,,,,,,,,,,,,,,,,,,
1/9/2022,2022-01-09,Sunday,2022-W03,Frei,,0,,,,FALSE,,,,,,,,,,,,,,,,,,,,,,3c455485-caa7-8070-8254-e4c116f9c194,,,,,,,,,,,,,,,,,,,,,,,,,,,,,,
1/8/2022,2022-01-08,Saturday,2022-W02,Wettkampf,,0,Halle Dortmund,Halle,,FALSE,"60m VL: 6.89s
60m EL: 6.84s
Weit: 7.13m 11er Anlauf",,,,,,,,,,,,,,,7.13,,,,6.84,,2cb55485-caa7-80ee-9206-fcb0692bec3e,,,,,,,,,,,,,,,,,,,,,,,,,,,,,,
1/7/2022,2022-01-07,Friday,2022-W02,Auftakt,,0,,,,FALSE,,,,,,,,,,,,,,,,,,,,,,3c455485-caa7-80b0-afcf-f392f0ce62fe,,,,,,,,,,,,,,,,,,,,,,,,,,,,,,
1/6/2022,2022-01-06,Thursday,2022-W02,Frei,,0,,,,FALSE,,,,,,,,,,,,,,,,,,,,,,3c455485-caa7-805d-b2a4-cb3b9d2c6291,,,,,,,,,,,,,,,,,,,,,,,,,,,,,,
1/5/2022,2022-01-05,Wednesday,2022-W02,"Sprung, Kraft",,0,,,,FALSE,"abends
warm-up
anlauf drills
11er anlauf
3x3 hexabar sprünge 40kg
3x4 Hürden",,,,,,,,,,,,,,,,,,,,,3c455485-caa7-803e-a21a-f76fdeb65059,,,,,,,,,,,,,,,,,,,,,,,,,,,,,,
1/4/2022,2022-01-04,Tuesday,2022-W02,"Sprint, Sprung, Kraft",,0,,,,FALSE,"morgens
warm-up
2x11er
4x13er
3x60m 60%
3x3 Aufsteiger 60kg

abends
warm-up
4x30m zwl block
3x50m zul
11,4 m/s
3x3 beinpresse umsprünge 61kg",,,,,,,,,,,,,,,,,,,,,3c455485-caa7-80cb-823b-cc807f4fab50,,,,,,,,,,,,,,,,,,,,,,,,,,,,,,
1/3/2022,2022-01-03,Monday,2022-W02,"Sprint, Sprung, Kraft",,0,,,,FALSE,"morgens
warm-up
multi-takeoffs
in grube
4x2 Hürden aus dropjump
3x3 umsetzen einb 80kg

abends
warm-up
4 starts
8x kugelschocken 4kg",,,,,,,,,,,,,,,,,,,,,3c455485-caa7-80da-bfe5-ec6005ea008a,,,,,,,,,,,,,,,,,,,,,,,,,,,,,,
1/2/2022,2022-01-02,Sunday,2022-W02,Frei,,0,,,,FALSE,,,,,,,,,,,,,,,,,,,,,,3c455485-caa7-8002-97d6-fa22e35eac87,,,,,,,,,,,,,,,,,,,,,,,,,,,,,,
1/1/2022,2022-01-01,Saturday,2022-W01,Frei,,0,,,,FALSE,,,,,,,,,,,,,,,,,,,,,,3c455485-caa7-80b9-b0fa-f49caa581fa7,,,,,,,,,,,,,,,,,,,,,,,,,,,,,,
12/31/2021,2021-12-31,Friday,2021-W01,"Kraft, Sprint",,0,,,,FALSE,"4x3
squats 200kg
hexa deadlift 180kg
Seilzug 85kg
8x kugelschocken

warm-up 
120/80/80/50m
14 /9/9min
6x5 hürdensprúnge",,,,,,,,,,,,,,,,,,,,,3c455485-caa7-80f7-bf6d-e46d5f3bf08b,,,,,,,,,,,,,,,,,,,,,,,,,,,,,,
12/30/2021,2021-12-30,Thursday,2021-W01,Regeneration,,0,,,,FALSE,"4x120m 50%
stabi schnell
3x15s
Bauch kasten
gerade/schräg
beuger pezzi ball
Bauch pezzi
6x60m 50%",,,,,,,,,,,,,,,,,,,,,3c455485-caa7-80cb-ac76-d52100186d2a,,,,,,,,,,,,,,,,,,,,,,,,,,,,,,
12/29/2021,2021-12-29,Wednesday,2021-W01,Sprint,,0,,,,FALSE,"warm-up
4x40m zwl 1080
3x50m zul 1080
3x5 beuger exz
5x6 Hürdensprünge",,,,,,,,,,,,,,,,,,,,,3c455485-caa7-8066-b64a-f2536bf4b3b5,,,,,,,,,,,,,,,,,,,,,,,,,,,,,,
12/27/2021,2021-12-27,Monday,2021-W01,"Sprint, Kraft",,0,,,,FALSE,"warm-up
4x10m Push bull 55kg
3x15m zwl 35kg
10/20/30/20m frei
6x3
umsetzen 105kg
booty 110kg
Kreuzheben einb 60kg",,,,,,,,,,,,,,,,,,,,,3c455485-caa7-800c-ac83-d02ffbd7c671,,,,,,,,,,,,,,,,,,,,,,,,,,,,,,
12/26/2021,2021-12-26,Sunday,2021-W01,Frei,,0,,,,FALSE,,,,,,,,,,,,,,,,,,,,,,3c455485-caa7-80df-a471-c11d68b2a850,,,,,,,,,,,,,,,,,,,,,,,,,,,,,,
12/25/2021,2021-12-25,Saturday,2021-W52,Frei,,0,,,,FALSE,,,,,,,,,,,,,,,,,,,,,,3c455485-caa7-8003-b781-e6deb71cf10f,,,,,,,,,,,,,,,,,,,,,,,,,,,,,,
12/24/2021,2021-12-24,Friday,2021-W52,Regeneration,,0,,,,FALSE,"30min
Bauch Beine Po",,,,,,,,,,,,,,,,,,,,,3c455485-caa7-801d-98e5-d9831a60069c,,,,,,,,,,,,,,,,,,,,,,,,,,,,,,
12/23/2021,2021-12-23,Thursday,2021-W52,"Sprint, Kraft",,0,,,,FALSE,"warm-up
3x150/50m
lp: 4min
sp: 10min
6x3 hexabar 140kg
6x2x4 hürdensprünge",,,,,,,,,,,,,,,,,,,,,3c455485-caa7-80b0-b151-e5f0a0de3602,,,,,,,,,,,,,,,,,,,,,,,,,,,,,,
12/18/2021,2021-12-18,Saturday,2021-W51,Wettkampf,,0,MS Halle,Halle,,FALSE,"60m VL: 6.96s
60m EL: 6.90s",,,,,,,,,,,,,,,,,,,6.9,,2ca55485-caa7-80cd-82aa-da888d63fd2f,,,,,,,,,,,,,,,,,,,,,,,,,,,,,,
12/12/2021,2021-12-12,Sunday,2021-W51,Wettkampf,,0,Halle Düsseldorf,Halle,,FALSE,"60m VL: 6.90s
60m EL: 6.95s",,,,,,,,,,,,,,,,,,,6.9,,2ca55485-caa7-803b-a344-de8ec823b39e,,,,,,,,,,,,,,,,,,,,,,,,,,,,,,
12/8/2021,2021-12-08,Wednesday,2021-W50,Regeneration,,0,,,,FALSE,"fußstabi
bauchstabi",,,,,,,,,,,,,,,,,,,,,3c455485-caa7-80b8-aeab-f1a1fa56ed8a,,,,,,,,,,,,,,,,,,,,,,,,,,,,,,
12/7/2021,2021-12-07,Tuesday,2021-W50,"Sprung, Kraft",Anlauf,0,,,,FALSE,"warm-up
Anläufe
4x13er 
2x15er
3x17er
4x3
Kreuzheben 100kg
bootybuilder 110kg
3x3x5 Hürden",,,,,,,,,,,,,,,,,,,,,3c455485-caa7-8049-b61e-e203757a7d1d,,,,,,,,,,,,,,,,,,,,,,,,,,,,,,
12/6/2021,2021-12-06,Monday,2021-W50,"Sprint, Kraft",,0,,,,FALSE,"warm-up
3x 30m starts
4/3x 4 Hürden einbein hoppser 110cm
4x3
umsetzen 100kg
aufsteiger 100kg",,,,,,,,,,,,,,,,,,,,,3c455485-caa7-80e1-bf1b-d7e769aa72d7,,,,,,,,,,,,,,,,,,,,,,,,,,,,,,
12/5/2021,2021-12-05,Sunday,2021-W50,Frei,,0,,,,FALSE,,,,,,,,,,,,,,,,,,,,,,3c455485-caa7-801a-af97-d05358a794ec,,,,,,,,,,,,,,,,,,,,,,,,,,,,,,
12/4/2021,2021-12-04,Saturday,2021-W49,"Sprint, Kraft",,0,,,,FALSE,"warm-up
3x80m
lp: 9min
3x50m
lp: 6min
4x4 Hantelsprünge 50kg",,,,,,,,,,,,,,,,,,,,,3c455485-caa7-80c8-a260-ec5c41381507,,,,,,,,,,,,,,,,,,,,,,,,,,,,,,
12/3/2021,2021-12-03,Friday,2021-W49,Regeneration,,0,,,,FALSE,"20min Hürdenkordi
2x3x50m straights +10m laufen
4x3 einb kreuzheben 60kg",,,,,,,,,,,,,,,,,,,,,3c455485-caa7-806f-ac02-cc969e921d09,,,,,,,,,,,,,,,,,,,,,,,,,,,,,,
12/2/2021,2021-12-02,Thursday,2021-W49,"Sprung, Kraft",,0,,,,FALSE,"warm-up
2x20m starts
7er Take off Kasten
9er take-off kasten
9er Landung kasten
4x3 klokov 90kg
4x2x6 hürdensprünge",,,,,,,,,,,,,,,,,,,,,3c455485-caa7-80a6-822b-f9d2d58b4424,,,,,,,,,,,,,,,,,,,,,,,,,,,,,,
12/1/2021,2021-12-01,Wednesday,2021-W49,"Sprint, Kraft",,0,,,,FALSE,"4x3x4 umlenkrolle 17.5kg
3x15m Push bull 50kg
2x3x60 in outs
3x4 hipthrust 130kg",,,,,,,,,,,,,,,,,,,,,3c455485-caa7-80cb-969e-ebda81fa2bc9,,,,,,,,,,,,,,,,,,,,,,,,,,,,,,
11/30/2021,2021-11-30,Tuesday,2021-W49,Kraft,,0,,,,FALSE,"4x8 Klimmzüge
3x4 Seilzug 75kg
4x3 Sumo 130kg
4x3x8 Hürdensprünge",,,,,,,,,,,,,,,,,,,,,3c455485-caa7-8085-b150-e6336e8c11e0,,,,,,,,,,,,,,,,,,,,,,,,,,,,,,
11/29/2021,2021-11-29,Monday,2021-W49,"Sprung, Kraft",,0,,,,FALSE,"warm-up
10x 5er kasten
10x 7er kasten
5x 5er frei
5x 7er frei
3x10m push bull 50kg
4x3 umsetzen 100kg
4x4 dropjumps + 2 Hürden",,,,,,,,,,,,,,,,,,,,,3c455485-caa7-803e-9b08-e7edb6218977,,,,,,,,,,,,,,,,,,,,,,,,,,,,,,
11/28/2021,2021-11-28,Sunday,2021-W49,Frei,,0,,,,FALSE,"10min core
fußstabi",,,,,,,,,,,,,,,,,,,,,3c455485-caa7-808d-a2dc-ec3b127ad063,,,,,,,,,,,,,,,,,,,,,,,,,,,,,,
11/27/2021,2021-11-27,Saturday,2021-W48,"Sprung, Sprint","Anlauf, Tempos",0,,,,FALSE,"warm-up
11er
13er
15er
120/80/80m",,,,,,,,,,,,,,,,,,,,,3c455485-caa7-803a-804b-c122851f3aa1,,,,,,,,,,,,,,,,,,,,,,,,,,,,,,
11/25/2021,2021-11-25,Thursday,2021-W48,"Sprung, Kraft",,0,,,,FALSE,"warm-up
3x40m 1080
4/2 5er takeoff kasten große weste
3/1 5er takeoff kasten kleine weste
3x7er frei kasten
2x9er frei kasten
5x4
umsetzen einb 70kg
hipthrust 140kg",,,,,,,,,,,,,,,,,,,,,3c455485-caa7-80f9-8b17-c883e950f7f3,,,,,,,,,,,,,,,,,,,,,,,,,,,,,,
11/24/2021,2021-11-24,Wednesday,2021-W48,Regeneration,,0,,,,FALSE,"Hüftmobi
Fußstabi",,,,,,,,,,,,,,,,,,,,,3c455485-caa7-80ef-9e17-cd28d2dc8ed2,,,,,,,,,,,,,,,,,,,,,,,,,,,,,,
11/23/2021,2021-11-23,Tuesday,2021-W48,,,0,,,,FALSE,"3x4x60m 70%
lp: 20s
sp: 8min
5x4
Valeri umsprünge
Beinpresse umsprünge 60kg?
6x10er sprunglauf",,,,,,,,,,,,,,,,,,,,,3c455485-caa7-80da-80cd-f027d8d01cea,,,,,,,,,,,,,,,,,,,,,,,,,,,,,,
11/13/2021,2021-11-13,Saturday,2021-W46,,,0,,,,FALSE,"warm-up
2x250/180/80/50m
%70/70/90/90
lp: 2/8/2min spikes
sp: 15min",,,,,,,,,,,,,,,,,,,,,3c455485-caa7-8079-844c-c723f15ca3ad,,,,,,,,,,,,,,,,,,,,,,,,,,,,,,
11/12/2021,2021-11-12,Friday,2021-W46,"Sprint, Kraft",,0,,,,FALSE,"warm-up
3x3x4 umlenkrolle 20kg
5x15m pushbull 55kg
5x5 
hipthrust 100kg
sumo 110kg
adduktor/abduktor
bank 15kg",,,,,,,,,,,,,,,,,,,,,3c455485-caa7-8099-8cfa-ef1556e39f50,,,,,,,,,,,,,,,,,,,,,,,,,,,,,,
11/11/2021,2021-11-11,Thursday,2021-W46,Sprung,,0,,,,FALSE,"warm-up
7er takeoffs kasten
12x (4xLandung)
kastendrills
fgs 3xbb/einb 2/1",,,,,,,,,,,,,,,,,,,,,3c455485-caa7-803d-8337-fbcf3b482551,,,,,,,,,,,,,,,,,,,,,,,,,,,,,,
11/10/2021,2021-11-10,Wednesday,2021-W46,Regeneration,,0,,,,FALSE,"hüftmobi
bauchstabi
60min spikeball
10/8/5 klimmzüge",,,,,,,,,,,,,,,,,,,,,3c455485-caa7-80b7-89cc-e33c49889803,,,,,,,,,,,,,,,,,,,,,,,,,,,,,,
11/9/2021,2021-11-09,Tuesday,2021-W46,Zirkel,,0,,,,FALSE,"15min hürdenkordi
2x12
ausfallschritte weste
20 liegestützsprünge
schocken
schlagwürfe
seitl squatjumps
aufsteiger
10 hürdenübersteiger
medballliegestütz
seitl tiefes gehen
hacke zieht
medball boden

3x3min joggen",,,,,,,,,,,,,,,,,,,,,3c455485-caa7-809b-828f-f5e81a4c3621,,,,,,,,,,,,,,,,,,,,,,,,,,,,,,
11/8/2021,2021-11-08,Monday,2021-W46,Sprung,,0,,,,FALSE,"2x60m
6x doppelhoppser
5x einbeinsprünge
3xtake-off
4x
2x60m",,,,,,,,,,,,,,,,,,,,,3c455485-caa7-804d-9d7e-da0109665970,,,,,,,,,,,,,,,,,,,,,,,,,,,,,,
11/7/2021,2021-11-07,Sunday,2021-W46,Frei,,0,,,,FALSE,,,,,,,,,,,,,,,,,,,,,,3c455485-caa7-8057-82a9-eb7a9bacf15b,,,,,,,,,,,,,,,,,,,,,,,,,,,,,,
11/6/2021,2021-11-06,Saturday,2021-W45,,,0,,,,FALSE,"warm-up
4x60m hütchen
7 fuß
lp: 5min
3x80m
lp: 8min
2x120m
lp: 10min
sp: 10min
3x3 umsetzen kniebeuge70kg",,,,,,,,,,,,,,,,,,,,,3c455485-caa7-8023-83c1-edb944ae47ee,,,,,,,,,,,,,,,,,,,,,,,,,,,,,,
11/5/2021,2021-11-05,Friday,2021-W45,,,0,,,,FALSE,"warm-up
6x15m Push bull 55kg
4x3x4 Startschritte umlenkrolle 22,5kg
5x5
adduktor/abduktor Bank 10kg
aufsteiger 85kg 
12x8 hürdensprünge",,,,,,,,,,,,,,,,,,,,,3c455485-caa7-803f-a71b-dfe38174a285,,,,,,,,,,,,,,,,,,,,,,,,,,,,,,
11/4/2021,2021-11-04,Thursday,2021-W45,"Sprung, Kraft",,0,,,,FALSE,"warm-up
hütchenarbeit
2x3x4 Hürden multi take-off
1 Serie mit weste
2x3x2 Hürden multitakeoff
1 Serie mit weste
9er kasten
5x5
umsetzen 85kg
kastendurchsprünge 2 kästen
2x4 beuger exz 10kg",,,,,,,,,,,,,,,,,,,,,3c455485-caa7-802a-ab22-e9107a263ed8,,,,,,,,,,,,,,,,,,,,,,,,,,,,,,
11/3/2021,2021-11-03,Wednesday,2021-W45,Regeneration,,0,,,,FALSE,"Fahrrad
Stabi Barren kurz
Spike-Ball",,,,,,,,,,,,,,,,,,,,,3c455485-caa7-80f0-bc8f-c49835ee496c,,,,,,,,,,,,,,,,,,,,,,,,,,,,,,
11/2/2021,2021-11-02,Tuesday,2021-W45,"Sprint, Kraft",,0,,,,FALSE,"Kordi
4x3x60m
7.1s
lp: 30s
sp: 8min
3x5 
Hipthrust 120kg
Kreuzheben einb 60kg
6x10er Sprunglauf",,,,,,,,,,,,,,,,,,,,,3c455485-caa7-80d8-be85-eddd3273314d,,,,,,,,,,,,,,,,,,,,,,,,,,,,,,
11/1/2021,2021-11-01,Monday,2021-W45,"Sprung, Kraft",,0,,,,FALSE,"warm-up
multi take-offs
3x5x4 Hürden
3x40m 17,5kg
2x30m frei
5x5 Klokov 80kg
Kastendurchsprünge",,,,,,,,,,,,,,,,,,,,,3c455485-caa7-808d-8651-cf37ad5846f4,,,,,,,,,,,,,,,,,,,,,,,,,,,,,,
10/31/2021,2021-10-31,Sunday,2021-W45,Frei,,0,,,,FALSE,,,,,,,,,,,,,,,,,,,,,,3c455485-caa7-80a6-86b4-d6ce4c33fc6a,,,,,,,,,,,,,,,,,,,,,,,,,,,,,,
10/30/2021,2021-10-30,Saturday,2021-W44,Tempos,,0,,,,FALSE,"warm-up
2x220/200/180m
LP: gehen
sp: 8min
abbruch
4x2x60 locker",,,,,,,,,,,,,,,,,,,,,3c455485-caa7-80e4-8dd2-dfc8efbf4d17,,,,,,,,,,,,,,,,,,,,,,,,,,,,,,
10/29/2021,2021-10-29,Friday,2021-W44,Kraft,,0,,,,FALSE,"5x5
umsetzen 100kg
Valeri einb
5x12er sprunglauf
klokov 80kg 
55kg Kreuzheben einb
5x3x drop + 2 hürden
5x8 medballschocken",,,,,,,,,,,,,,,,,,,,,3c455485-caa7-80b3-af34-e66c6aad0791,,,,,,,,,,,,,,,,,,,,,,,,,,,,,,
10/28/2021,2021-10-28,Thursday,2021-W44,"Diagnostik, Sprint, Kraft",,0,,,,FALSE,"warm-up wettkampf
3x60m 6.60/6.59/6.55s
30m fliegend: 2.85/2.87/2.85s
hipthrust 200kg",,,,,,,,,,,,,,,,,,,,,3c455485-caa7-802c-8c8e-d59fa82ab24d,,,,,,,,,,,,,,,,,,,,,,,,,,,,,,
10/27/2021,2021-10-27,Wednesday,2021-W44,Frei,,0,,,,FALSE,,,,,,,,,,,,,,,,,,,,,,3c455485-caa7-8000-b2c5-c86edd27f613,,,,,,,,,,,,,,,,,,,,,,,,,,,,,,
10/26/2021,2021-10-26,Tuesday,2021-W44,"Diagnostik, Sprung, Kraft",,0,,,,FALSE,"60/60/50/40m
jump n reach 79cm
10er sprunglauf 30.60m
umsetzen 110kg
squat 270kg",,,,,,,,,,,,,,,,,,,,,3c455485-caa7-8096-a223-d07105ff7248,,,,,,,,,,,,,,,,,,,,,,,,,,,,,,
10/25/2021,2021-10-25,Monday,2021-W44,Regeneration,,0,,,,FALSE,"7½min rudern
hüftmobi
Bauchstabi medball
einbein medballschocken
2x8 aufroller",,,,,,,,,,,,,,,,,,,,,3c455485-caa7-80b8-9aa4-d756d1848c84,,,,,,,,,,,,,,,,,,,,,,,,,,,,,,
10/24/2021,2021-10-24,Sunday,2021-W44,Frei,,0,,,,FALSE,,,,,,,,,,,,,,,,,,,,,,3c455485-caa7-80c0-82f4-cb308a9bab6c,,,,,,,,,,,,,,,,,,,,,,,,,,,,,,
10/23/2021,2021-10-23,Saturday,2021-W43,Tempos,,0,,,,FALSE,"5min joggen
kordi kurz
3x3x100 mulch
lp: gehen
sp: 8min
3x30 Asphalt
lp: 2min",,,,,,,,,,,,,,,,,,,,,3c455485-caa7-80e2-93a7-dbd6430f8e84,,,,,,,,,,,,,,,,,,,,,,,,,,,,,,
10/22/2021,2021-10-22,Friday,2021-W43,"Sprint, Kraft",,0,,,,FALSE,"warm-up
3x3x4 umlenkrolle 25kg
6x15m pushbull 50kg
aufsteiger 1 Stufe 90kg
12x8 hürdensprünge
adduktor abduktor
15kg an Bank",,,,,,,,,,,,,,,,,,,,,3c455485-caa7-8007-80b6-d211d0834315,,,,,,,,,,,,,,,,,,,,,,,,,,,,,,
10/21/2021,2021-10-21,Thursday,2021-W43,"Sprung, Kraft",,0,,,,FALSE,"warm-up
Hütchenkordi
multi Take offs
take-off 7er 

umsetzen 5x5 80/90/100/95/90kg
kastendurchsprünge 5x5
3x4 beuger exz",,,,,,,,,,,,,,,,,,,,,3c455485-caa7-8030-a7e9-eba05e889b30,,,,,,,,,,,,,,,,,,,,,,,,,,,,,,
10/20/2021,2021-10-20,Wednesday,2021-W43,Regeneration,,0,,,,FALSE,"20min hüftmobi
4x kniestandgehen
4x8 Stabi kasten
Bauch rücken seite
8/6/8/5 klimmzüge
Stabi barren",,,,,,,,,,,,,,,,,,,,,3c455485-caa7-807d-95a9-dc8df76b4978,,,,,,,,,,,,,,,,,,,,,,,,,,,,,,
10/19/2021,2021-10-19,Tuesday,2021-W43,"Sprint, Kraft",,0,,,,FALSE,"kordi warm-up
3x4x60m
7.3s
lp: 20s
sp: 8min

5x5
Kreuzheben 90kg
hipthrust 120kg
6x10er Sprunglauf",,,,,,,,,,,,,,,,,,,,,3c455485-caa7-8026-8c8c-c7a165d37135,,,,,,,,,,,,,,,,,,,,,,,,,,,,,,
10/18/2021,2021-10-18,Monday,2021-W43,"Sprint, Kraft",,0,,,,FALSE,"warm-up
5x20m 48kg
1x20m 1080
3x40m 17,5kg / 8kg 1080
1x30m frei

5x5 kolkov 80kg
kastenaufsprünge",,,,,,,,,,,,,,,,,,,,,3c455485-caa7-8055-bb68-d02f99f8e000,,,,,,,,,,,,,,,,,,,,,,,,,,,,,,
10/17/2021,2021-10-17,Sunday,2021-W43,Frei,,0,,,,FALSE,,,,,,,,,,,,,,,,,,,,,,3c455485-caa7-8003-8e25-fae9e89e8559,,,,,,,,,,,,,,,,,,,,,,,,,,,,,,
10/16/2021,2021-10-16,Saturday,2021-W42,"Tempos, Kraft",,0,,,,FALSE,"3x250/180/120/80m
70/80/85/85%
LP: 3/4/4
sp: 10min

5x6 umsetzen squad 65kg
5x5 kastendurchsprünge",,,,,,,,,,,,,,,,,,,,,3c455485-caa7-8045-bd76-c8a7f70a7748,,,,,,,,,,,,,,,,,,,,,,,,,,,,,,
10/15/2021,2021-10-15,Friday,2021-W42,Sprint,,0,,,,FALSE,"warm-up
hütchenkordi
hütchenarbeit arme in vorhalte",,,,,,,,,,,,,,,,,,,,,3c455485-caa7-8042-92db-e3170f83eb3d,,,,,,,,,,,,,,,,,,,,,,,,,,,,,,
10/14/2021,2021-10-14,Thursday,2021-W42,Regeneration,,0,,,,FALSE,"20min hüftmobi
20min Hürdenkordi
3x4 beuger exz
7¼kg zusatz",,,,,,,,,,,,,,,,,,,,,3c455485-caa7-80d5-aa84-f571f0dff442,,,,,,,,,,,,,,,,,,,,,,,,,,,,,,
10/13/2021,2021-10-13,Wednesday,2021-W42,Frei,,0,,,,FALSE,,,,,,,,,,,,,,,,,,,,,,3c455485-caa7-8092-971c-f4ca8462ae06,,,,,,,,,,,,,,,,,,,,,,,,,,,,,,
10/12/2021,2021-10-12,Tuesday,2021-W42,Regeneration,,0,,,,FALSE,"4x4 rasendiagonalen
lp gehen
sp: 5min",,,,,,,,,,,,,,,,,,,,,3c455485-caa7-805a-8f01-c8e306673faf,,,,,,,,,,,,,,,,,,,,,,,,,,,,,,
10/11/2021,2021-10-11,Monday,2021-W42,Kraft,,0,,,,FALSE,"5x5
75kg kolkov 
75kg seilzug
30kg wade einb
2x3x5 einbeinsprúnge
8x10 hürdensprúnge",,,,,,,,,,,,,,,,,,,,,3c455485-caa7-80c4-a672-feb0c28a3d33,,,,,,,,,,,,,,,,,,,,,,,,,,,,,,
10/10/2021,2021-10-10,Sunday,2021-W42,Frei,,0,,,,FALSE,,,,,,,,,,,,,,,,,,,,,,3c455485-caa7-8047-a236-c4509688605b,,,,,,,,,,,,,,,,,,,,,,,,,,,,,,
10/9/2021,2021-10-09,Saturday,2021-W41,Frei,,0,,,,FALSE,,,,,,,,,,,,,,,,,,,,,,3c455485-caa7-80b3-9ab2-ee2b4eba470b,,,,,,,,,,,,,,,,,,,,,,,,,,,,,,
10/8/2021,2021-10-08T17:00:00.000+02:00,Friday,2021-W41,Sprint,,111,MS Halle,,☀️ Nachmittag,FALSE,"8x10m 30kg+
3x5er ablaufsprünge
3x60m
LP: 15s
10min core",,,,3 - Konzentriert,3 - Gut,2 - Anstrengend,1 - Keine,,,,,,,,,,,,,,3c455485-caa7-80ed-8cc3-ce405e9b7a2e,,,,,,83.4,12.6,,,,,,,,,,,,,,,,,,,,,,,
10/7/2021,2021-10-07T18:00:00.000+02:00,Thursday,2021-W41,Zirkel,,76,MS Halle,,🌙 Abend,FALSE,"3x12
Ausfallschritte
seitl Liegestütz
medball boden
schlagwürfe
squatjumps
aufsteiger
hürdenübersteiger
medballliegestütz
seitl tiefes gehen
hacke zieht
15s Knieheber matte

3x120m ",,,,2 - Normal,3 - Gut,2 - Anstrengend,2 - Wenig,,,,,,,,,,,,,,3c455485-caa7-809c-8eb8-dbc31a89a428,,,,,,83.4,12.6,,,,,,,,,,,,,,,,,,,,,,,
10/6/2021,2021-10-06T18:00:00.000+02:00,Wednesday,2021-W41,"Sprint, Kraft",,106,MS Halle,,🌙 Abend,FALSE,"warm-up
3x5x60m
1+2 spikes
3 barfuß

5x5 Klokov 80kg
5x6 Tscherbakis",,,,3 - Konzentriert,3 - Gut,2 - Anstrengend,2 - Wenig,,,,,,,,,,,,,,3c455485-caa7-8025-ab43-f35ce81a7bed,Dehnen,,,,,,,,,,,,,,,,,,,,,,,,,,,,,
10/5/2021,2021-10-05T18:00:00.000+02:00,Tuesday,2021-W41,Sprung,,112,MS Halle,,🌙 Abend,FALSE,"warm-up
hütchenkordi
multitakeoffs
4x5er rhythmus
3x3 (1x falsch)
4x 2x7er takeoff
8x 5er drill
5x5 beuger ex
Klimmzüge hinten 8/7/6/6",,,,3 - Konzentriert,3 - Gut,3 - Normal,2 - Wenig,,,,,,,,,,,,,,3c455485-caa7-8064-9bc0-f67623e33d25,Dehnen,,,,,,,,,,,,,,,,,,,,,,,,,,,,,
10/4/2021,2021-10-04T17:00:00.000+02:00,Monday,2021-W41,"Sprint, Kraft",,135,MS Halle,,☀️ Nachmittag,FALSE,"2x60m
Sprintgymnastik
4x2x8 umlenkrolle 30kg
4x15m push-bull 60kg

umsetzen boden 80kg 5x5
Kastensprünge exz 17.5kg kurzhantel 5x5
hip thrust 120kg 5x5
6x10er Sprunglauf",,,,2 - Normal,3 - Gut,2 - Anstrengend,2 - Wenig,,,,,140,,93.3,,,,,,,3c455485-caa7-802c-a520-ebe952c5b85f,Dehnen,,,,,,,,,,,,,,,,,,,,,,,,,,,,,
10/3/2021,2021-10-03,Sunday,2021-W41,Frei,,0,,,,FALSE,,,,,,,,,,,,,,,,,,,,,,3c455485-caa7-804a-83d1-f5bdfffbd4d4,Dehnen,,,"Freunde, Reisestress",Anderes Bett,,,,,,,,,,,,,,,,,,,,,,,,,
10/2/2021,2021-10-02T10:00:00.000+02:00,Saturday,2021-W40,"Tempos, Kraft",,91,MS Halle,,🌅 Vormittag,FALSE,"4x3x200m 40s
lp: gehen
sp: 8min

4x5 umsetzen -> squad 70kg
3x8 klimmzüge",,,,,,,,,,,,,,81.7,,,,,,,3c455485-caa7-803c-8e2b-cad8488a3045,,,,"Freunde, Reisestress",,,,,,,,,,,,,,,,,,,,,,,,,,
10/1/2021,2021-10-01T17:06:00.000+02:00,Friday,2021-W40,Sprint,,104,MS Halle,,☀️ Nachmittag,FALSE,"8x10m 47,5kg
4x5er ablaufsprünge

30x30m kordi
weste manschetten

4x5 adduktor/abduktor",,,,,,,,,,,,,,,,,,,,,3c455485-caa7-806f-bade-f2b7280d42e2,,,,,,,,,,,,,,,,,,,,,,,,,,,,,,
9/30/2021,2021-09-30T17:00:00.000+02:00,Thursday,2021-W40,Zirkel,,89,MS Halle,,☀️ Nachmittag,FALSE,"3x12
Ausfallschritte frequent
seitl liegestützsprünge
medball zu boden
schlagwürfe
seitl squadjumps
aufsteiger
hürdenübersteiger
liegesütz über ball
seitl tiefes gehen
elefantengehen
hacke zieht

3x120m",,,,,,,,,,,,,,,,,,,,,3c455485-caa7-8013-b850-fed8220eb75b,,,,"Freunde, Arbeitsstress",,,,,,,,,,,,,,,,,,,,,,,,,,
9/29/2021,2021-09-29T17:07:00.000+02:00,Wednesday,2021-W40,"Sprint, Kraft",,122,MS Halle,,☀️ Nachmittag,FALSE,"3x5x60m
1./ 2. spikes
lp: 30s
sp: 8min

Klokov 65kg 5x5
5x6 tscherbakis",,,,,,,,,,,,,,,,,,,,,3c455485-caa7-802a-a771-fd45f3b0b5b3,,,,"Freunde, Arbeitsstress",,,,,,,,,,,,,,,,,,,,,,,,,,
9/28/2021,2021-09-28T18:00:00.000+02:00,Tuesday,2021-W40,Sprung,,129,MS Halle,,🌙 Abend,FALSE,"warm-up
takeoffs
5x5 beuger exz",,,,,,,,,,,,,,,,,,,,,3c455485-caa7-80d8-88ec-f4d8f5e9092f,,,,"Freunde, Arbeitsstress",,,,,,,,,,,,,,,,,,,,,,,,,,
9/27/2021,2021-09-27T18:00:00.000+02:00,Monday,2021-W40,"Kraft, Sprint",,118,MS Halle,,🌙 Abend,FALSE,"8x2x8 Startschritte
30kg umlenkrolle

Umsetzen von boden 5x5
kreuzheben 5x5
kastensprünge exz 5x5
6x10er sprunglauf",,,,,,,,,,,,,,0,,,,,,,3c455485-caa7-8040-8b66-cc077ba7c715,,,,"Freunde, Arbeitsstress",,,,,,,,,,,,,,,,,,,,,,,,,,
9/26/2021,2021-09-26,Sunday,2021-W40,Frei,,0,,,,FALSE,,,,,,,,,,,,,,,,,,,,,,3c455485-caa7-805f-ba50-c1c250537845,,,,Freunde,,,,,,,,,,,,,,,,,,,,,,,,,,
9/25/2021,2021-09-25T10:00:00.000+02:00,Saturday,2021-W39,Tempos,,107,Münster,Draußen - Vergessen,🌅 Vormittag,FALSE,"Bergläufe

5min joggen
Kordi bergauf
4x3x100m bergauf
lp: gehen
sp: 8min",,,,,,,,,,,,,,,,,,,,,3c455485-caa7-8025-abd3-f08104292690,Outdoor-Time,,,Freunde,,,,,,,,,,,,,,,,,,,,,,,,,,
9/24/2021,2021-09-24,Friday,2021-W39,Frei,,0,,,,FALSE,,,,,,,,,,,,,,,,,,,,,,3c455485-caa7-80bf-9598-c1749e60dc42,,,,"Freunde, Arbeitsstress",,,,,,,,,,,,,,,,,,,,,,,,,,
9/23/2021,2021-09-23T18:00:00.000+02:00,Thursday,2021-W39,Regeneration,,97,MS Halle,,🌙 Abend,FALSE,"Hüftmobilität
Stabi 
Adduktor/Abduktor
Sprintgymnastik
Hürdenkordi
Adduktor/Abduktor 4x6
5x5 seilzug exz",,,,,,,,,,,,,,,,,,,,,3c455485-caa7-8000-bf6d-d1a878af86f5,,,,"Freunde, Arbeitsstress",,,,,,,,,,,,,,,,,,,,,,,,,,
9/22/2021,2021-09-22T18:00:00.000+02:00,Wednesday,2021-W39,"Tempos, Kraft",,90,MS Halle,,🌙 Abend,FALSE,"3x3x200m
32s
lp: 30s
sp: 7min

5x5 front squat 90kg
4x5 beuger ex",,,,2 - Normal,2 - Okay,2 - Anstrengend,2 - Wenig,,,,,,,,,,,,,,3c455485-caa7-80a1-92f0-df8da7c625a9,,,,"Freunde, Arbeitsstress",,,,,,,,,,,,,,,,,,,,,,,,,,
9/21/2021,2021-09-21T17:30:00.000+02:00,Tuesday,2021-W39,Kraft,,102,MS Halle,,☀️ Nachmittag,FALSE,"umsetzen 3x4 90kg
3x4 kastenaufsprünge
hipthrust 3x4 120kg
3x10er sprunglauf
frontpress 3x4 35kg
klimmzug hinten 3x4
3x15 liegestütz
3x10 medballwürfe
5x8 schocken

4x120m",,,,2 - Normal,3 - Gut,4 - Regenerativ,2 - Wenig,,,,,140,,105,,,,,,,3c455485-caa7-8072-a69e-d64d51514833,,,,"Freunde, Arbeitsstress",,,,,,,,,,,,,,,,,,,,,,,,,,
9/20/2021,2021-09-20,Monday,2021-W39,Ausdauer,Joggen,0,,,,FALSE,"3x10min Dauerlauf
lp. 4min
20min Hatha-Yoga",,,,2 - Normal,2 - Okay,2 - Anstrengend,2 - Wenig,,,,,,,,,,,,,,3c455485-caa7-8087-9f92-c59f1515afdd,Dehnen,,,"Freunde, Arbeitsstress",,,,,,,,,,,,,,,,,,,,,,,,,,
9/19/2021,2021-09-19,Sunday,2021-W39,Frei,,0,,,,FALSE,,,,,,,,,,,,,,,,,,,,,,3c455485-caa7-80d5-a64c-c85db696bf13,"Spaziergang, Outdoor-Time, Dehnen",,,,,,,,,,,,,,,,,,,,,,,,,,,,,
9/18/2021,2021-09-18T10:30:00.000+02:00,Saturday,2021-W38,"Tempos, Kraft",,117,MS Halle,,🌅 Vormittag,FALSE,"300/200/120/50/50m
3x
lp: gehen
sp: 12min
4x6 umsetzen -> squat 65kg",,,,2 - Normal,2 - Okay,1 - Hoch,2 - Wenig,,,,,,,78,,,,,,,3c455485-caa7-8067-9cdb-d6720f67a7d2,,,,,,,,,,,,,,,,,,,,,,,,,,,,,,
9/17/2021,2021-09-17T15:20:00.000+02:00,Friday,2021-W38,"Sprint, Kraft",,103,,,☀️ Nachmittag,FALSE,"warm-up
8x15m schlitten + 35kg
3x30m ablauf
5x6 ausstoßen 30kg
4x6 kreuzheben 70kg
6x6 ausfallschrittsprünge 2x9kg kurzhantel",,,,,,,,,,,,,,,,,,,,,3c455485-caa7-804f-ac2a-e5ef53dd9801,,,,"Freunde, Arbeitsstress",,,,,,,,,,,,,,,,,,,,,,,,,,
9/16/2021,2021-09-16T18:00:00.000+02:00,Thursday,2021-W38,Kraft,,122,MS Halle,,🌙 Abend,FALSE,"Hüftmobilität 20min
Hürdenkordi medball 6kg 20min
10x10 Hürdensprünge
4x6 umsetzen 80kg
4x6 hipthrust 100kg
4x6 valeri
3x60m auslaufen",,,,,,,,,,,,120,,96,,,,,,,3c455485-caa7-8079-a6c2-e47e7e78554f,,,,"Freunde, Arbeitsstress",,,,,,,,,,,,,,,,,,,,,,,,,,
9/15/2021,2021-09-15T18:00:00.000+02:00,Wednesday,2021-W38,Zirkel,,83,MS Halle,,🌙 Abend,FALSE,"3x12
ausfallschritte freq
seitl liegestütz
aufsteiger
schlagwürfe
seitl squatjumps
elefantengehen
seitl tiefes gehen
medballliegestütz
medball zu boden
hacke zieht

8x50 steigern
ohne pause",,,,,,,,,,,,,,,,,,,,,3c455485-caa7-80c7-a1a8-ee306ec199a1,,,,"Freunde, Arbeitsstress",,,,,,,,,,,,,,,,,,,,,,,,,,
9/14/2021,2021-09-14T17:30:00.000+02:00,Tuesday,2021-W38,Kraft,,114,,,☀️ Nachmittag,FALSE,"30x30m Kordi
Weste manschetten
medball 6kg
4x10er sprunglauf
4x5er hop bb
3x10 dropjumps zwischen kasten
4x6 hüftbeuger 12,5kg
5x6 beuger exz
4x6 wade exz
8x8 medball",,,,,,,,,,,,,,,,,,,,,3c455485-caa7-80ff-b06d-ca1a0850c450,,,,"Freunde, Arbeitsstress",,,,,,,,,,,,,,,,,,,,,,,,,,
9/13/2021,2021-09-13T17:46:00.000+02:00,Monday,2021-W38,"Sprint, Kraft",,104,MS Halle,,☀️ Nachmittag,FALSE,"5x50m
lp:45s
5x60m
lp: 30s
5x70m
lp:15s
5x50m
lp: 45s

sp: 8min
4x6 front squat tief
4x6 umsprünge 60kg
4x6 adduktor 80kg",,,,,,,,,,,,,,,,,,,,,3c455485-caa7-807b-a449-f2d89a441a06,,,,"Freunde, Arbeitsstress",,,,,,,,,,,,,,,,,,,,,,,,,,
9/12/2021,2021-09-12,Sunday,2021-W38,Frei,,0,,,,FALSE,,,,,,,,,,,,,,,,,,,,,,3c455485-caa7-80ff-9544-fd043e8154f7,,,,,,,,,,,,,,,,,,,,,,,,,,,,,,
9/11/2021,2021-09-11T11:00:00.000+02:00,Saturday,2021-W37,"Tempos, Kraft",,88,MS Halle,,🌅 Vormittag,FALSE,"300/150/80/60m
3x
lp: gehen
sp: 12min
4x6 umsetzen -> squat
3x8 beuger exz",,,,,,,,,,,,,,0,,,,,,,3c455485-caa7-8064-bbc2-edec522c5ecd,,,,,,,,,,,,,,,,,,,,,,,,,,,,,,
9/10/2021,2021-09-10T13:00:00.000+02:00,Friday,2021-W37,Kraft,,110,MS Halle,,☀️ Nachmittag,FALSE,"warm-up
3x30m
seilchen

5x6 frontpress 30kg
4x6 kreuzheben 80kg
6x6 ausfallschrittsprünge 2x10kg Kurzhanteln",,,,,,,,,,,,,,,,,,,,,3c455485-caa7-809b-90a3-f6af7c042314,,,,"Freunde, Arbeitsstress",,,,,,,,,,,,,,,,,,,,,,,,,,
9/9/2021,2021-09-09T18:00:00.000+02:00,Thursday,2021-W37,"Kraft, Regeneration",,126,MS Halle,,🌙 Abend,FALSE,"Hüftmobilität
Hürdenkordi
Medball 6kg

10x10 Hürdensprünge

4x6 umsetzen
4x6 hipthrust
4x6 valeri

3x60m auslaufen",,,,,,,,,,,,0,,0,,,,,,,3c455485-caa7-8074-8e11-dde883000751,,,,"Freunde, Arbeitsstress",,,,,,,,,,,,,,,,,,,,,,,,,,
9/8/2021,2021-09-08T17:00:00.000+02:00,Wednesday,2021-W37,Tempos,Sekundenläufe,105,MS Halle,,☀️ Nachmittag,FALSE,"10-20-30-20-10s Sekundenläufe
lp: 60s
sp: 5min
3x8 hacke zieht
20min athletik",,,,,,,,,,,,,,,,,,,,,3c455485-caa7-8073-ab2e-e3b117695926,,,,"Freunde, Arbeitsstress",,,,,,,,,,,,,,,,,,,,,,,,,,
9/7/2021,2021-09-07T17:00:00.000+02:00,Tuesday,2021-W37,"Kraft, Sprung",,112,MS Halle,,☀️ Nachmittag,FALSE,"30x30 Kordi
Weste Manschetten
Medball 6kg

4x5er hop einb
4x5er hop bb
4x10 dropjump zwischen Kasten

4x6 seilzug exz
5x6 bueger exz
4x6 wade exz
8x8 medball",,,,,,,,,,,,,,,,,,,,,3c455485-caa7-80ac-af84-d783fdc1541e,,,,"Freunde, Arbeitsstress",,,,,,,,,,,,,,,,,,,,,,,,,,
9/6/2021,2021-09-06T18:00:00.000+02:00,Monday,2021-W37,"Sprint, Kraft",,111,MS Halle,,🌙 Abend,FALSE,"5x40m
lp: 45s
5x60m
lp: 30s
5x80m
lp: 15s
5x50m
lp: 45s

sp: 8min
4x6 front squat tief
4x6 umsprünge
4x6 adduktor",,,,,,,,,,,,,,,,,,,,,3c455485-caa7-80eb-8094-f2c42ab2b008,,,,"Freunde, Arbeitsstress",,,,,,,,,,,,,,,,,,,,,,,,,,
9/5/2021,2021-09-05,Sunday,2021-W37,Frei,,0,,,,FALSE,,,,,,,,,,,,,,,,,,,,,,3c455485-caa7-8011-92b6-fc5c4ea3e8b7,,,,,,,,,,,,,,,,,,,,,,,,,,,,,,
9/4/2021,2021-09-04T10:00:00.000+02:00,Saturday,2021-W36,"Tempos, Kraft",,92,MS Halle,,🌅 Vormittag,FALSE,"300/150/80/60m
3x
lp: gehen
sp: 12min
4x6 umsetzen -> squat
3x8 beuger exz",,,,,,,,,,,,,,0,,,,,,,3c455485-caa7-807c-90b6-d1aebf5f036a,,,,Freunde,,,,,,,,,,,,,,,,,,,,,,,,,,
9/3/2021,2021-09-03T18:00:00.000+02:00,Friday,2021-W36,Kraft,,84,Münster,,🌙 Abend,FALSE,"warm-up
3x30m
4x6 valeriersatz
4x6 kreuzhebenersatz
6x6 ausfallschrittsprünge",,,,,,,,,,,,,,,,,,,,,3c455485-caa7-8068-9873-c7ccb77f2773,,,,"Freunde, Arbeitsstress",,,,,,,,,,,,,,,,,,,,,,,,,,
9/2/2021,2021-09-02T17:00:00.000+02:00,Thursday,2021-W36,Kraft,,132,MS Halle,,☀️ Nachmittag,FALSE,"Hüftmobilität
Hürdenkordi 
Medball
10x10 Hürdensprünge
4x6 umsetzen
4x6 hipthrust
4x6 seilzug exz
3x60m auslaufen",,,,,,,,,,,,0,,0,,,,,,,3c455485-caa7-806d-8303-c9fff2148959,,,,"Freunde, Reisestress, Arbeitsstress",,,,,,,,,,,,,,,,,,,,,,,,,,
9/1/2021,2021-09-01T17:30:00.000+02:00,Wednesday,2021-W36,Ausdauer,Sekundenläufe,100,MS Halle,,☀️ Nachmittag,FALSE,"10-20-30-20-10s Sekundenläufe
3x
lp: 60s
sp: 5min
3x8 hacke zieht",,,,,,,,,,,,,,,,,,,,,3c455485-caa7-80f8-8be7-ee8b510387e9,,,,"Freunde, Reisestress, Arbeitsstress",,,,,,,,,,,,,,,,,,,,,,,,,,
8/31/2021,2021-08-31T18:00:00.000+02:00,Tuesday,2021-W36,"Kraft, Sprint",Koordination,111,MS Halle,,🌙 Abend,FALSE,"20x30m Kordi
Weste Manschetten
Medball 6kg
80 Sprünge
4x6 Hüftbeuger
3x8 Beuger exz
4x6 Wade exz
8x8 Medball",,,,,,,,,,,,,,,,,,,,,3c455485-caa7-80cb-a2b3-cb44da92cdd6,,,,,,,,,,,,,,,,,,,,,,,,,,,,,,
8/30/2021,2021-08-30T18:00:00.000+02:00,Monday,2021-W36,"Sprint, Kraft",Tempos,80,MS Halle,,🌙 Abend,FALSE,"5x40m
lp: 90s
5x60m
lp: 60s
5x80m
lp: 30s
5x50m
lp: 60s

sp: 5min
4x6 front squat tief
4x6 adduktor
4x6 Abduktor",,,,,,,,,,,,,,,,,,,,,3c455485-caa7-80d7-bd74-e8020e59982d,,,,Freunde,,,,,,,,,,,,,,,,,,,,,,,,,,
8/29/2021,2021-08-29,Sunday,2021-W36,Frei,,0,,,,FALSE,,,,,,,,,,,,,,,,,,,,,,3c455485-caa7-8098-8bf9-fd4bc8793857,,,,,,,,,,,,,,,,,,,,,,,,,,,,,,
8/28/2021,2021-08-28T10:25:00.000+02:00,Saturday,2021-W35,"Tempos, Kraft",,113,MS Halle,,🌅 Vormittag,FALSE,"300/200/60/40
3x
lp: gehen
sp: 12min
4x6 umsetzen -> Squat
3x8 Beuger exz.",,,,,,,,,,,,,,0,,,,,,,3c455485-caa7-8031-be2e-cb3fef8d275e,,,,,,,,,,,,,,,,,,,,,,,,,,,,,,
8/27/2021,2021-08-27,Friday,2021-W35,Frei,,0,,,,FALSE,,,,,,,,,,,,,,,,,,,,,,3c455485-caa7-80d4-9342-cac3b525b9f3,,,,"Freunde, Reisestress",,,,,,,,,,,,,,,,,,,,,,,,,,
8/26/2021,2021-08-26T18:00:00.000+02:00,Thursday,2021-W35,Kraft,,132,MS Halle,,🌙 Abend,FALSE,"Hüftmobilität
Hürdenkordi
4x6 Umsetzen
4x6 Hipthrust
4x6 Seilzug exz.",,,,,,,,,,,,0,,0,,,,,,,3c455485-caa7-80f7-9ad8-e305394fc29e,,,,,,,,,,,,,,,,,,,,,,,,,,,,,,
8/25/2021,2021-08-25,Wednesday,2021-W35,Frei,,0,,,,FALSE,,,,,,,,,,,,,,,,,,,,,,3c455485-caa7-80cc-8711-d6c36b188618,,,,,,,,,,,,,,,,,,,,,,,,,,,,,,
8/24/2021,2021-08-24T17:30:00.000+02:00,Tuesday,2021-W35,"Sprint, Kraft",,113,MS Halle,,☀️ Nachmittag,FALSE,"20min
30m Kordi hin zurück
Weste Manschetten
6x10s Tapping
4x6 Kreuzheben
3x8 Beuger exz",,,,,,,,,,,,,,,,,,,,,3c455485-caa7-809b-bca2-db684e84d197,,,,,,,,,,,,,,,,,,,,,,,,,,,,,,
8/23/2021,2021-08-23T18:00:00.000+02:00,Monday,2021-W35,"Sprint, Kraft",,74,MS Halle,,🌙 Abend,FALSE,"5x40m
lp: 90s
5x60m
lp: 60s
5x80m
lp: 30s
5x50m
lp: 60s

sp: 5min
4x6 front squat tief",,,,,,,,,,,,,,,,,,,,,3c455485-caa7-80cc-9db2-db3c01cc04d6,,,,,,,,,,,,,,,,,,,,,,,,,,,,,,
8/22/2021,2021-08-22,Sunday,2021-W35,,,0,,,,FALSE,,,,,,,,,,,,,,,,,,,,,,3c455485-caa7-8085-a8ee-c1a440e0ace3,,,,,,,,,,,,,,,,,,,,,,,,,,,,,,
8/21/2021,2021-08-21,Saturday,2021-W34,,,0,,,,FALSE,,,,,,,,,,,,,,,,,,,,,,3c355485-caa7-802b-9cc6-f1cd0f194614,,,,,,,,,,,,,,,,,,,,,,,,,,,,,,
8/20/2021,2021-08-20,Friday,2021-W34,,,0,,,,FALSE,,,,,,,,,,,,,,,,,,,,,,3c255485-caa7-80ae-aebf-f4d92ac9df14,,,,,,,,,,,,,,,,,,,,,,,,,,,,,,
8/19/2021,2021-08-19,Thursday,2021-W34,,,0,,,,FALSE,,,,,,,,,,,,,,,,,,,,,,3c155485-caa7-8091-8495-e8d4bf55e0aa,,,,,,,,,,,,,,,,,,,,,,,,,,,,,,
8/18/2021,2021-08-18,Wednesday,2021-W34,,,0,,,,FALSE,,,,,,,,,,,,,,,,,,,,,,3c055485-caa7-8080-8660-c709112ae36b,,,,,,,,,,,,,,,,,,,,,,,,,,,,,,
8/17/2021,2021-08-17,Tuesday,2021-W34,,,0,,,,FALSE,,,,,,,,,,,,,,,,,,,,,,3bf55485-caa7-8000-bbba-c491b6c9f874,,,,"Freunde, Reisestress",,,,,,,,,,,,,,,,,,,,,,,,,,
8/16/2021,2021-08-16,Monday,2021-W34,,,0,,,,FALSE,,,,,,,,,,,,,,,,,,,,,,3be55485-caa7-80f5-9252-e27c3c32aee3,,,,,,,,,,,,,,,,,,,,,,,,,,,,,,
8/15/2021,2021-08-15,Sunday,2021-W34,,,0,,,,FALSE,,,,,,,,,,,,,,,,,,,,,,3bd55485-caa7-80ea-9020-f93d54f771e0,,,,,,,,,,,,,,,,,,,,,,,,,,,,,,
8/14/2021,2021-08-14,Saturday,2021-W33,,,0,,,,FALSE,,,,,,,,,,,,,,,,,,,,,,3bc55485-caa7-80f0-b5a8-da82d50f0f75,,,,"Freunde, Reisestress",,,,,,,,,,,,,,,,,,,,,,,,,,
8/13/2021,2021-08-13,Friday,2021-W33,,,0,,,,FALSE,,,,,,,,,,,,,,,,,,,,,,3bb55485-caa7-803b-9dc3-c2157a5f5ba8,,,,,,,,,,,,,,,,,,,,,,,,,,,,,,
8/12/2021,2021-08-12,Thursday,2021-W33,,,0,,,,FALSE,,,,,,,,,,,,,,,,,,,,,,3ba55485-caa7-80ee-8b89-d24262e24314,,,,,,,,,,,,,,,,,,,,,,,,,,,,,,
8/11/2021,2021-08-11,Wednesday,2021-W33,,,0,,,,FALSE,,,,,,,,,,,,,,,,,,,,,,3b955485-caa7-805d-a98b-f04b015798ec,,,,,,,,,,,,,,,,,,,,,,,,,,,,,,
8/10/2021,2021-08-10,Tuesday,2021-W33,,,0,,,,FALSE,,,,,,,,,,,,,,,,,,,,,,3b855485-caa7-8046-a614-f7c02a742abe,,,,,,,,,,,,,,,,,,,,,,,,,,,,,,
8/9/2021,2021-08-09,Monday,2021-W33,,,0,,,,FALSE,,,,,,,,,,,,,,,,,,,,,,3b755485-caa7-8054-b5cf-c646a5772611,,,,"Freunde, Reisestress",,,,,,,,,,,,,,,,,,,,,,,,,,
8/8/2021,2021-08-08,Sunday,2021-W33,,,0,,,,FALSE,,,,,,,,,,,,,,,,,,,,,,3b655485-caa7-8059-aae5-fd5da6507eb6,,,,,,,,,,,,,,,,,,,,,,,,,,,,,,
8/7/2021,2021-08-07,Saturday,2021-W32,,,0,,,,FALSE,,,,,,,,,,,,,,,,,,,,,,3b555485-caa7-8003-a5b2-cb6fc0f19105,,,,,,,,,,,,,,,,,,,,,,,,,,,,,,
8/6/2021,2021-08-06,Friday,2021-W32,,,0,,,,FALSE,,,,,,,,,,,,,,,,,,,,,,3b455485-caa7-80b7-9be9-fe993a8f7acd,,,,,,,,,,,,,,,,,,,,,,,,,,,,,,
8/5/2021,2021-08-05,Thursday,2021-W32,,,0,,,,FALSE,,,,,,,,,,,,,,,,,,,,,,3b355485-caa7-80d7-8a58-d708366d4fa3,,,,,,,,,,,,,,,,,,,,,,,,,,,,,,
8/4/2021,2021-08-04,Wednesday,2021-W32,,,0,,,,FALSE,,,,,,,,,,,,,,,,,,,,,,3b255485-caa7-804a-87db-f9f7e460338a,,,,,,84.05,13.1,,,,,,,,,,,,,,,,,,,,,,,
8/3/2021,2021-08-03,Tuesday,2021-W32,,,0,,,,FALSE,,,,,,,,,,,,,,,,,,,,,,3b155485-caa7-803f-9090-ed93fafd4d3d,,,,,,,,,,,,,,,,,,,,,,,,,,,,,,
8/2/2021,2021-08-02,Monday,2021-W32,,,0,,,,FALSE,,,,,,,,,,,,,,,,,,,,,,3b055485-caa7-80eb-a03b-c7127d689675,,,,,,,,,,,,,,,,,,,,,,,,,,,,,,
8/1/2021,2021-08-01,Sunday,2021-W32,,,0,,,,FALSE,,,,,,,,,,,,,,,,,,,,,,3af55485-caa7-808e-9bc4-e2a6d89d116b,,,,,,,,,,,,,,,,,,,,,,,,,,,,,,
7/31/2021,2021-07-31,Saturday,2021-W31,,,0,,,,FALSE,,,,,,,,,,,,,,,,,,,,,,3ae55485-caa7-80d5-a353-d55d626cb86a,,,,,,,,,,,,,,,,,,,,,,,,,,,,,,
7/30/2021,2021-07-30,Friday,2021-W31,,,0,,,,FALSE,,,,,,,,,,,,,,,,,,,,,,3ad55485-caa7-80d0-a7a3-d813ccfdf5b4,,,,,,,,,,,,,,,,,,,,,,,,,,,,,,
7/29/2021,2021-07-29,Thursday,2021-W31,,,0,,,,FALSE,,,,,,,,,,,,,,,,,,,,,,3ac55485-caa7-80ff-a3e9-f3ad74c997b7,,,,,,,,,,,,,,,,,,,,,,,,,,,,,,
7/28/2021,2021-07-28,Wednesday,2021-W31,,,0,,,,FALSE,,,,,,,,,,,,,,,,,,,,,,3ab55485-caa7-8010-83d3-e1516090c15b,,,,,,,,,,,,,,,,,,,,,,,,,,,,,,
7/27/2021,2021-07-27,Tuesday,2021-W31,,,0,,,,FALSE,,,,,,,,,,,,,,,,,,,,,,3aa55485-caa7-8086-80c2-ebd27e27b078,,,,,,,,,,,,,,,,,,,,,,,,,,,,,,
7/26/2021,2021-07-26,Monday,2021-W31,,,0,,,,FALSE,,,,,,,,,,,,,,,,,,,,,,3a955485-caa7-8070-919e-d1c216591e44,,,,,,,,,,,,,,,,,,,,,,,,,,,,,,
7/25/2021,2021-07-25,Sunday,2021-W31,,,0,,,,FALSE,,,,,,,,,,,,,,,,,,,,,,3a855485-caa7-80b5-8180-e4460d8707e5,,,,,,,,,,,,,,,,,,,,,,,,,,,,,,
7/24/2021,2021-07-24,Saturday,2021-W30,,,0,,,,FALSE,,,,,,,,,,,,,,,,,,,,,,3a755485-caa7-80ae-9d18-d0f6bd07ef54,,,,,,,,,,,,,,,,,,,,,,,,,,,,,,
7/23/2021,2021-07-23,Friday,2021-W30,,,0,,,,FALSE,,,,,,,,,,,,,,,,,,,,,,3a655485-caa7-8099-ad8b-cd9fc3dc5335,,,,,,,,,,,,,,,,,,,,,,,,,,,,,,
7/22/2021,2021-07-22,Thursday,2021-W30,,,0,,,,FALSE,,,,,,,,,,,,,,,,,,,,,,3a555485-caa7-801d-839a-cd2bde1984ee,,,,,,,,,,,,,,,,,,,,,,,,,,,,,,
7/21/2021,2021-07-21,Wednesday,2021-W30,,,0,,,,FALSE,,,,,,,,,,,,,,,,,,,,,,3a455485-caa7-80c1-950f-e57bb528f6c8,,,,,,,,,,,,,,,,,,,,,,,,,,,,,,
7/20/2021,2021-07-20,Tuesday,2021-W30,,,0,,,,FALSE,,,,,,,,,,,,,,,,,,,,,,3a355485-caa7-8098-a59c-ddda9ef427d2,,,,,,,,,,,,,,,,,,,,,,,,,,,,,,
7/19/2021,2021-07-19,Monday,2021-W30,,,0,,,,FALSE,,,,,,,,,,,,,,,,,,,,,,3a255485-caa7-8015-940d-f232b0863a65,,,,,,,,,,,,,,,,,,,,,,,,,,,,,,
7/18/2021,2021-07-18,Sunday,2021-W30,Wettkampf,,0,Bochum,,,FALSE,Weit: 7.52m -0.2m/s,,,,,,,,,,,,,,,7.52,,,,,,2ca55485-caa7-8094-99b1-fbe40efa7888,,,,"Reisestress, Freunde",,,,,,,,,,,,,,,,,,,,,,,,,,
7/17/2021,2021-07-17,Saturday,2021-W29,,,0,,,,FALSE,,,,,,,,,,,,,,,,,,,,,,3a055485-caa7-8022-a662-cb65ba24aadb,,,,Reisestress,,,,,,,,,,,,,,,,,,,,,,,,,,
7/16/2021,2021-07-16,Friday,2021-W29,,,0,,,,FALSE,,,,,,,,,,,,,,,,,,,,,,39f55485-caa7-8023-8e6c-d9e23b87b04d,,,,,,82.45,12.4,,,,,,,,,,,,,,,,,,,,,,,
7/15/2021,2021-07-15,Thursday,2021-W29,,,0,MS Halle,,,FALSE,,,,,,,,,,,,,,,,,,,,,,39e55485-caa7-80f1-b741-e89a4d6853fa,,,,,,81.4,12.3,,,,,,,,,,,,,,,,,,,,,,,
7/14/2021,2021-07-14,Wednesday,2021-W29,,,0,MS Halle,,,FALSE,,,,,,,,,,,,,,,,,,,,,,39d55485-caa7-80f7-a9fd-cac03be7cbe3,,,,,,81.4,12.4,,,,,,,,,,,,,,,,,,,,,,,
7/13/2021,2021-07-13,Tuesday,2021-W29,"Sprint, Kraft",,0,MS Halle,,,FALSE,"warm-up kurz
3x 35m zwl 1080
3x Hütchen 6 Fuß technik

3x3
Aufsteiger 150
hipthrust 150",,,,2 - Normal,3 - Gut,2 - Anstrengend,2 - Wenig,,,,165,165,,,,,,,,,39c55485-caa7-80e9-8e92-c0e5cfbc3950,Dehnen,,,,,81.4,12.4,,,,,,,,,,,,,,,,,,,,,,,
7/12/2021,2021-07-12,Monday,2021-W29,Sprung,,0,MS Halle,,,FALSE,"warm-up
9er/13er
landung",,,,1 - Unkonzentriert,3 - Gut,3 - Normal,2 - Wenig,,,,,,,,,,,,,,39b55485-caa7-80d3-b662-f5fe95073c92,Dehnen,,,,,82.95,12.7,,,,,,,,,,,,,,,,,,,,,,,
7/11/2021,2021-07-11,Sunday,2021-W29,Frei,,0,,,,FALSE,,,,,,,,,,,,,,,,,,,,,,39a55485-caa7-80e1-9417-c96a96a9e10e,,,,,,,,,,,,,,,,,,,,,,,,,,,,,,
7/10/2021,2021-07-10,Saturday,2021-W28,Sprung,Anlauf,0,MS Halle,,,FALSE,"warm-up
6x anlauf",,,,2 - Normal,2 - Okay,3 - Normal,2 - Wenig,,,,,,,,,,,,,,39955485-caa7-80f1-97ea-e2131daa4ac3,Dehnen,,,,,,,,,,,,,,,,,,,,,,,,,,,,,
7/9/2021,2021-07-09,Friday,2021-W28,Sprung,,0,MS Halle,,,FALSE,"warm-up
5/7/9/11 von kasten

3/3/2/2
Aufsteiger einb 160kg",,,,3 - Konzentriert,3 - Gut,2 - Anstrengend,2 - Wenig,,,,170.7,,,,,,,,,,39855485-caa7-8020-ade2-c19593350f41,,,,,,,,,,,,,,,,,,,,,,,,,,,,,,
7/8/2021,2021-07-08,Thursday,2021-W28,Frei,,0,,,,FALSE,,,,,,,,,,,,,,,,,,,,,,39755485-caa7-8095-8276-f8ed436db303,,,,,,82.35,12.5,,,,,,,,,,,,,,,,,,,,,,,
7/7/2021,2021-07-07,Wednesday,2021-W28,Sprint,Start,0,MS Halle,,,FALSE,"warm-up
10/20/30 Starts
60 in n out
4x2x3 hürden",,,,3 - Konzentriert,3 - Gut,3 - Normal,2 - Wenig,,,,,,,,,,,,,,39655485-caa7-805a-86e6-e9cc5a5b32cb,Dehnen,,,,,83,12.7,,,,,,,,,,,,,,,,,,,,,,,
7/6/2021,2021-07-06,Tuesday,2021-W28,"Sprint, Kraft",,0,MS Halle,,,FALSE,"warm-up
3x15m +20kg
2x30m frei

3x2umsetzen einb 80kg
3x3 kastendurchsprünge

Aufsteiger einb schnell 85kg
hip thrust 130kg
Valerie umsprünge",,,,3 - Konzentriert,3 - Gut,3 - Normal,2 - Wenig,,,,90.7,138.7,,,,,,,,,39555485-caa7-80bc-b282-f94d03fe741d,Dehnen,,,,,83,12.4,,,,,,,,,,,,,,,,,,,,,,,
7/5/2021,2021-07-05,Monday,2021-W28,Sprung,,0,MS Halle,,,FALSE,"warm-up
6x5 mini absprünge",,,,3 - Konzentriert,3 - Gut,4 - Regenerativ,2 - Wenig,,,,,,,,,,,,,,39455485-caa7-8047-bb13-eb19db04619d,"Dehnen, Physio",,,,,,,,,,,,,,,,,,,,,,,,,,,,,
7/4/2021,2021-07-04,Sunday,2021-W28,Tempos,Tempos,0,Münster,,,FALSE,"2x80/40
lp: 2min
sp: 9min

110/40
lp: 5min",,,,2 - Normal,2 - Okay,2 - Anstrengend,2 - Wenig,,,,,,,,,,,,,,39355485-caa7-8016-bd4b-f129dff3dc74,,,,,,,,,,,,,,,,,,,,,,,,,,,,,,
7/3/2021,2021-07-03,Saturday,2021-W27,Frei,,0,,,,FALSE,,,,,,,,,,,,,,,,,,,,,,39255485-caa7-8057-ba42-c1035b7b3761,,,,"Freunde, Reisestress",,,,,,,,,,,,,,,,,,,,,,,,,,
7/2/2021,2021-07-02,Friday,2021-W27,Regeneration,,0,MS Halle,,,FALSE,"6x Rasengerade mit 20kg schlitten
8x4 Hürdensprünge",,,,,,,,,,,,,,,,,,,,,39155485-caa7-80fd-ac03-c70cbf20ac81,,,,,,,,,,,,,,,,,,,,,,,,,,,,,,
7/1/2021,2021-07-01,Thursday,2021-W27,Kraft,,0,MS Halle,Halle,,FALSE,"3x4 schnell
squat einb. 60kg
wade 80kg einb
hip thrust 130kg
6x4 hürdensprünge",,,,,,,,,,,,147.3,,,,,,,,,39055485-caa7-80bd-a836-c66a19ababa3,,,,,,82.2,12.5,,,,,,,,,,,,,,,,,,,,,,,
6/30/2021,2021-06-30,Wednesday,2021-W27,Regeneration,,0,MS Halle,,,FALSE,"3x3 Rasendiagonalen
3x2 60m",,,,,,,,,,,,,,,,,,,,,38f55485-caa7-80a1-a25f-f4ca76309590,,,,,,82.2,12.4,,,,,,,,,,,,,,,,,,,,,,,
6/29/2021,2021-06-29,Tuesday,2021-W27,Frei,,0,,,,FALSE,,,,,,,,,,,,,,,,,,,,,,38e55485-caa7-80f1-9c59-cb0c2ddde65e,,,,,,83.15,13,,,,,,,,,,,,,,,,,,,,,,,
6/28/2021,2021-06-28,Monday,2021-W27,Frei,,0,,,,FALSE,,,,,,,,,,,,,,,,,,,,,,38e55485-caa7-80a7-adee-c857386c6e5c,,,,,,83.15,12.6,,,,,,,,,,,,,,,,,,,,,,,
6/27/2021,2021-06-27,Sunday,2021-W27,Wettkampf,,0,Koblenz,,,FALSE,Weit: 7.58m +0.7m/s,,,,,,,,,,,,,,,7.58,,,,,,38c55485-caa7-805f-98c6-fe285c9f99d4,,,,"Freunde, Reisestress",,,,,,,,,,,,,,,,,,,,,,,,,,
6/26/2021,2021-06-26,Saturday,2021-W26,Wettkampf,,0,Koblenz,,,FALSE,"100m VL: 10.56s +0.7m/s
100m EL: 10.56s -1.3m/s",,,,,,,,,,,,,,,,,,,,10.56,2ca55485-caa7-8030-b255-e1fa8aafeb98,,,,"Freunde, Reisestress",,,,,,,,,,,,,,,,,,,,,,,,,,
6/25/2021,2021-06-25,Friday,2021-W26,Auftakt,,0,,,,FALSE,,,,,,,,,,,,,,,,,,,,,,38a55485-caa7-807d-86d8-c97c231ed352,,,,,,,,,,,,,,,,,,,,,,,,,,,,,,
6/24/2021,2021-06-24,Thursday,2021-W26,Frei,,0,,,,FALSE,,,,,,,,,,,,,,,,,,,,,,38955485-caa7-80e4-af10-eeee0281af85,,,,,,82.65,12.5,,,,,,,,,,,,,,,,,,,,,,,
6/23/2021,2021-06-23,Wednesday,2021-W26,Sprung,,0,MS Halle,,,FALSE,"einbein Hürdensprünge
4x1x3 each
2x anlauf",,,,3 - Konzentriert,3 - Gut,3 - Normal,2 - Wenig,,,,,,,,,,,,,,38855485-caa7-8053-a843-cb61dcc6d3ed,Dehnen,,,,,83.15,12.5,,,,,,,,,,,,,,,,,,,,,,,
6/22/2021,2021-06-22,Tuesday,2021-W26,Kraft,,0,MS Halle,Halle,,FALSE,"kick squat 3/2/2 270
umsetzen einb 2x2 95
4x2 dropjump Hürde
fgs around the world
2x2 beuger exz.
2x2 rasendiagonalen",,,,3 - Konzentriert,4 - Super,4 - Regenerativ,1 - Keine,,,,,,,,,,,,,,38755485-caa7-80b3-93c5-c6036995402a,Dehnen,,,,,83.15,12.4,,,,,,,,,,,,,,,,,,,,,,,
6/21/2021,2021-06-21,Monday,2021-W26,Sprung,,0,MS Halle,,,FALSE,"warm-up
9er/11er zul grube",,,,3 - Konzentriert,3 - Gut,3 - Normal,2 - Wenig,,,,,,,,,,,,,,38655485-caa7-80a4-bf37-d3aabdc8fe41,Dehnen,,,,,,,,,,,,,,,,,,,,,,,,,,,,,
6/20/2021,2021-06-20,Sunday,2021-W26,Wettkampf,,0,Göttingen,,,FALSE,Weit: 7.32m -0.1m/s,,,,,,,,,,,,,,,7.32,,,,,,2ca55485-caa7-80a5-a365-cea3c2ad4e2e,,,,"Freunde, Reisestress",,,,,,,,,,,,,,,,,,,,,,,,,,
6/19/2021,2021-06-19,Saturday,2021-W25,Auftakt,,0,Münster,,,FALSE,,,,,,,,,,,,,,,,,,,,,,38455485-caa7-8096-be7c-cb18fd1b45ac,,,,,,,,,,,,,,,,,,,,,,,,,,,,,,
6/18/2021,2021-06-18,Friday,2021-W25,Frei,,0,,,,FALSE,,,,,,,,,,,,,,,,,,,,,,38355485-caa7-80cd-9c88-e0160084c652,,,,,,,,,,,,,,,,,,,,,,,,,,,,,,
6/17/2021,2021-06-17,Thursday,2021-W25,Sprung,Anlauf,0,Münster,,,FALSE,"warm-up
4 anläufe
37.40m",,,,3 - Konzentriert,3 - Gut,3 - Normal,2 - Wenig,,,,,,,,,,,,,,38255485-caa7-800e-ad84-cdb093f5005f,"Dehnen, Outdoor-Time",,,,,,,,,,,,,,,,,,,,,,,,,,,,,
6/16/2021,2021-06-16,Wednesday,2021-W25,Sprung,,0,MS Halle,,,FALSE,"warm-up
sprunglauf in grube
take-offs
7er/3er über hürde",,,,,,,,,,,,,,,,,,,,,38155485-caa7-8062-b1da-ca6f7a80f611,Dehnen,,,,,,,,,,,,,,,,,,,,,,,,,,,,,
6/15/2021,2021-06-15,Tuesday,2021-W25,Frei,,0,,,,FALSE,Covid-19 Impfung,,,,,,,,,,,,,,,,,,,,,38055485-caa7-8015-b391-d01f144bccdb,Dehnen,,,,,,,,,,,,,,,,,,,,,,,,,,,,,
6/14/2021,2021-06-14,Monday,2021-W25,Regeneration,,0,Münster,,,FALSE,"8x Rasengerade
8x2 Aufsteiger neg. 50kg",,,,,,,,,,,53.3,,,,,,,,,,37f55485-caa7-804b-a897-db6c494fd448,,,,,,,,,,,,,,,,,,,,,,,,,,,,,,
6/13/2021,2021-06-13,Sunday,2021-W25,Wettkampf,,0,Essen,,,FALSE,Weit: 7.40m +1.2m/s,,,,,,,,,,,,,,,7.40,,,,,,2ca55485-caa7-801e-92c1-cb485c214411,,,,"Reisestress, Freunde",,,,,,,,,,,,,,,,,,,,,,,,,,
6/12/2021,2021-06-12,Saturday,2021-W24,Auftakt,,0,Münster,,,FALSE,"klassisch
2 ""anläufe""",,,,,,,,,,,,,,,,,,,,,37d55485-caa7-808b-826f-d90895747180,,,,,,,,,,,,,,,,,,,,,,,,,,,,,,
6/11/2021,2021-06-11,Friday,2021-W24,Frei,,0,,,,FALSE,,,,,,,,,,,,,,,,,,,,,,37c55485-caa7-8019-af9f-f7f885e9fd2e,,,,,,83.8,12.7,,,,,,,,,,,,,,,,,,,,,,,
6/10/2021,2021-06-10,Thursday,2021-W24,Sprung,,0,MS Halle,,,FALSE,"warm-up
7er takeoff
7er landung
9er landung
1x 11er",,,,3 - Konzentriert,3 - Gut,2 - Anstrengend,2 - Wenig,,,,,,,,,,,,,,37b55485-caa7-803f-ac1f-fdfba1ab683d,"Dehnen, Physio",,,,,83.55,12.7,,,,,,,,,,,,,,,,,,,,,,,
6/9/2021,2021-06-09,Wednesday,2021-W24,Sprint,,0,MS Halle,,,FALSE,"warm-up
3x80 in n Outs aus block
1x80m frei",,,,2 - Normal,2 - Okay,2 - Anstrengend,2 - Wenig,,,,,,,,,,,,,,37a55485-caa7-805d-94f0-df1c22f3dc0d,Dehnen,,,,,83.8,12.7,,,,,,,,,,,,,,,,,,,,,,,
6/8/2021,2021-06-08,Tuesday,2021-W24,Kraft,,0,MS Halle,Halle,,FALSE,"3x3
umsetzen einb. 90kg
dropjumps
Aufsteiger 100kg schnell
kreuzheben einb 80kg
3x2x2 hürdensprünge",,,,,,,,,,,110,,,,,,,,,,37955485-caa7-809c-8212-d57120e776d7,,,,,,84.2,12.9,,,,,,,,,,,,,,,,,,,,,,,
6/7/2021,2021-06-07,Monday,2021-W24,Sprung,,0,MS Halle,,,FALSE,"warm-up
3x zul grube
Abbruch schmerzen",,,,,,,4 - Stark,,,,,,,,,,,,,,37855485-caa7-80d9-829f-dbebe5d26cf7,,,,,,,,,,,,,,,,,,,,,,,,,,,,,,
6/6/2021,2021-06-06,Sunday,2021-W24,Frei,,0,,,,FALSE,,,,,,,,,,,,,,,,,,,,,,37755485-caa7-80ee-ba92-f61b536f055b,,,,,,,,,,,,,,,,,,,,,,,,,,,,,,
6/5/2021,2021-06-05,Saturday,2021-W23,Wettkampf,,0,Bochum,,,FALSE,Weit: 7.22 +0.4m/s,,,,,,,,,,,,,,,7.22,,,,,,2ca55485-caa7-80c3-8171-d0d5b7d8998b,,,,"Freunde, Reisestress",,,,,,,,,,,,,,,,,,,,,,,,,,
6/4/2021,2021-06-04,Friday,2021-W23,Auftakt,,0,MS Halle,,,FALSE,,,,,,,,,,,,,,,,,,,,,,37555485-caa7-8092-be50-c683b9f63b19,,,,,,,,,,,,,,,,,,,,,,,,,,,,,,
6/3/2021,2021-06-03,Thursday,2021-W23,Frei,,0,,,,FALSE,,,,,,,,,,,,,,,,,,,,,,37455485-caa7-8054-9cdc-f78b21b580bb,,,,,,82.8,12.7,,,,,,,,,,,,,,,,,,,,,,,
6/2/2021,2021-06-02,Wednesday,2021-W23,Sprung,,0,MS Halle,,,FALSE,"warm-up jump
8x11er",,,,,,,,,,,,,,,,,,,,,37355485-caa7-80a5-8524-ff7034bce813,,,,,,83.2,12.7,,,,,,,,,,,,,,,,,,,,,,,
6/1/2021,2021-06-01,Tuesday,2021-W23,Regeneration,,0,MS Halle,,,FALSE,"3x4 rasendiagonalen
20min athletik
3x3 beuger exz",,,,,,,,,,,,,,,,,,,,,37255485-caa7-804f-a3ac-dc09e53fee29,,,,,,83.95,12.9,,,,,,,,,,,,,,,,,,,,,,,
5/31/2021,2021-05-31,Monday,2021-W23,"Sprint, Kraft",ZWL,0,MS Halle,Halle,,FALSE,"warm-up
2x20m zwl
2x40m zul
3x3 tscherbakis mit weste
3x6 fgs mit weste
3x5 hipthrust schnell 140kg
4x2 Aufsteiger 200kg",,,,,,,,,,,213.3,163.3,,,,,,,,,37155485-caa7-80aa-98b3-d8d6f399bacb,,,,,,,,,,,,,,,,,,,,,,,,,,,,,,
5/30/2021,2021-05-30,Sunday,2021-W23,Frei,,0,,,,FALSE,,,,,,,,,,,,,,,,,,,,,,37055485-caa7-8074-a781-d4ef1f182dc1,,,,,,,,,,,,,,,,,,,,,,,,,,,,,,
5/29/2021,2021-05-29,Saturday,2021-W22,,,0,MS Halle,,,FALSE,,,,,,,,,,,,,,,,,,,,,,36f55485-caa7-800a-bba7-e31d372b8923,,,,,,,,,,,,,,,,,,,,,,,,,,,,,,
5/28/2021,2021-05-28,Friday,2021-W22,,,0,,,,FALSE,,,,,,,,,,,,,,,,,,,,,,36e55485-caa7-8050-8197-e696ad8247b7,,,,,,,,,,,,,,,,,,,,,,,,,,,,,,
5/27/2021,2021-05-27,Thursday,2021-W22,,,0,,,,FALSE,,,,,,,,,,,,,,,,,,,,,,36d55485-caa7-8027-8a0c-d1fd97f83438,,,,,,,,,,,,,,,,,,,,,,,,,,,,,,
5/26/2021,2021-05-26,Wednesday,2021-W22,Sprung,,0,MS Halle,,,FALSE,"warm-up
anlauf über hütchen 17/19
11er",,,,2 - Normal,2 - Okay,3 - Normal,2 - Wenig,,Fuß,,,,,,,,,,,,36c55485-caa7-8090-8c3c-d9dafab1dc7d,Dehnen,,,,,,,,,,,,,,,,,,,,,,,,,,,,,
5/25/2021,2021-05-25,Tuesday,2021-W22,"Sprung, Kraft",,0,MS Halle,,,FALSE,"Takeoffs
3/3/2/2
umsetzen einb 80kg
Aufsteiger 200kg",,,,,,,,,,,213.3,,,,,,,,,,36b55485-caa7-804a-8ff1-e316a1a29470,,,,,,,,,,,,,,,,,,,,,,,,,,,,,,
5/24/2021,2021-05-24,Monday,2021-W22,Frei,,0,,,,FALSE,,,,,,,,,,,,,,,,,,,,,,36a55485-caa7-8069-9988-d3b16e9885dc,,,,"Freunde, Reisestress",,,,,,,,,,,,,,,,,,,,,,,,,,
5/23/2021,2021-05-23,Sunday,2021-W22,Frei,,0,,,,FALSE,,,,,,,,,,,,,,,,,,,,,,36955485-caa7-80f0-a582-f919f35ee2c9,,,,,,,,,,,,,,,,,,,,,,,,,,,,,,
5/22/2021,2021-05-22,Saturday,2021-W21,Wettkampf,,0,Weinheim,,,FALSE,"100m: 10.62s +1.7m/s
Weit: 7.11m +0.0m/s",,,,,,,,,,,,,,,7.11,,,,,10.62,2ca55485-caa7-80d0-9dd8-ce9998e7b5e7,,,,"Reisestress, Freunde",,,,,,,,,,,,,,,,,,,,,,,,,,
5/21/2021,2021-05-21,Friday,2021-W21,Auftakt,,0,MS Halle,,,FALSE,,,,,,,,,,,,,,,,,,,,,,36755485-caa7-806b-a7ea-d1f2a3643394,,,,Reisestress,,,,,,,,,,,,,,,,,,,,,,,,,,
5/20/2021,2021-05-20,Thursday,2021-W21,Frei,,0,,,,FALSE,,,,,,,,,,,,,,,,,,,,,,36655485-caa7-8039-932c-c1f2241772a5,,,,,,83.65,12.7,,,,,,,,,,,,,,,,,,,,,,,
5/19/2021,2021-05-19,Wednesday,2021-W21,Sprung,,0,MS Halle,,,FALSE,"warm up
2x7er takeoff
hütchenkordi
5x3 Hürdensprünge",,,,,,,,,,,,,,,,,,,,,36555485-caa7-8032-b5c0-c457b23365bf,,,,,,83.3,12.7,,,,,,,,,,,,,,,,,,,,,,,
5/18/2021,2021-05-18,Tuesday,2021-W21,"Sprint, Sprung, Kraft","Absprung, Start",0,MS Halle,,,FALSE,"5er takeoff
7er takeoff
2x starts
2x5 umsetzen einb schnell 70kg
3x2 Aufsteiger langsam 210kg",,,,3 - Konzentriert,3 - Gut,3 - Normal,3 - Mittel,,"Sprungelenk L, Unterer Rücken",,224,,,,,,,,,,36455485-caa7-80e5-8200-eda19448f7e9,Dehnen,,,,,84.15,12.9,,,,,,,,,,,,,,,,,,,,,,,
5/17/2021,2021-05-17,Monday,2021-W21,Regeneration,,0,,,,FALSE,"30min Yoga
Fußstabi",,,,,,,,,,,,,,,,,,,,,36455485-caa7-8040-a8b4-f596d4319f04,,,,,,,,,,,,,,,,,,,,,,,,,,,,,,
5/16/2021,2021-05-16,Sunday,2021-W21,Wettkampf,,0,Münster,,,FALSE,Weit: 7.47m +1.4m/s,,,,,,,,,,,,,,,7.47,,,,,,2ca55485-caa7-80e7-82ac-f0f871264560,,,,,,,,,,,,,,,,,,,,,,,,,,,,,,
5/15/2021,2021-05-15,Saturday,2021-W20,Auftakt,,0,MS Halle,,,FALSE,"5er takeoff in grube
einb aufsteiger
200kg",,,,,,,,,,,200,,,,,,,,,,36155485-caa7-805d-a8cc-dca42b525c88,,,,,,,,,,,,,,,,,,,,,,,,,,,,,,
5/14/2021,2021-05-14,Friday,2021-W20,Frei,,0,,,,FALSE,,,,,,,,,,,,,,,,,,,,,,36055485-caa7-80eb-a1eb-e0addef59c0b,,,,,,,,,,,,,,,,,,,,,,,,,,,,,,
5/13/2021,2021-05-13,Thursday,2021-W20,Wettkampf,,0,Bremen,,,FALSE,Weit: 7.22m +1.4m/s,,,,,,,,,,,,,,,7.22,,,,,,2ca55485-caa7-8095-8d01-fa5e75fde143,,,,,,,,,,,,,,,,,,,,,,,,,,,,,,
5/12/2021,2021-05-12,Wednesday,2021-W20,Frei,,0,,,,FALSE,,,,,,,,,,,,,,,,,,,,,,35e55485-caa7-8061-a421-ff51522b534b,,,,,,,,,,,,,,,,,,,,,,,,,,,,,,
5/11/2021,2021-05-11,Tuesday,2021-W20,Sprung,,0,MS Halle,,,FALSE,"warm-up
7er takeoff
9er landung
11er landung
2x anlauf
1x voll",,,,4 - Flow,3 - Gut,3 - Normal,2 - Wenig,,,,,,,,,,,,,,35d55485-caa7-80c9-9faf-c5787ddce784,Dehnen,,,,,,,,,,,,,,,,,,,,,,,,,,,,,
5/10/2021,2021-05-10,Monday,2021-W20,"Kraft, Sprung",,0,MS Halle,Halle,,FALSE,"5x2 takeoff 5er

3x3
Aufsteiger 140kg
3x50cm dropjump

umsetzen einb. 80kg
3x2x3 hürdensprúnge

kreuzheben einb. 80kg
20m sprunglauf",,,,3 - Konzentriert,3 - Gut,3 - Normal,1 - Keine,,,,154,,,,,,,,,,35c55485-caa7-805f-8d34-faa5a3390bd8,Dehnen,,,,,,,,,,,,,,,,,,,,,,,,,,,,,
5/9/2021,2021-05-09,Sunday,2021-W20,Frei,,0,,,,FALSE,,,,,,,,,,,,,,,,,,,,,,35b55485-caa7-8091-8be8-d080a0799dc5,,,,,,,,,,,,,,,,,,,,,,,,,,,,,,
5/8/2021,2021-05-08,Saturday,2021-W19,Wettkampf,,0,Wetzlar,,,FALSE,"100m VL: 10.88s +1.4m/s
100m EL: 10.70s +1.1m/s
200m: 21.92s +0.2m/s",,,,,,,,,,,,,,,,,,,,10.7,2ca55485-caa7-8079-b6ca-d69c72e9089e,,,,,,,,,,,,,,,,,,,,,,,,,,,,,,
5/7/2021,2021-05-07,Friday,2021-W19,Auftakt,,0,MS Halle,,,FALSE,"2x3 startaufsteiger
restlicher Auftakt",,,,,,,,,,,,,,,,,,,,,35a55485-caa7-80be-90dc-e82da9939b68,,,,,,83.75,12.8,,,,,,,,,,,,,,,,,,,,,,,
5/6/2021,2021-05-06,Thursday,2021-W19,Frei,,0,,,,FALSE,,,,,,,,,,,,,,,,,,,,,,35855485-caa7-80c7-b00c-cbdf5b55980d,,,,,,84.15,12.7,,,,,,,,,,,,,,,,,,,,,,,
5/5/2021,2021-05-05,Wednesday,2021-W19,Regeneration,,0,MS Halle,,,FALSE,"3x3x”120""
2x5min rudern",,,,2 - Normal,2 - Okay,2 - Anstrengend,2 - Wenig,,"Muskelkater, Erschöpft",,,,,,,,,,,,35755485-caa7-803a-a4e0-d775b5295744,Dehnen,,,,,83.2,12.7,,,,,,,,,,,,,,,,,,,,,,,
5/4/2021,2021-05-04,Tuesday,2021-W19,"Tempos, Kraft",,0,MS Halle,,,FALSE,"120/80/60/40
lp 10/8/8
Aufsteiger 135kg 3/2/2",,,,3 - Konzentriert,3 - Gut,2 - Anstrengend,2 - Wenig,,,,144,,,,,,,,,,35655485-caa7-8069-a029-cc829fc37e41,Dehnen,,,,,83.2,12.8,,,,,,,,,,,,,,,,,,,,,,,
5/3/2021,2021-05-03,Monday,2021-W19,"Sprint, Kraft",,0,Münster,,,FALSE,"Hürdenkordi
warm-up
3x20m start
1x30
1x50
3x15m 40kg

4/3/3/2
squat einb. 95kg
hipthrust 205kg
4x2x3 hürdensprünge",,,,2 - Normal,3 - Gut,3 - Normal,2 - Wenig,,,,,218.7,,,,,,,,,35555485-caa7-804d-b715-c49fd30a9fcb,,,,,,,,,,,,,,,,,,,,,,,,,,,,,,
5/2/2021,2021-05-02,Sunday,2021-W19,Frei,,0,,,,FALSE,,,,,,,,,,,,,,,,,,,,,,35455485-caa7-8049-88de-d2ca55fbe3a5,,,,,,,,,,,,,,,,,,,,,,,,,,,,,,
5/1/2021,2021-05-01,Saturday,2021-W18,"Sprint, Sprung","Anlauf, Tempos",0,MS Halle,,,FALSE,"warm-up
5 anlaufkontrollen
180/80/40
lp: 8/4",,,,2 - Normal,2 - Okay,2 - Anstrengend,,,,,,,,,,,,,,,35355485-caa7-802a-9784-d5018eb634c4,,,,,,,,,,,,,,,,,,,,,,,,,,,,,,
4/30/2021,2021-04-30,Friday,2021-W18,,,0,MS Halle,,,FALSE,,,,,,,,,,,,,,,,,,,,,,35255485-caa7-80f2-8049-c5d9b431f19c,,,,,,83,12.6,,,,,,,,,,,,,,,,,,,,,,,
4/29/2021,2021-04-29,Thursday,2021-W18,,,0,,,,FALSE,,,,,,,,,,,,,,,,,,,,,,35155485-caa7-8002-b8ed-cececeff131f,,,,,,82.7,12.5,,,,,,,,,,,,,,,,,,,,,,,
4/28/2021,2021-04-28,Wednesday,2021-W18,"Sprung, Kraft",,0,MS Halle,,,FALSE,"warm-up
11er zul
1x11er frei
4x3
Kniebeuge einb. 90kg
kreuzheben einb. 75kg
4x4 hürdensprünge",,,,2 - Normal,3 - Gut,2 - Anstrengend,2 - Wenig,,Fuß,,,,,,,,,,,,35055485-caa7-80ca-9d6d-e846f3e0d810,Dehnen,,,,,83,12.5,,,,,,,,,,,,,,,,,,,,,,,
4/27/2021,2021-04-27,Tuesday,2021-W18,Sprint,ZWL,0,,,,FALSE,"warm-up
5x35m 12,5kg + kleiner
3x50 7,5kg + kleiner
3x40m aus kurve
4x3 hipthrust einb. 70kg",,,,2 - Normal,3 - Gut,3 - Normal,1 - Keine,,,,,154,,,,,,,,,34f55485-caa7-80f2-bc6f-ed7741a2656f,"Dehnen, Outdoor-Time",,,,,83.5,12.7,,,,,,,,,,,,,,,,,,,,,,,
4/26/2021,2021-04-26,Monday,2021-W18,Sprung,,0,MS Halle,,,FALSE,"warm-up
7er 2x
9er 4x
11er 2x
3x80m
lp 4min
4x3 Aufsteiger 140kg",,,,2 - Normal,3 - Gut,3 - Normal,2 - Wenig,,"Knie, Fuß",,154,,,,,,,,,,34e55485-caa7-80f3-9e26-d4561ec7e7c3,Dehnen,,,,,,,,,,,,,,,,,,,,,,,,,,,,,
4/25/2021,2021-04-25,Sunday,2021-W18,Frei,,0,,,,FALSE,,,,,,,,,,,,,,,,,,,,,,34d55485-caa7-8032-9601-e036cc0b2ed4,,,,,,,,,,,,,,,,,,,,,,,,,,,,,,
4/24/2021,2021-04-24,Saturday,2021-W17,,,0,MS Halle,,,FALSE,,,,,,,,,,,,,,,,,,,,,,34c55485-caa7-8022-87b9-c4cc6b82dddd,,,,,,,,,,,,,,,,,,,,,,,,,,,,,,
4/23/2021,2021-04-23,Friday,2021-W17,Frei,,0,,,,FALSE,,,,,,,,,,,,,,,,,,,,,,34b55485-caa7-803b-9deb-f11c5cb977cc,,,,,,83.75,12.6,,,,,,,,,,,,,,,,,,,,,,,
4/22/2021,2021-04-22,Thursday,2021-W17,Regeneration,,0,,,,FALSE,45min Yoga,,,,,,,,,,,,,,,,,,,,,34a55485-caa7-80f6-b401-d0161fd12832,Dehnen,,,,,83.2,12.6,,,,,,,,,,,,,,,,,,,,,,,
4/21/2021,2021-04-21,Wednesday,2021-W17,"Sprint, Kraft",Tempos,0,MS Halle,,,FALSE,"3x4x60m
lp 20sek
sp 4min
5x3
umsetzen 105kg
Aufsteiger 115kg
5x5 hürdensprünge
umsprünge Presse 61kg
5x5 medballschocken",,,,3 - Konzentriert,3 - Gut,3 - Normal,1 - Keine,,,,126.5,,,115.5,,,,,,,34955485-caa7-8076-a033-d26345944155,Dehnen,,,,,82.5,12.9,,,,,,,,,,,,,,,,,,,,,,,
4/20/2021,2021-04-20,Tuesday,2021-W17,Sprint,,0,MS Halle,,,FALSE,"warm-up
2x20m start
8x 10hütchen
15m reinlaufen
2m abstand",,,,3 - Konzentriert,3 - Gut,2 - Anstrengend,2 - Wenig,,Psoas R,,,,,,,,,,,,34855485-caa7-8021-a9ef-f1cbec88178a,Dehnen,,,,,83.25,12.8,,,,,,,,,,,,,,,,,,,,,,,
4/19/2021,2021-04-19,Monday,2021-W17,Sprung,,0,MS Halle,,,FALSE,"warm-up
9er zul 10.3 m/s
11er frei",,,,3 - Konzentriert,4 - Super,3 - Normal,1 - Keine,,,,,,,,,,,,,,34755485-caa7-80a9-9eba-ecc183a7f9f2,Dehnen,,,,,,,,,,,,,,,,,,,,,,,,,,,,,
4/18/2021,2021-04-18,Sunday,2021-W17,Regeneration,,0,,,,FALSE,"20min Hatha
7min Core
Fußstabi + pp",,,,,,,,,,,,,,,,,,,,,34755485-caa7-801b-a396-f9af4ab8e6f5,Dehnen,,,,,,,,,,,,,,,,,,,,,,,,,,,,,
4/17/2021,2021-04-17,Saturday,2021-W16,Sprung,"Anlauf, Absprung",0,MS Halle,Halle,,FALSE,"warm-up
6 anlauf
4x 13er landung",,,,2 - Normal,2 - Okay,3 - Normal,2 - Wenig,,Psoas R,,,,,,,,,,,,34555485-caa7-80b6-a5f2-c551f628e6d4,Dehnen,,,,,,,,,,,,,,,,,,,,,,,,,,,,,
4/16/2021,2021-04-16,Friday,2021-W16,Frei,,0,,,,FALSE,,,,,,,,,,,,,,,,,,,,,,34455485-caa7-80ca-ad37-c405ee9e19a3,Dehnen,,,,,82.95,12.6,,,,,,,,,,,,,,,,,,,,,,,
4/15/2021,2021-04-15,Thursday,2021-W16,"Sprung, Kraft",,0,MS Halle,,,FALSE,"hürdenkordi regenerativ
6x2x4 hürdentakeoffs
4/3/2
kreuzheben einb Wand 75
hip thrust 160
3x3 Hantelsprünge 50kg",,,,,,,,,,,,170.7,,,,,,,,,34355485-caa7-80a9-97f7-ddbfbeb25c6f,,,,,,82.35,12.5,,,,,,,,,,,,,,,,,,,,,,,
4/14/2021,2021-04-14,Wednesday,2021-W16,Sprint,ZWL,0,MS Halle,,,FALSE,"seilchen
3x15m 50kg
6x40m zwl pickup
3x kurve frei
4x10 hürdensprünge",,,,3 - Konzentriert,3 - Gut,3 - Normal,2 - Wenig,,Psoas R,,,,,,,,,,,,34255485-caa7-80f9-9eba-c56da67f1506,Dehnen,,,,,83.05,12.6,,,,,,,,,,,,,,,,,,,,,,,
4/13/2021,2021-04-13,Tuesday,2021-W16,"Sprung, Kraft",Absprung,0,MS Halle,,,FALSE,"warm-up
2 speedkontrollen
zul in grube
aus 9er
4/3/3 umsetzen 100kg
2x5x3 Hürden + kastendurchsprung",,,,,,,,,,,,,,110,,,,,,,34155485-caa7-8011-a794-db7268621c1e,,,,,,84.35,12.8,,,,,,,,,,,,,,,,,,,,,,,
4/12/2021,2021-04-12,Monday,2021-W16,Frei,,0,,,,FALSE,,,,,,,,,,,,,,,,,,,,,,34055485-caa7-8081-bdbd-dc9b8d311760,,,,,,,,,,,,,,,,,,,,,,,,,,,,,,
4/11/2021,2021-04-11,Sunday,2021-W16,Frei,,0,,,,FALSE,,,,,,,,,,,,,,,,,,,,,,33e55485-caa7-80df-8c48-f526c76a88d8,,,,,,,,,,,,,,,,,,,,,,,,,,,,,,
4/10/2021,2021-04-10,Saturday,2021-W15,,,0,MS Halle,,,FALSE,,,,,,,,,,,,,,,,,,,,,,33e55485-caa7-806e-96f3-fc9f0a76d966,,,,,,82.8,12.4,,,,,,,,,,,,,,,,,,,,,,,
4/9/2021,2021-04-09,Friday,2021-W15,"Sprung, Kraft",,0,MS Halle,,,FALSE,"1. Einheit
warm-up
5er mit feder
sprunglauf über kästen

2. Einheit
6x3
umsetzen einb. 70kg
valeri +10kg
einbeinkastensprünge aus drop
koljakov 70
4er sprunglauf in grube
kreuzheben einb Wand 60
drop/Hürde/Kasten/niedersprung",,,,2 - Normal,2 - Okay,3 - Normal,2 - Wenig,,,,,,,,,,,,,,33d55485-caa7-80f5-9c19-f946ca684182,,,,,,83.45,12.6,,,,,,,,,,,,,,,,,,,,,,,
4/8/2021,2021-04-08,Thursday,2021-W15,"Kraft, Sprung",Anlauf,0,MS Halle,,,FALSE,"warm-up
6x anlauf
4x4
Aufsteiger 90kg
hip thrust 140kg
sumo 140kg",,,,2 - Normal,2 - Okay,2 - Anstrengend,2 - Wenig,,,,102,158.7,,,,,,,,,33c55485-caa7-8087-9289-d92eee8daf0f,,,,,,82.55,12.4,,,,,,,,,,,,,,,,,,,,,,,
4/7/2021,2021-04-07,Wednesday,2021-W15,"Zirkel, Sprint",ZWL,0,MS Halle,,,FALSE,"1. Einheit: 
4x3x4 startschritte 20kg
4x1080 4/9kg 6.8
4x 2/7kg 7.2
2x40m frei
4x6 core am kasten
seitlich
bauch
rücken
rotatoren

2. Einheit: 
4x6 zirkel
ciabakis
40m sprunglauf
medballschocken
kastendurchsprünge
Liegestütz 15
elefantengehen
hürdensprünge 2x8
aufsteiger
seitl situps
Hacke zieht
seitl squatjumps
40m skippings
8min pause",,,,,,,,,,,,,,,,,,,,,33b55485-caa7-80cf-bb11-fb0dfbf37b63,,,,,,83.05,12.5,,,,,,,,,,,,,,,,,,,,,,,
4/6/2021,2021-04-06,Tuesday,2021-W15,"Sprint, Sprung","Start, Absprung",0,Münster,,,FALSE,"Einheit 1: Warm-Up
4x20m
2x40m
1x60m
Aufsteiger 4x4 95kg
SL RDL Wand 4x4 60kg
Medballschocken 3x5

Einheit 2: Hürdenkordi
Warm-Up
7er Takeoff + Landung
9er Takeoff + Landung
5er mit Feder
Einbeinsprünge mit Hantel",,,,3 - Konzentriert,3 - Gut,3 - Normal,3 - Mittel,,,,107.7,,,,,,,,,,33a55485-caa7-80b8-811f-c868bccf35d8,,,,,,,,,,,,,,,,,,,,,,,,,,,,,,
4/5/2021,2021-04-05,Monday,2021-W15,Regeneration,,0,,,,FALSE,"2x10min hit
5min core
Fußstabi",,,,,,,,,,,,,,,,,,,,,33955485-caa7-8049-914a-e7943bff3d4f,,,,,,,,,,,,,,,,,,,,,,,,,,,,,,
10/11/2020,2020-10-11,Sunday,2020-W42,,,0,,,,FALSE,Core Workout 20min,,,,,,,,,,,,,,,,,,,,,3be55485-caa7-80f5-8001-f9cb02ccf934,Dehnen,,,,,,,,,,,,,,,,,,,,,,,,,,,,,
10/10/2020,2020-10-10,Saturday,2020-W41,Tempos,Tempos,0,,,,FALSE,"1 runde warm-up
200 In/out (50/30/50/30/40)
120
120
80
Lp: 2
Sp: 8

Core-Workout",,,,3 - Konzentriert,1 - Schlecht,,2 - Wenig,,"Erschöpft, Muskelkater",hart und schwieirg durchzuziehen,,,,,,,,,,,3be55485-caa7-800b-ba31-ddfd1c731eab,Dehnen,,,,,,,,,,,,,,,,,,,,,,,,,,,,,
10/9/2020,2020-10-09,Friday,2020-W41,Zirkel,,0,,,,FALSE,"50min circuit
Core Workout",,,,4 - Flow,2 - Okay,,3 - Mittel,,Knie,"gut, aber härter als gedacht",,,,,,,,,,,3be55485-caa7-80e8-b994-d82632633747,Dehnen,,,,,,,,,,,,,,,,,,,,,,,,,,,,,
10/8/2020,2020-10-08,Thursday,2020-W41,Regeneration,Stabi,0,,,,FALSE,30min Core + Legs Yoga,,,,4 - Flow,2 - Okay,,2 - Wenig,,Muskelkater,Leistung nicht wie erwartet,,,,,,,,,,,3be55485-caa7-8061-8f8d-d0380b65b935,Dehnen,,,,,,,,,,,,,,,,,,,,,,,,,,,,,
10/7/2020,2020-10-07T16:00:00.000+02:00,Wednesday,2020-W41,Sprint,Koordination,129,MS Halle,,☀️ Nachmittag,FALSE,"Warm Up
ohne Kordi, Bewegung über Hütchen
nur einzelne schritte
Einbeinläufe
Hütchenläufe mit Medball 3kg
4x2 runden Hürdenübersteiger 
Seilchen",,,,4 - Flow,3 - Gut,,1 - Keine,,,"gut beweglich, keine Probleme",,,,,,,,,,,3be55485-caa7-800d-8a07-e7cdcdc74ab7,Dehnen,,,,,,,,,,,,,,,,,,,,,,,,,,,,,
10/6/2020,2020-10-06,Tuesday,2020-W41,Frei,,0,,,,FALSE,,,,,,,,,,,,,,,,,,,,,,3f155485-caa7-80ee-921d-f78467019992,"Spaziergang, Outdoor-Time, Urlaub",,,"Freunde, Reisestress",Anderes Bett,,,,,,,,,,,,,,,,,,,,,,,,,
10/5/2020,2020-10-05,Monday,2020-W41,Frei,,0,,,,FALSE,,,,,,,,,,,,,,,,,,,,,,3f055485-caa7-80cc-890e-fdf22107f748,"Outdoor-Time, Spaziergang, Urlaub",,,Freunde,Anderes Bett,,,,,,,,,,,,,,,,,,,,,,,,,
10/4/2020,2020-10-04,Sunday,2020-W41,Frei,,0,,,,FALSE,,,,,,,,,,,,,,,,,,,,,,3ef55485-caa7-80aa-9e88-dbb66d37bbbe,"Spaziergang, Outdoor-Time, Urlaub",,,Freunde,Anderes Bett,,,,,,,,,,,,,,,,,,,,,,,,,
10/3/2020,2020-10-03,Saturday,2020-W40,Frei,,0,,,,FALSE,,,,,,,,,,,,,,,,,,,,,,3ee55485-caa7-8000-9cd6-df41272ede23,"Spaziergang, Outdoor-Time, Urlaub",,,Freunde,Anderes Bett,,,,,,,,,,,,,,,,,,,,,,,,,
10/2/2020,2020-10-02,Friday,2020-W40,Frei,,0,,,,FALSE,,,,,,,,,,,,,,,,,,,,,,3ed55485-caa7-80dc-a1a1-e157b0a2d7a0,"Spaziergang, Outdoor-Time, Urlaub",,,Freunde,Anderes Bett,,,,,,,,,,,,,,,,,,,,,,,,,
10/1/2020,2020-10-01,Thursday,2020-W40,Frei,,0,,,,FALSE,,,,,,,,,,,,,,,,,,,,,,3ec55485-caa7-80d7-976a-cac6c9f3fedc,"Spaziergang, Outdoor-Time, Urlaub",,,Freunde,Anderes Bett,,,,,,,,,,,,,,,,,,,,,,,,,
9/30/2020,2020-09-30,Wednesday,2020-W40,Frei,,0,,,,FALSE,,,,,,,,,,,,,,,,,,,,,,3eb55485-caa7-8047-9f54-cdf7b2eb259d,"Spaziergang, Outdoor-Time, Urlaub",,,Freunde,Anderes Bett,,,,,,,,,,,,,,,,,,,,,,,,,
9/29/2020,2020-09-29,Tuesday,2020-W40,Frei,,0,,,,FALSE,,,,,,,,,,,,,,,,,,,,,,3ea55485-caa7-80ee-9d8a-ef684d94d51b,"Spaziergang, Outdoor-Time, Urlaub",,,Freunde,Anderes Bett,,,,,,,,,,,,,,,,,,,,,,,,,
9/28/2020,2020-09-28,Monday,2020-W40,Frei,,0,,,,FALSE,,,,,,,,,,,,,,,,,,,,,,3e955485-caa7-807f-94a8-efcc06abc95a,"Spaziergang, Outdoor-Time, Urlaub",,,Freunde,Anderes Bett,,,,,,,,,,,,,,,,,,,,,,,,,
9/27/2020,2020-09-27,Sunday,2020-W40,Frei,,0,,,,FALSE,,,,,,,,,,,,,,,,,,,,,,3e855485-caa7-8012-b522-edeaae765b61,"Spaziergang, Outdoor-Time, Urlaub",,,Freunde,Anderes Bett,,,,,,,,,,,,,,,,,,,,,,,,,
9/26/2020,2020-09-26,Saturday,2020-W39,Frei,,0,,,,FALSE,,,,,,,,,,,,,,,,,,,,,,3e855485-caa7-8097-afe1-c7c905aa982a,"Spaziergang, Outdoor-Time, Urlaub",,,Freunde,Anderes Bett,,,,,,,,,,,,,,,,,,,,,,,,,
9/25/2020,2020-09-25,Friday,2020-W39,Frei,,0,,,,FALSE,,,,,,,,,,,,,,,,,,,,,,3e655485-caa7-80cf-a3d5-fd67a2d98c1f,"Outdoor-Time, Spaziergang, Urlaub",,,Freunde,Anderes Bett,,,,,,,,,,,,,,,,,,,,,,,,,
9/24/2020,2020-09-24,Thursday,2020-W39,Frei,,0,,,,FALSE,,,,,,,,,,,,,,,,,,,,,,3e555485-caa7-80ff-a2cb-d11c78a2d992,"Outdoor-Time, Urlaub",,,"Freunde, Reisestress",,,,,,,,,,,,,,,,,,,,,,,,,,
9/23/2020,2020-09-23,Wednesday,2020-W39,Frei,,0,,,,FALSE,,,,,,,,,,,,,,,,,,,,,,3e455485-caa7-8067-a10b-d6dcf0916a95,,,,,,78.65,12.3,,,,,,,,,,,,,,,,,,,,,,,
9/22/2020,2020-09-22,Tuesday,2020-W39,Frei,,0,,,,FALSE,,,,,,,,,,,,,,,,,,,,,,3e355485-caa7-8089-800b-ee2bfb8f55b3,,,,"Freunde, Me-Time, Reisestress",Anderes Bett,,,,,,,,,,,,,,,,,,,,,,,,,
9/21/2020,2020-09-21,Monday,2020-W39,Frei,,0,,,,FALSE,,,,,,,,,,,,,,,,,,,,,,3e255485-caa7-80c9-b468-f9f78e672984,,,,"Reisestress, Freunde",,,,,,,,,,,,,,,,,,,,,,,,,,
9/20/2020,2020-09-20,Sunday,2020-W39,,,0,,,,FALSE,,,,,,,,,,,,,,,,,,,,,,3e155485-caa7-80a8-86cf-eec6f7b95bc2,,,,,,,,,,,,,,,,,,,,,,,,,,,,,,
9/19/2020,2020-09-19,Saturday,2020-W38,Frei,,0,,,,FALSE,,,,,,,,,,,,,,,,,,,,,,3e055485-caa7-8004-8f1f-d46dc6042f2a,,,,,,80.1,12.5,,,,,,,,,,,,,,,,,,,,,,,
9/18/2020,2020-09-18,Friday,2020-W38,Frei,,0,,,,FALSE,,,,,,,,,,,,,,,,,,,,,,3df55485-caa7-8094-aae3-e0f3b96752c7,,,,"Freunde, Reisestress, Arbeitsstress",,80.75,13.1,,,,,,,,,,,,,,,,,,,,,,,
9/17/2020,2020-09-17,Thursday,2020-W38,Frei,,0,,,,FALSE,,,,,,,,,,,,,,,,,,,,,,3de55485-caa7-80e5-9e83-dd2d17568fb6,,,,"Freunde, Reisestress, Arbeitsstress",,81.95,12.8,,,,,,,,,,,,,,,,,,,,,,,
9/16/2020,2020-09-16,Wednesday,2020-W38,Frei,,0,,,,FALSE,,,,,,,,,,,,,,,,,,,,,,3dd55485-caa7-8046-ba0d-f914ebc110bf,,,,"Freunde, Reisestress, Arbeitsstress",,81.95,12.8,,,,,,,,,,,,,,,,,,,,,,,
9/15/2020,2020-09-15,Tuesday,2020-W38,Frei,,0,,,,FALSE,,,,,,,,,,,,,,,,,,,,,,3dc55485-caa7-80c8-a7de-d2bfb10462b1,,,,"Freunde, Reisestress, Arbeitsstress",,81,12.5,,,,,,,,,,,,,,,,,,,,,,,
9/14/2020,2020-09-14,Monday,2020-W38,Frei,,0,,,,FALSE,,,,,,,,,,,,,,,,,,,,,,3db55485-caa7-80a3-ba89-f6d695df4504,,,,"Freunde, Reisestress, Arbeitsstress",,80.25,12.6,,,,,,,,,,,,,,,,,,,,,,,
9/13/2020,2020-09-13,Sunday,2020-W38,Frei,,0,,,,FALSE,,,,,,,,,,,,,,,,,,,,,,3da55485-caa7-8014-9b7d-eaa9db8b7188,,,,"Freunde, Reisestress, Arbeitsstress",,80.85,12.7,,,,,,,,,,,,,,,,,,,,,,,
9/12/2020,2020-09-12,Saturday,2020-W37,Frei,,0,,,,FALSE,,,,,,,,,,,,,,,,,,,,,,3d955485-caa7-808a-9cdd-e7f6683a3d57,,,,"Freunde, Reisestress, Arbeitsstress",,80.4,12.7,,,,,,,,,,,,,,,,,,,,,,,
9/11/2020,2020-09-11,Friday,2020-W37,Frei,,0,,,,FALSE,,,,,,,,,,,,,,,,,,,,,,3d855485-caa7-80ed-bffe-eddebabf67a3,,,,"Freunde, Reisestress, Arbeitsstress",,80.4,12.7,,,,,,,,,,,,,,,,,,,,,,,
9/10/2020,2020-09-10,Thursday,2020-W37,Frei,,0,,,,FALSE,,,,,,,,,,,,,,,,,,,,,,3d755485-caa7-80ce-87b3-f1902c0d108f,,,,"Freunde, Reisestress, Arbeitsstress",,,,,,,,,,,,,,,,,,,,,,,,,,
9/9/2020,2020-09-09,Wednesday,2020-W37,Frei,,0,,,,FALSE,,,,,,,,,,,,,,,,,,,,,,3d655485-caa7-805c-8b65-e667d9c3e17b,,,,"Freunde, Reisestress, Arbeitsstress",,81.25,12.9,,,,,,,,,,,,,,,,,,,,,,,
9/8/2020,2020-09-08,Tuesday,2020-W37,Frei,,0,,,,FALSE,,,,,,,,,,,,,,,,,,,,,,3d555485-caa7-8039-b9a4-f3c2f08f2422,,,,"Freunde, Reisestress, Arbeitsstress",,,,,,,,,,,,,,,,,,,,,,,,,,
9/7/2020,2020-09-07,Monday,2020-W37,Frei,,0,,,,FALSE,,,,,,,,,,,,,,,,,,,,,,3d455485-caa7-80d2-a3bc-cf8a30de9c8b,,,,"Freunde, Reisestress, Arbeitsstress",,79.95,12.4,,,,,,,,,,,,,,,,,,,,,,,
9/6/2020,2020-09-06,Sunday,2020-W37,,,0,,,,FALSE,,,,,,,,,,,,,,,,,,,,,,3d355485-caa7-809b-99d4-d718dbcae1cf,,,,,,,,,,,,,,,,,,,,,,,,,,,,,,
9/5/2020,2020-09-05,Saturday,2020-W36,,,0,,,,FALSE,,,,,,,,,,,,,,,,,,,,,,3d255485-caa7-80d1-be32-eb01da2996ac,,,,,,79.95,12.5,,,,,,,,,,,,,,,,,,,,,,,
9/4/2020,2020-09-04,Friday,2020-W36,Frei,,0,,,,FALSE,,,,,,,,,,,,,,,,,,,,,,3d155485-caa7-80bd-ae4c-de3e867d1e10,,,,"Freunde, Reisestress, Arbeitsstress",,79.65,12.3,,,,,,,,,,,,,,,,,,,,,,,
9/3/2020,2020-09-03,Thursday,2020-W36,Frei,,0,,,,FALSE,,,,,,,,,,,,,,,,,,,,,,3d055485-caa7-800e-9676-fffdcad85e37,,,,"Freunde, Reisestress, Arbeitsstress",,,,,,,,,,,,,,,,,,,,,,,,,,
9/2/2020,2020-09-02,Wednesday,2020-W36,Frei,,0,,,,FALSE,,,,,,,,,,,,,,,,,,,,,,3cf55485-caa7-80a4-8d37-d189c8cb1fae,,,,"Freunde, Reisestress, Arbeitsstress",,80.9,12.6,,,,,,,,,,,,,,,,,,,,,,,
9/1/2020,2020-09-01,Tuesday,2020-W36,Frei,,0,,,,FALSE,,,,,,,,,,,,,,,,,,,,,,3ce55485-caa7-80bc-9cdf-f65ed8ee8d80,,,,"Freunde, Reisestress, Arbeitsstress",,81.35,12.7,,,,,,,,,,,,,,,,,,,,,,,
8/31/2020,2020-08-31,Monday,2020-W36,Frei,,0,,,,FALSE,,,,,,,,,,,,,,,,,,,,,,3cd55485-caa7-8006-b752-d84c1b76911f,,,,"Freunde, Reisestress, Arbeitsstress",,80.3,12.4,,,,,,,,,,,,,,,,,,,,,,,
8/30/2020,2020-08-30,Sunday,2020-W36,,,0,,,,FALSE,,,,,,,,,,,,,,,,,,,,,,3cc55485-caa7-80c5-8adc-fde9c5fc31aa,,,,,,80.3,12.5,,,,,,,,,,,,,,,,,,,,,,,
8/29/2020,2020-08-29,Saturday,2020-W35,Frei,,0,,,,FALSE,,,,,,,,,,,,,,,,,,,,,,3cb55485-caa7-80fe-97c5-fdfab4491c90,,,,,,80.3,12.4,,,,,,,,,,,,,,,,,,,,,,,
8/28/2020,2020-08-28,Friday,2020-W35,Frei,,0,,,,FALSE,,,,,,,,,,,,,,,,,,,,,,3ca55485-caa7-801c-bdb5-f6a6ce845f1a,,,,"Freunde, Reisestress, Arbeitsstress",,80.65,12.8,,,,,,,,,,,,,,,,,,,,,,,
8/27/2020,2020-08-27,Thursday,2020-W35,Frei,,0,,,,FALSE,,,,,,,,,,,,,,,,,,,,,,3c955485-caa7-8042-948d-c95f7877ce8c,,,,"Freunde, Reisestress, Arbeitsstress",,79.95,12.5,,,,,,,,,,,,,,,,,,,,,,,
8/26/2020,2020-08-26,Wednesday,2020-W35,Frei,,0,,,,FALSE,,,,,,,,,,,,,,,,,,,,,,3c855485-caa7-80fd-b76d-d8f9d2d39138,,,,"Freunde, Reisestress, Arbeitsstress",,79.95,12.4,,,,,,,,,,,,,,,,,,,,,,,
8/25/2020,2020-08-25,Tuesday,2020-W35,Frei,,0,,,,FALSE,,,,,,,,,,,,,,,,,,,,,,3c755485-caa7-80a6-ae1c-c8febcc0f79a,,,,"Freunde, Reisestress, Arbeitsstress",,79.7,12.4,,,,,,,,,,,,,,,,,,,,,,,
8/24/2020,2020-08-24,Monday,2020-W35,,,0,,,,FALSE,,,,,,,,,,,,,,,,,,,,,,3c655485-caa7-80c6-9c89-cab381e9e43b,,,,"Freunde, Reisestress, Arbeitsstress",,78.95,12.2,,,,,,,,,,,,,,,,,,,,,,,
8/23/2020,2020-08-23,Sunday,2020-W35,Frei,,0,,,,FALSE,,,,,,,,,,,,,,,,,,,,,,3c555485-caa7-8071-bff5-c147b22d16a6,,,,"Freunde, Me-Time, Reisestress",,80.4,12.5,,,,,,,,,,,,,,,,,,,,,,,
8/22/2020,2020-08-22,Saturday,2020-W34,,,0,,,,FALSE,,,,,,,,,,,,,,,,,,,,,,3c455485-caa7-808c-9baf-f5ba1ed17dff,,,,,,,,,,,,,,,,,,,,,,,,,,,,,,
8/21/2020,2020-08-21,Friday,2020-W34,,,0,Münster,,,FALSE,,,,,,,,,,,,,,,,,,,,,,3c355485-caa7-80b1-a7ea-d515b29a7406,,,,Freunde,,79.35,12.2,,,,,,,,,,,,,,,,,,,,,,,
8/20/2020,2020-08-20,Thursday,2020-W34,,,0,,,,FALSE,,,,,,,,,,,,,,,,,,,,,,3c255485-caa7-8057-9813-c40a978a91da,,,,,,,,,,,,,,,,,,,,,,,,,,,,,,
8/19/2020,2020-08-19,Wednesday,2020-W34,,,0,Münster,,,FALSE,,,,,,,,,,,,,,,,,,,,,,3c155485-caa7-8090-a6a0-f8b341cce2b8,,,,Freunde,,,,,,,,,,,,,,,,,,,,,,,,,,
8/18/2020,2020-08-18,Tuesday,2020-W34,,,0,Münster,,,FALSE,,,,,,,,,,,,,,,,,,,,,,3c055485-caa7-8092-b7c9-c54ac28d0c5b,,,,,,,,,,,,,,,,,,,,,,,,,,,,,,
8/17/2020,2020-08-17,Monday,2020-W34,,,0,,,,FALSE,,,,,,,,,,,,,,,,,,,,,,3bf55485-caa7-80c7-a335-c4b2061f643c,,,,,,79.35,12.3,,,,,,,,,,,,,,,,,,,,,,,
8/16/2020,2020-08-16,Sunday,2020-W34,Wettkampf,,0,Münster,,,FALSE,Weit: 7.06 +0.9m/s,,,,,,,,,,,,,,,7.06,,,,,,2ca55485-caa7-80d3-9270-cf7b7fa238d8,,,,,,80.1,12.4,,,,,,,,,,,,,,,,,,,,,,,
8/15/2020,2020-08-15,Saturday,2020-W33,,,0,,,,FALSE,,,,,,,,,,,,,,,,,,,,,,3bd55485-caa7-809b-b1a5-ff29dfa9b88c,,,,,,80.1,12.5,,,,,,,,,,,,,,,,,,,,,,,
8/14/2020,2020-08-14,Friday,2020-W33,,,0,,,,FALSE,,,,,,,,,,,,,,,,,,,,,,3bc55485-caa7-804e-b98b-c535b90a05d7,,,,,,,,,,,,,,,,,,,,,,,,,,,,,,
8/13/2020,2020-08-13,Thursday,2020-W33,,,0,Münster,,,FALSE,,,,,,,,,,,,,,,,,,,,,,3bb55485-caa7-80dd-ae72-f2bd56dc27b4,,,,,,,,,,,,,,,,,,,,,,,,,,,,,,
8/12/2020,2020-08-12,Wednesday,2020-W33,,,0,,,,FALSE,,,,,,,,,,,,,,,,,,,,,,3ba55485-caa7-806d-b56e-ea0e71847cef,,,,,,,,,,,,,,,,,,,,,,,,,,,,,,
8/11/2020,2020-08-11,Tuesday,2020-W33,,,0,Münster,,,FALSE,,,,,,,,,,,,,,,,,,,,,,3b955485-caa7-800a-bd13-ce0c2e736ee0,,,,,,80.1,12.4,,,,,,,,,,,,,,,,,,,,,,,
8/10/2020,2020-08-10,Monday,2020-W33,,,0,,,,FALSE,,,,,,,,,,,,,,,,,,,,,,3b855485-caa7-80af-a4ce-e1854e7c79e6,,,,,,79.4,12.2,,,,,,,,,,,,,,,,,,,,,,,
8/9/2020,2020-08-09,Sunday,2020-W33,Wettkampf,,0,Hamburg,,,FALSE,Weit: 7.05m +0.1m/s,,,,,,,,,,,,,,,7.05,,,,,,2ca55485-caa7-80f1-8813-fbf8f8912040,,,,"Freunde, Reisestress",,81.3,,,,,,,,,,,,,,,,,,,,,,,,
8/8/2020,2020-08-08,Saturday,2020-W32,,,0,Münster,,,FALSE,,,,,,,,,,,,,,,,,,,,,,3b655485-caa7-8007-8d0d-fefa7b9552b0,,,,,,80.65,12.4,,,,,,,,,,,,,,,,,,,,,,,
8/7/2020,2020-08-07,Friday,2020-W32,,,0,,,,FALSE,,,,,,,,,,,,,,,,,,,,,,3b555485-caa7-80fb-a652-f214fa7d428d,,,,,,79.05,12.1,,,,,,,,,,,,,,,,,,,,,,,
8/6/2020,2020-08-06,Thursday,2020-W32,,,0,Münster,,,FALSE,,,,,,,,,,,,,,,,,,,,,,3b455485-caa7-8023-a35f-ccf38e460070,,,,,,78.6,12.1,,,,,,,,,,,,,,,,,,,,,,,
8/5/2020,2020-08-05,Wednesday,2020-W32,Wettkampf,,0,Garbsen,,,FALSE,Weit: 7.28m +0.1m/s,,,,,,,,,,,,,,,7.28,,,,,,2ca55485-caa7-804d-af1e-fbe344be47b8,,,,"Freunde, Reisestress",,,,,,,,,,,,,,,,,,,,,,,,,,
8/4/2020,2020-08-04,Tuesday,2020-W32,,,0,,,,FALSE,,,,,,,,,,,,,,,,,,,,,,3b255485-caa7-800f-a8d2-cdc7908990d3,,,,,,80.6,,,,,,,,,,,,,,,,,,,,,,,,
8/3/2020,2020-08-03,Monday,2020-W32,,,0,Münster,,,FALSE,,,,,,,,,,,,,,,,,,,,,,3b155485-caa7-8099-8824-c65cd484d2e2,,,,,,,,,,,,,,,,,,,,,,,,,,,,,,
8/2/2020,2020-08-02,Sunday,2020-W32,,,0,,,,FALSE,,,,,,,,,,,,,,,,,,,,,,3b055485-caa7-8083-bc60-ed76e485617f,,,,,,81.1,,,,,,,,,,,,,,,,,,,,,,,,
8/1/2020,2020-08-01,Saturday,2020-W31,Wettkampf,,0,Weinheim,,,FALSE,Weit: 6.80m +0.8m/s,,,,,,,,,,,,,,,6.80,,,,,,2ca55485-caa7-80e9-9f5b-d1152f4dee48,,,,"Freunde, Reisestress",,,,,,,,,,,,,,,,,,,,,,,,,,
7/31/2020,2020-07-31,Friday,2020-W31,,,0,,,,FALSE,,,,,,,,,,,,,,,,,,,,,,3ae55485-caa7-80e8-bf41-e7fcc274321a,,,,"Reisestress, Freunde",,79.55,12.4,,,,,,,,,,,,,,,,,,,,,,,
7/30/2020,2020-07-30,Thursday,2020-W31,,,0,,,,FALSE,,,,,,,,,,,,,,,,,,,,,,3ad55485-caa7-8003-8147-d0e6cb8fd0d4,,,,,,,,,,,,,,,,,,,,,,,,,,,,,,
7/29/2020,2020-07-29,Wednesday,2020-W31,,,0,Münster,,,FALSE,,,,,,,,,,,,,,,,,,,,,,3ac55485-caa7-806d-a8cb-de4c37e0e2be,,,,,,,,,,,,,,,,,,,,,,,,,,,,,,
7/28/2020,2020-07-28,Tuesday,2020-W31,,,0,Münster,,,FALSE,,,,,,,,,,,,,,,,,,,,,,3ab55485-caa7-8032-9adc-e890411ac6d6,,,,,,,,,,,,,,,,,,,,,,,,,,,,,,
7/27/2020,2020-07-27,Monday,2020-W31,,,0,Münster,,,FALSE,,,,,,,,,,,,,,,,,,,,,,3aa55485-caa7-80e1-82d6-e741c3b88283,,,,,,,,,,,,,,,,,,,,,,,,,,,,,,
7/26/2020,2020-07-26,Sunday,2020-W31,,,0,,,,FALSE,,,,,,,,,,,,,,,,,,,,,,3a955485-caa7-803f-95fc-f044df51cf2d,,,,,,,,,,,,,,,,,,,,,,,,,,,,,,
7/25/2020,2020-07-25,Saturday,2020-W30,Wettkampf,,0,Rhede,,,FALSE,Weit: 7.11m +0.5m/s,,,,,,,,,,,,,,,7.11,,,,,,2ca55485-caa7-80ab-bf37-e461fd7008cc,,,,"Freunde, Reisestress",,79.8,12.4,,,,,,,,,,,,,,,,,,,,,,,
7/24/2020,2020-07-24,Friday,2020-W30,,,0,MS Halle,,,FALSE,,,,,,,,,,,,,,,,,,,,,,3a755485-caa7-800c-bbcb-cf632ee550f7,,,,,,80.1,12.5,,,,,,,,,,,,,,,,,,,,,,,
7/23/2020,2020-07-23,Thursday,2020-W30,,,0,,,,FALSE,,,,,,,,,,,,,,,,,,,,,,3a655485-caa7-8075-b015-cf0bbdb9e9b9,,,,,,,,,,,,,,,,,,,,,,,,,,,,,,
7/22/2020,2020-07-22,Wednesday,2020-W30,,,0,Münster,,,FALSE,,,,,,,,,,,,,,,,,,,,,,3a555485-caa7-80db-b747-d16f5f310347,,,,,,80.75,12.5,,,,,,,,,,,,,,,,,,,,,,,
7/21/2020,2020-07-21,Tuesday,2020-W30,,,0,Münster,,,FALSE,,,,,,,,,,,,,,,,,,,,,,3a455485-caa7-803b-a3e2-e25e1379db21,,,,,,80.75,12.5,,,,,,,,,,,,,,,,,,,,,,,
7/20/2020,2020-07-20,Monday,2020-W30,,,0,,,,FALSE,,,,,,,,,,,,,,,,,,,,,,3a355485-caa7-80e8-bdfe-da9498b3e161,,,,,,79.25,12.3,,,,,,,,,,,,,,,,,,,,,,,
7/19/2020,2020-07-19,Sunday,2020-W30,Wettkampf,,0,Minden,,,FALSE,Weit: 7.32m +1.3m/s,,,,,,,,,,,,,,,7.32,,,,,,2ca55485-caa7-8004-8493-c3e0c3433c21,,,,"Freunde, Reisestress",,79.25,12.3,,,,,,,,,,,,,,,,,,,,,,,
7/18/2020,2020-07-18,Saturday,2020-W29,,,0,Münster,,,FALSE,,,,,,,,,,,,,,,,,,,,,,3a155485-caa7-807b-8e10-c076bfcce6e0,,,,,,79.25,12.2,,,,,,,,,,,,,,,,,,,,,,,
7/17/2020,2020-07-17,Friday,2020-W29,,,0,,,,FALSE,,,,,,,,,,,,,,,,,,,,,,3a055485-caa7-804e-a417-fbc183c476c5,,,,,,80.1,12.2,,,,,,,,,,,,,,,,,,,,,,,
7/16/2020,2020-07-16,Thursday,2020-W29,,,0,Münster,,,FALSE,,,,,,,,,,,,,,,,,,,,,,39f55485-caa7-80e8-a8ec-ecedddd10740,,,,,,,,,,,,,,,,,,,,,,,,,,,,,,
7/15/2020,2020-07-15,Wednesday,2020-W29,,,0,Münster,,,FALSE,,,,,,,,,,,,,,,,,,,,,,39e55485-caa7-801d-b572-c01a4f9a46c2,,,,,,80.55,12.3,,,,,,,,,,,,,,,,,,,,,,,
7/14/2020,2020-07-14,Tuesday,2020-W29,Sprung,,0,Münster,,,FALSE,"hürdenkordi
kordi
einbeinsprünge in grube
Sprunglauf in grube",,,,2 - Normal,2 - Okay,2 - Anstrengend,2 - Wenig,,,,,,,,,,,,,,39d55485-caa7-8058-8e95-db2af1606f91,Dehnen,,,,,,,,,,,,,,,,,,,,,,,,,,,,,
7/13/2020,2020-07-13,Monday,2020-W29,,,0,Münster,,,FALSE,,,,,,,,,,,,,,,,,,,,,,39c55485-caa7-80fd-87e6-e3c463590531,,,,,,,,,,,,,,,,,,,,,,,,,,,,,,
7/12/2020,2020-07-12,Sunday,2020-W29,Frei,,0,,,,FALSE,,,,,,,,,,,,,,,,,,,,,,39b55485-caa7-804e-b8d5-ce9a4f78a8f8,,,,,,79.55,12.3,,,,,,,,,,,,,,,,,,,,,,,
7/11/2020,2020-07-11,Saturday,2020-W28,Wettkampf,,0,Dortmund,,,FALSE,"100m: 11.16s +0.6m/s
100m: 11.16s -0.5m/s 
Weit: 7.10m +0.6m/s",,,,,,,,,,,,,,,7.10,,,,,11.16,2ca55485-caa7-8079-b624-d3452b416091,,,,"Freunde, Reisestress",,,,,,,,,,,,,,,,,,,,,,,,,,
7/10/2020,2020-07-10,Friday,2020-W28,,,0,Münster,,,FALSE,,,,,,,,,,,,,,,,,,,,,,39955485-caa7-806f-ab3a-ed4b9236046b,,,,,,,,,,,,,,,,,,,,,,,,,,,,,,
7/9/2020,2020-07-09,Thursday,2020-W28,,,0,,,,FALSE,,,,,,,,,,,,,,,,,,,,,,39855485-caa7-80fa-9fe1-d5e3dcc2b4e9,,,,,,79.2,12.3,,,,,,,,,,,,,,,,,,,,,,,
7/8/2020,2020-07-08,Wednesday,2020-W28,,,0,Münster,,,FALSE,,,,,,,,,,,,,,,,,,,,,,39755485-caa7-80b9-b1ef-ed22f8008efd,,,,,,79.2,12.3,,,,,,,,,,,,,,,,,,,,,,,
7/7/2020,2020-07-07,Tuesday,2020-W28,,,0,,,,FALSE,,,,,,,,,,,,,,,,,,,,,,39655485-caa7-8073-b882-d5620720e5b1,,,,,,79,12.2,,,,,,,,,,,,,,,,,,,,,,,
7/6/2020,2020-07-06,Monday,2020-W28,,,0,Münster,,,FALSE,,,,,,,,,,,,,,,,,,,,,,39555485-caa7-809e-9b48-fa830734f54c,,,,,,,,,,,,,,,,,,,,,,,,,,,,,,
7/5/2020,2020-07-05,Sunday,2020-W28,,,0,Münster,,,FALSE,,,,,,,,,,,,,,,,,,,,,,39455485-caa7-8062-8b6a-c8c7677246d7,,,,,,,,,,,,,,,,,,,,,,,,,,,,,,
7/4/2020,2020-07-04,Saturday,2020-W27,,,0,Münster,,,FALSE,,,,,,,,,,,,,,,,,,,,,,39355485-caa7-80e4-99b4-cca1c9068195,,,,,,,,,,,,,,,,,,,,,,,,,,,,,,
7/3/2020,2020-07-03,Friday,2020-W27,,,0,Münster,,,FALSE,,,,,,,,,,,,,,,,,,,,,,39255485-caa7-8093-aeb4-d84946e8c205,,,,,,79.75,12.3,,,,,,,,,,,,,,,,,,,,,,,
7/2/2020,2020-07-02,Thursday,2020-W27,,,0,Münster,,,FALSE,,,,,,,,,,,,,,,,,,,,,,39155485-caa7-8071-84b6-f8dfbecf7344,,,,,,79.75,12.3,,,,,,,,,,,,,,,,,,,,,,,
7/1/2020,2020-07-01,Wednesday,2020-W27,,,0,Münster,,,FALSE,,,,,,,,,,,,,,,,,,,,,,39055485-caa7-80d8-8564-f186bcf41cda,,,,,,,,,,,,,,,,,,,,,,,,,,,,,,
6/30/2020,2020-06-30,Tuesday,2020-W27,,,0,,,,FALSE,,,,,,,,,,,,,,,,,,,,,,38f55485-caa7-8017-99d8-e433ac6483f3,,,,,,80.5,12.4,,,,,,,,,,,,,,,,,,,,,,,
6/29/2020,2020-06-29,Monday,2020-W27,,,0,,,,FALSE,,,,,,,,,,,,,,,,,,,,,,38e55485-caa7-80d2-ba24-e67770d6e496,,,,,,,,,,,,,,,,,,,,,,,,,,,,,,
6/28/2020,2020-06-28,Sunday,2020-W27,,,0,Münster,,,FALSE,,,,,,,,,,,,,,,,,,,,,,38e55485-caa7-8058-8a8d-d5bcf00a977a,,,,,,,,,,,,,,,,,,,,,,,,,,,,,,
6/27/2020,2020-06-27,Saturday,2020-W26,,,0,Münster,,,FALSE,,,,,,,,,,,,,,,,,,,,,,38c55485-caa7-8075-9e7a-d8b1835daa7a,,,,,,,,,,,,,,,,,,,,,,,,,,,,,,
6/26/2020,2020-06-26,Friday,2020-W26,,,0,Münster,,,FALSE,,,,,,,,,,,,,,,,,,,,,,38b55485-caa7-8019-9ad5-f907ef2ea2e9,,,,,,79.6,12.3,,,,,,,,,,,,,,,,,,,,,,,
6/25/2020,2020-06-25,Thursday,2020-W26,,,0,Münster,,,FALSE,,,,,,,,,,,,,,,,,,,,,,38a55485-caa7-808a-825a-e227cd9dc5e6,,,,,,79.6,12.3,,,,,,,,,,,,,,,,,,,,,,,
6/24/2020,2020-06-24,Wednesday,2020-W26,,,0,Münster,,,FALSE,,,,,,,,,,,,,,,,,,,,,,38955485-caa7-803b-86f5-e70db7669206,,,,,,80.85,12.4,,,,,,,,,,,,,,,,,,,,,,,
6/23/2020,2020-06-23,Tuesday,2020-W26,,,0,,,,FALSE,,,,,,,,,,,,,,,,,,,,,,38855485-caa7-80cd-9979-f1a1c00ddd27,,,,,,81.5,12.4,,,,,,,,,,,,,,,,,,,,,,,
6/22/2020,2020-06-22,Monday,2020-W26,,,0,Münster,,,FALSE,,,,,,,,,,,,,,,,,,,,,,38755485-caa7-80a3-a7bc-eef3d39b0325,,,,,,80.8,12.2,,,,,,,,,,,,,,,,,,,,,,,
6/21/2020,2020-06-21,Sunday,2020-W26,,,0,,,,FALSE,,,,,,,,,,,,,,,,,,,,,,38655485-caa7-8000-8eb9-c555988050af,,,,,,,,,,,,,,,,,,,,,,,,,,,,,,
6/20/2020,2020-06-20,Saturday,2020-W25,,,0,Münster,,,FALSE,,,,,,,,,,,,,,,,,,,,,,38555485-caa7-8091-820b-cd1c6c218921,,,,,,,,,,,,,,,,,,,,,,,,,,,,,,
6/19/2020,2020-06-19,Friday,2020-W25,,,0,,,,FALSE,,,,,,,,,,,,,,,,,,,,,,38455485-caa7-80fb-a067-e41ddc3fea0d,,,,,,,,,,,,,,,,,,,,,,,,,,,,,,
6/18/2020,2020-06-18,Thursday,2020-W25,,,0,,,,FALSE,,,,,,,,,,,,,,,,,,,,,,38355485-caa7-80df-bde4-cd18a33ba348,,,,,,80,12.3,,,,,,,,,,,,,,,,,,,,,,,
6/17/2020,2020-06-17,Wednesday,2020-W25,,,0,Münster,,,FALSE,,,,,,,,,,,,,,,,,,,,,,38255485-caa7-8029-b454-d7ae0a9e15ae,,,,,,,,,,,,,,,,,,,,,,,,,,,,,,
6/16/2020,2020-06-16,Tuesday,2020-W25,,,0,Münster,,,FALSE,,,,,,,,,,,,,,,,,,,,,,38155485-caa7-8005-a06c-d03f18ea9a25,,,,,,,,,,,,,,,,,,,,,,,,,,,,,,
6/15/2020,2020-06-15,Monday,2020-W25,,,0,Münster,,,FALSE,,,,,,,,,,,,,,,,,,,,,,38055485-caa7-80c0-9951-e96e778a65d8,,,,,,,,,,,,,,,,,,,,,,,,,,,,,,
6/14/2020,2020-06-14,Sunday,2020-W25,Frei,,0,,,,FALSE,,,,,,,,,,,,,,,,,,,,,,37f55485-caa7-80bc-a782-e0c50cc0c45a,,,,,,,,,,,,,,,,,,,,,,,,,,,,,,
6/13/2020,2020-06-13,Saturday,2020-W24,,,0,Münster,,,FALSE,,,,,,,,,,,,,,,,,,,,,,37f55485-caa7-80b0-b6a8-d536735333a2,,,,,,,,,,,,,,,,,,,,,,,,,,,,,,
6/12/2020,2020-06-12,Friday,2020-W24,,,0,,,,FALSE,,,,,,,,,,,,,,,,,,,,,,37d55485-caa7-8064-bad8-df454e0508f9,,,,,,80,12.2,,,,,,,,,,,,,,,,,,,,,,,
6/11/2020,2020-06-11,Thursday,2020-W24,,,0,Münster,,,FALSE,,,,,,,,,,,,,,,,,,,,,,37c55485-caa7-80bf-a281-d206fd329bca,,,,,,79.65,12.2,,,,,,,,,,,,,,,,,,,,,,,
6/10/2020,2020-06-10,Wednesday,2020-W24,,,0,Münster,,,FALSE,,,,,,,,,,,,,,,,,,,,,,37b55485-caa7-8076-be79-d358f4672c9e,,,,,,80.35,12.3,,,,,,,,,,,,,,,,,,,,,,,
6/9/2020,2020-06-09,Tuesday,2020-W24,,,0,,,,FALSE,,,,,,,,,,,,,,,,,,,,,,37a55485-caa7-807c-9f1d-f932fe22f9c1,,,,,,80,12.4,,,,,,,,,,,,,,,,,,,,,,,
6/8/2020,2020-06-08,Monday,2020-W24,,,0,Münster,,,FALSE,,,,,,,,,,,,,,,,,,,,,,37955485-caa7-80e2-931b-e5ec0ca67642,,,,,,,,,,,,,,,,,,,,,,,,,,,,,,
6/7/2020,2020-06-07,Sunday,2020-W24,Frei,,0,,,,FALSE,,,,,,,,,,,,,,,,,,,,,,37855485-caa7-8059-900d-f15c265dd438,,,,,,,,,,,,,,,,,,,,,,,,,,,,,,
6/6/2020,2020-06-06,Saturday,2020-W23,,,0,,,,FALSE,,,,,,,,,,,,,,,,,,,,,,37755485-caa7-8010-a3d3-e8b0d29bbba0,,,,,,,,,,,,,,,,,,,,,,,,,,,,,,
6/5/2020,2020-06-05,Friday,2020-W23,,,0,Münster,,,FALSE,,,,,,,,,,,,,,,,,,,,,,37655485-caa7-8000-9993-f724e97bd783,,,,,,80.65,12.3,,,,,,,,,,,,,,,,,,,,,,,
6/4/2020,2020-06-04,Thursday,2020-W23,,,0,MS Halle,,,FALSE,,,,,,,,,,,,,,,,,,,,,,37555485-caa7-8086-b8f2-db432f1af9aa,,,,,,79.3,12.2,,,,,,,,,,,,,,,,,,,,,,,
6/3/2020,2020-06-03,Wednesday,2020-W23,,,0,Münster,,,FALSE,,,,,,,,,,,,,,,,,,,,,,37455485-caa7-80f7-b442-d31bfd98d259,,,,,,79.5,12.3,,,,,,,,,,,,,,,,,,,,,,,
6/2/2020,2020-06-02,Tuesday,2020-W23,,,0,,,,FALSE,,,,,,,,,,,,,,,,,,,,,,37355485-caa7-8082-b6a5-dc5c40060077,,,,,,80.65,12.4,,,,,,,,,,,,,,,,,,,,,,,
6/1/2020,2020-06-01,Monday,2020-W23,,,0,Münster,,,FALSE,,,,,,,,,,,,,,,,,,,,,,37255485-caa7-804f-8a46-f3cd6680bccd,,,,,,,,,,,,,,,,,,,,,,,,,,,,,,
5/31/2020,2020-05-31,Sunday,2020-W23,,,0,,,,FALSE,,,,,,,,,,,,,,,,,,,,,,37155485-caa7-8067-b6d4-f54797743cd8,,,,,,,,,,,,,,,,,,,,,,,,,,,,,,
5/30/2020,2020-05-30,Saturday,2020-W22,,,0,Münster,,,FALSE,,,,,,,,,,,,,,,,,,,,,,37055485-caa7-80d3-a389-f6332291f83c,,,,,,,,,,,,,,,,,,,,,,,,,,,,,,
5/29/2020,2020-05-29,Friday,2020-W22,,,0,Münster,,,FALSE,,,,,,,,,,,,,,,,,,,,,,36f55485-caa7-80e7-9715-cfbedb97d14c,,,,,,78.75,12.2,,,,,,,,,,,,,,,,,,,,,,,
5/28/2020,2020-05-28,Thursday,2020-W22,,,0,,,,FALSE,,,,,,,,,,,,,,,,,,,,,,36e55485-caa7-80e7-a16b-d34561b54921,,,,,,79.25,12.1,,,,,,,,,,,,,,,,,,,,,,,
5/27/2020,2020-05-27,Wednesday,2020-W22,,,0,Münster,,,FALSE,,,,,,,,,,,,,,,,,,,,,,36d55485-caa7-80c5-804f-ef1c5bda4032,,,,,,,,,,,,,,,,,,,,,,,,,,,,,,
5/26/2020,2020-05-26,Tuesday,2020-W22,,,0,,,,FALSE,,,,,,,,,,,,,,,,,,,,,,36c55485-caa7-80d2-b874-c047e50895b7,,,,,,79.25,12.1,,,,,,,,,,,,,,,,,,,,,,,
5/25/2020,2020-05-25,Monday,2020-W22,,,0,,,,FALSE,,,,,,,,,,,,,,,,,,,,,,36b55485-caa7-806c-8c68-c71854256b51,,,,,,79.25,12,,,,,,,,,,,,,,,,,,,,,,,
5/24/2020,2020-05-24,Sunday,2020-W22,,,0,,,,FALSE,,,,,,,,,,,,,,,,,,,,,,36a55485-caa7-80ef-b04b-d983817054f2,,,,Freunde,,,,,,,,,,,,,,,,,,,,,,,,,,
5/23/2020,2020-05-23,Saturday,2020-W21,,,0,,,,FALSE,,,,,,,,,,,,,,,,,,,,,,36955485-caa7-80b7-bc79-dd205fa32bb7,,,,,,,,,,,,,,,,,,,,,,,,,,,,,,
5/22/2020,2020-05-22,Friday,2020-W21,,,0,Münster,,,FALSE,,,,,,,,,,,,,,,,,,,,,,36855485-caa7-80ab-ba27-ee089869abd5,,,,,,,,,,,,,,,,,,,,,,,,,,,,,,
5/21/2020,2020-05-21,Thursday,2020-W21,,,0,,,,FALSE,,,,,,,,,,,,,,,,,,,,,,36755485-caa7-8035-a8a9-fad1f5ce268a,,,,,,79.7,12.2,,,,,,,,,,,,,,,,,,,,,,,
5/20/2020,2020-05-20,Wednesday,2020-W21,,,0,Münster,,,FALSE,,,,,,,,,,,,,,,,,,,,,,36655485-caa7-8003-9608-c480395fc5e5,,,,,,79.25,12.2,,,,,,,,,,,,,,,,,,,,,,,
5/19/2020,2020-05-19,Tuesday,2020-W21,,,0,,,,FALSE,,,,,,,,,,,,,,,,,,,,,,36555485-caa7-80c0-948a-e2054ec27f77,,,,,,79.5,12.3,,,,,,,,,,,,,,,,,,,,,,,
5/18/2020,2020-05-18,Monday,2020-W21,,,0,Münster,,,FALSE,,,,,,,,,,,,,,,,,,,,,,36455485-caa7-8078-86eb-e23bcf9fa30a,,,,,,77.85,,,,,,,,,,,,,,,,,,,,,,,,
5/17/2020,2020-05-17,Sunday,2020-W21,Frei,,0,,,,FALSE,,,,,,,,,,,,,,,,,,,,,,36455485-caa7-800d-a63d-f25cb7accca8,,,,,,,,,,,,,,,,,,,,,,,,,,,,,,
5/16/2020,2020-05-16,Saturday,2020-W20,,,0,Münster,,,FALSE,,,,,,,,,,,,,,,,,,,,,,36255485-caa7-808e-8a59-e6c37efe8cd5,,,,,,79.25,12.2,,,,,,,,,,,,,,,,,,,,,,,
5/15/2020,2020-05-15,Friday,2020-W20,,,0,Münster,,,FALSE,,,,,,,,,,,,,,,,,,,,,,36155485-caa7-80da-92f2-dab1258d8c9e,,,,,,79.55,12.3,,,,,,,,,,,,,,,,,,,,,,,
5/14/2020,2020-05-14,Thursday,2020-W20,,,0,,,,FALSE,,,,,,,,,,,,,,,,,,,,,,36055485-caa7-803a-9f07-d375b91d35ce,,,,,,79.75,12.2,,,,,,,,,,,,,,,,,,,,,,,
5/13/2020,2020-05-13,Wednesday,2020-W20,,,0,Münster,,,FALSE,,,,,,,,,,,,,,,,,,,,,,35f55485-caa7-80fe-9664-d672abeddeea,,,,,,80.45,12.4,,,,,,,,,,,,,,,,,,,,,,,
5/12/2020,2020-05-12,Tuesday,2020-W20,,,0,Münster,,,FALSE,,,,,,,,,,,,,,,,,,,,,,35e55485-caa7-801e-b023-f74fbcfa63ae,,,,,,80.7,12.4,,,,,,,,,,,,,,,,,,,,,,,
5/11/2020,2020-05-11,Monday,2020-W20,,,0,Münster,,,FALSE,,,,,,,,,,,,,,,,,,,,,,35d55485-caa7-804a-a2f1-f0ad5b77b50a,,,,,,80.95,12.6,,,,,,,,,,,,,,,,,,,,,,,
5/10/2020,2020-05-10,Sunday,2020-W20,,,0,,,,FALSE,,,,,,,,,,,,,,,,,,,,,,35c55485-caa7-8022-b604-cde95783950e,,,,,,80.4,12.4,,,,,,,,,,,,,,,,,,,,,,,
5/9/2020,2020-05-09,Saturday,2020-W19,,,0,,,,FALSE,,,,,,,,,,,,,,,,,,,,,,35b55485-caa7-801a-839b-f1520cd19b2d,,,,,,80.65,12.6,,,,,,,,,,,,,,,,,,,,,,,
5/8/2020,2020-05-08,Friday,2020-W19,,,0,,,,FALSE,,,,,,,,,,,,,,,,,,,,,,35a55485-caa7-80cd-a6cd-f96730adb90b,,,,,,80.65,12.5,,,,,,,,,,,,,,,,,,,,,,,
5/7/2020,2020-05-07,Thursday,2020-W19,,,0,,,,FALSE,,,,,,,,,,,,,,,,,,,,,,35a55485-caa7-8066-b923-f0958b70636e,,,,,,81.25,12.7,,,,,,,,,,,,,,,,,,,,,,,
5/6/2020,2020-05-06,Wednesday,2020-W19,,,0,,,,FALSE,,,,,,,,,,,,,,,,,,,,,,35855485-caa7-8011-b26f-d62841629e8e,,,,,,80.95,12.7,,,,,,,,,,,,,,,,,,,,,,,
5/5/2020,2020-05-05,Tuesday,2020-W19,,,0,,,,FALSE,,,,,,,,,,,,,,,,,,,,,,35755485-caa7-80b2-8cee-e169ca5beb4b,,,,,,80.95,12.7,,,,,,,,,,,,,,,,,,,,,,,
5/4/2020,2020-05-04,Monday,2020-W19,,,0,Münster,,,FALSE,,,,,,,,,,,,,,,,,,,,,,35655485-caa7-8070-96e2-c3c1f6a38227,,,,,,81.45,12.7,,,,,,,,,,,,,,,,,,,,,,,
5/3/2020,2020-05-03,Sunday,2020-W19,,,0,,,,FALSE,,,,,,,,,,,,,,,,,,,,,,35555485-caa7-804a-b6c1-cb3c6d045f17,,,,,,80.55,12.5,,,,,,,,,,,,,,,,,,,,,,,
5/2/2020,2020-05-02,Saturday,2020-W18,,,0,,,,FALSE,,,,,,,,,,,,,,,,,,,,,,35455485-caa7-804b-b618-c6d1d87dd70b,,,,,,80.55,12.6,,,,,,,,,,,,,,,,,,,,,,,
5/1/2020,2020-05-01,Friday,2020-W18,,,0,,,,FALSE,,,,,,,,,,,,,,,,,,,,,,35355485-caa7-80cb-8143-e1e7496504ae,,,,,,80.55,12.6,,,,,,,,,,,,,,,,,,,,,,,
4/30/2020,2020-04-30,Thursday,2020-W18,,,0,Münster,,,FALSE,,,,,,,,,,,,,,,,,,,,,,35255485-caa7-8066-aaa2-cdd72d0c367c,,,,,,81.55,12.6,,,,,,,,,,,,,,,,,,,,,,,
4/29/2020,2020-04-29,Wednesday,2020-W18,,,0,,,,FALSE,,,,,,,,,,,,,,,,,,,,,,35155485-caa7-8078-8ce4-ff298da72854,,,,,,80.8,12.5,,,,,,,,,,,,,,,,,,,,,,,
4/28/2020,2020-04-28,Tuesday,2020-W18,,,0,,,,FALSE,,,,,,,,,,,,,,,,,,,,,,35055485-caa7-805f-9c63-e86cfa3fcf3f,,,,,,80.25,12.4,,,,,,,,,,,,,,,,,,,,,,,
4/27/2020,2020-04-27,Monday,2020-W18,,,0,,,,FALSE,,,,,,,,,,,,,,,,,,,,,,34f55485-caa7-805a-a352-e186fab08eec,,,,,,81.05,12.5,,,,,,,,,,,,,,,,,,,,,,,
4/26/2020,2020-04-26,Sunday,2020-W18,,,0,,,,FALSE,,,,,,,,,,,,,,,,,,,,,,34e55485-caa7-8096-a849-e7b2a54afbfb,,,,,,80.75,12.5,,,,,,,,,,,,,,,,,,,,,,,
4/25/2020,2020-04-25,Saturday,2020-W17,,,0,,,,FALSE,,,,,,,,,,,,,,,,,,,,,,34d55485-caa7-80f3-b30e-cc6f0f924026,,,,,,81.9,12.6,,,,,,,,,,,,,,,,,,,,,,,
4/24/2020,2020-04-24,Friday,2020-W17,,,0,,,,FALSE,,,,,,,,,,,,,,,,,,,,,,34c55485-caa7-8032-aa35-e8d6144f4a61,,,,,,80.85,12.4,,,,,,,,,,,,,,,,,,,,,,,
4/23/2020,2020-04-23,Thursday,2020-W17,,,0,,,,FALSE,,,,,,,,,,,,,,,,,,,,,,34b55485-caa7-804e-b193-f708c85d3b7d,,,,,,81.25,12.5,,,,,,,,,,,,,,,,,,,,,,,
4/22/2020,2020-04-22,Wednesday,2020-W17,,,0,MS Halle,,,FALSE,,,,,,,,,,,,,,,,,,,,,,34a55485-caa7-8012-9f91-f73a0227fa3f,,,,,,81.25,12.5,,,,,,,,,,,,,,,,,,,,,,,
4/21/2020,2020-04-21,Tuesday,2020-W17,,,0,MS Halle,,,FALSE,,,,,,,,,,,,,,,,,,,,,,34955485-caa7-8045-a5b6-db70b59220a1,,,,,,81.25,12.7,,,,,,,,,,,,,,,,,,,,,,,
4/20/2020,2020-04-20,Monday,2020-W17,,,0,,,,FALSE,,,,,,,,,,,,,,,,,,,,,,34855485-caa7-803d-8956-e6efb664c205,,,,,,81.25,12.5,,,,,,,,,,,,,,,,,,,,,,,
4/19/2020,2020-04-19,Sunday,2020-W17,,,0,,,,FALSE,,,,,,,,,,,,,,,,,,,,,,34755485-caa7-80a5-b618-e282016da879,,,,,,81,12.5,,,,,,,,,,,,,,,,,,,,,,,
4/18/2020,2020-04-18,Saturday,2020-W16,,,0,MS Halle,,,FALSE,,,,,,,,,,,,,,,,,,,,,,34755485-caa7-806d-99f3-eb36f4a418e6,,,,,,81.4,12.6,,,,,,,,,,,,,,,,,,,,,,,
4/17/2020,2020-04-17,Friday,2020-W16,,,0,,,,FALSE,,,,,,,,,,,,,,,,,,,,,,34555485-caa7-80b8-a88e-c998283d2f4c,,,,,,81,12.6,,,,,,,,,,,,,,,,,,,,,,,
4/16/2020,2020-04-16,Thursday,2020-W16,,,0,MS Halle,,,FALSE,,,,,,,,,,,,,,,,,,,,,,34455485-caa7-80aa-8932-d91cd5f98cde,,,,,,81.6,12.6,,,,,,,,,,,,,,,,,,,,,,,
4/15/2020,2020-04-15,Wednesday,2020-W16,,,0,MS Halle,,,FALSE,,,,,,,,,,,,,,,,,,,,,,34355485-caa7-80ab-be98-c20328810455,,,,,,81.95,12.8,,,,,,,,,,,,,,,,,,,,,,,
4/14/2020,2020-04-14,Tuesday,2020-W16,,,0,,,,FALSE,,,,,,,,,,,,,,,,,,,,,,34255485-caa7-8089-805c-fc80df50bc36,,,,,,81.2,12.7,,,,,,,,,,,,,,,,,,,,,,,
4/13/2020,2020-04-13,Monday,2020-W16,,,0,,,,FALSE,,,,,,,,,,,,,,,,,,,,,,34155485-caa7-80b1-b712-e7f055385fb1,,,,,,81.6,12.7,,,,,,,,,,,,,,,,,,,,,,,
4/12/2020,2020-04-12,Sunday,2020-W16,,,0,,,,FALSE,,,,,,,,,,,,,,,,,,,,,,34055485-caa7-80b6-8f75-dc213e0f1aca,,,,,,80.6,12.3,,,,,,,,,,,,,,,,,,,,,,,
4/11/2020,2020-04-11,Saturday,2020-W15,,,0,MS Halle,,,FALSE,,,,,,,,,,,,,,,,,,,,,,33f55485-caa7-80fc-8395-c695663cfba4,,,,,,80.6,12.4,,,,,,,,,,,,,,,,,,,,,,,
4/10/2020,2020-04-10,Friday,2020-W15,,,0,MS Halle,,,FALSE,,,,,,,,,,,,,,,,,,,,,,33e55485-caa7-80a8-a886-d5bf299bd0a7,,,,,,80.6,12.5,,,,,,,,,,,,,,,,,,,,,,,
4/9/2020,2020-04-09,Thursday,2020-W15,,,0,,,,FALSE,,,,,,,,,,,,,,,,,,,,,,33d55485-caa7-80a4-aad7-d3ed27d508c3,,,,,,80.3,12.5,,,,,,,,,,,,,,,,,,,,,,,
4/8/2020,2020-04-08,Wednesday,2020-W15,,,0,MS Halle,,,FALSE,,,,,,,,,,,,,,,,,,,,,,33c55485-caa7-80aa-88d4-d49619e74194,,,,,,81.05,12.6,,,,,,,,,,,,,,,,,,,,,,,
4/7/2020,2020-04-07,Tuesday,2020-W15,,,0,MS Halle,,,FALSE,,,,,,,,,,,,,,,,,,,,,,33b55485-caa7-8045-aa26-fc7ecb5d6414,,,,,,81.05,12.6,,,,,,,,,,,,,,,,,,,,,,,
4/6/2020,2020-04-06,Monday,2020-W15,,,0,,,,FALSE,,,,,,,,,,,,,,,,,,,,,,33a55485-caa7-802a-ade5-e027b42406b5,,,,,,81.05,12.5,,,,,,,,,,,,,,,,,,,,,,,
4/5/2020,2020-04-05,Sunday,2020-W15,,,0,,,,FALSE,,,,,,,,,,,,,,,,,,,,,,33a55485-caa7-80b8-a4ba-da5db0325824,,,,,,81.05,12.6,,,,,,,,,,,,,,,,,,,,,,,
2/15/2020,2020-02-15,Saturday,2020-W07,Wettkampf,,0,MS Halle,,,FALSE,"60m: 7.08s
60m: 7.06s",,,,,,,,,,,,,,,,,,,7.06,,35e55485-caa7-8085-bbb0-ca81bd209d9d,,,,,,,,,,,,,,,,,,,,,,,,,,,,,,
10/7/2019,2019-10-07T17:46:00.000+02:00,Monday,2019-W41,,,121,MS Halle,,☀️ Nachmittag,FALSE,,,,,,,,,,,,,,,,,,,,,,3f255485-caa7-80cd-826a-c2286cf9a0f9,,,,,,76.9,11.8,,,,,,,,,,,,,,,,,,,,,,,
10/6/2019,2019-10-06,Sunday,2019-W41,Frei,,0,,,,FALSE,,,,,,,,,,,,,,,,,,,,,,3f155485-caa7-8072-8127-c199b881e047,"Spaziergang, Outdoor-Time",,,"Freunde, Reisestress, Me-Time",Anderes Bett,,,,,,,,,,,,,,,,,,,,,,,,,
10/5/2019,2019-10-05,Saturday,2019-W40,Frei,,0,,,,FALSE,,,,,,,,,,,,,,,,,,,,,,3f055485-caa7-800b-91a2-c827c99d28fd,"Spaziergang, Outdoor-Time",,,"Freunde, Reisestress",,77.4,12.1,,,,,,,,,,,,,,,,,,,,,,,
10/4/2019,2019-10-04,Friday,2019-W40,Frei,,0,,,,FALSE,,,,,,,,,,,,,,,,,,,,,,3ef55485-caa7-8026-a34c-d3e5753d246c,Physio,,,,,77.4,12.1,,,,,,,,,,,,,,,,,,,,,,,
10/3/2019,2019-10-03,Thursday,2019-W40,Frei,,0,,,,FALSE,,,,,,,,,,,,,,,,,,,,,,3ee55485-caa7-801b-b62a-d3b171040b8d,,,,,,77.4,12.5,,,,,,,,,,,,,,,,,,,,,,,
10/2/2019,2019-10-02,Wednesday,2019-W40,,,0,,,,FALSE,,,,,,,,,,,,,,,,,,,,,,3ed55485-caa7-8031-a4c4-dfba08b7117e,,,,,,78.15,12.4,,,,,,,,,,,,,,,,,,,,,,,
10/1/2019,2019-10-01,Tuesday,2019-W40,Frei,,0,,,,FALSE,,,,,,,,,,,,,,,,,,,,,,3ec55485-caa7-80b6-8768-d74874bc6686,,,,,,77.7,12.4,,,,,,,,,,,,,,,,,,,,,,,
9/30/2019,2019-09-30,Monday,2019-W40,Frei,,0,,,,FALSE,,,,,,,,,,,,,,,,,,,,,,3eb55485-caa7-8026-a3d5-dde0edd55d61,Physio,,,,,77.7,12.3,,,,,,,,,,,,,,,,,,,,,,,
9/29/2019,2019-09-29,Sunday,2019-W40,Frei,,0,,,,FALSE,,,,,,,,,,,,,,,,,,,,,,3ea55485-caa7-8002-826b-f382159eed9b,,,,,,78.35,12.5,,,,,,,,,,,,,,,,,,,,,,,
9/28/2019,2019-09-28,Saturday,2019-W39,Frei,,0,,,,FALSE,,,,,,,,,,,,,,,,,,,,,,3e955485-caa7-806a-9473-cc2a7eb5df57,,,,,,78.85,12.4,,,,,,,,,,,,,,,,,,,,,,,
9/27/2019,2019-09-27,Friday,2019-W39,Frei,,0,,,,FALSE,,,,,,,,,,,,,,,,,,,,,,3e855485-caa7-80c2-9f5c-e6077622edb5,Physio,,,,,80.5,12.5,,,,,,,,,,,,,,,,,,,,,,,
9/26/2019,2019-09-26,Thursday,2019-W39,Frei,,0,,,,FALSE,,,,,,,,,,,,,,,,,,,,,,3e855485-caa7-80cb-b546-ce9755fb289c,,,,,,81.3,12.6,,,,,,,,,,,,,,,,,,,,,,,
9/25/2019,2019-09-25,Wednesday,2019-W39,Frei,,0,,,,FALSE,,,,,,,,,,,,,,,,,,,,,,3e655485-caa7-8085-aa7c-d125928f2733,,,,,,,,,,,,,,,,,,,,,,,,,,,,,,
9/24/2019,2019-09-24,Tuesday,2019-W39,Frei,,0,,,,FALSE,,,,,,,,,,,,,,,,,,,,,,3e555485-caa7-8037-b818-e6268c23d419,,,,,,,,,,,,,,,,,,,,,,,,,,,,,,
9/23/2019,2019-09-23,Monday,2019-W39,Frei,,0,,,,FALSE,,,,,,,,,,,,,,,,,,,,,,3e455485-caa7-803d-b103-ed2d90f27698,,,,,,,,,,,,,,,,,,,,,,,,,,,,,,
9/22/2019,2019-09-22,Sunday,2019-W39,Frei,,0,,,,FALSE,,,,,,,,,,,,,,,,,,,,,,3e355485-caa7-804c-adb9-d9733d39c4c0,,,,,,,,,,,,,,,,,,,,,,,,,,,,,,
9/21/2019,2019-09-21,Saturday,2019-W38,Frei,,0,,,,FALSE,,,,,,,,,,,,,,,,,,,,,,3e255485-caa7-804c-bd0e-e41072f75f0d,,,,Freunde,,,,,,,,,,,,,,,,,,,,,,,,,,
9/20/2019,2019-09-20,Friday,2019-W38,Frei,,0,,,,FALSE,,,,,,,,,,,,,,,,,,,,,,3e155485-caa7-80e0-a08a-e79079514a39,,,,,,,,,,,,,,,,,,,,,,,,,,,,,,
9/19/2019,2019-09-19,Thursday,2019-W38,Frei,,0,,,,FALSE,,,,,,,,,,,,,,,,,,,,,,3e055485-caa7-80d0-845d-d5bf926666c7,,,,,,,,,,,,,,,,,,,,,,,,,,,,,,
9/18/2019,2019-09-18,Wednesday,2019-W38,Frei,,0,,,,FALSE,,,,,,,,,,,,,,,,,,,,,,3df55485-caa7-80f6-8d65-cb2845ff9a25,,,,"Freunde, Reisestress, Arbeitsstress",,77.8,12.3,,,,,,,,,,,,,,,,,,,,,,,
9/17/2019,2019-09-17,Tuesday,2019-W38,Frei,,0,,,,FALSE,,,,,,,,,,,,,,,,,,,,,,3de55485-caa7-80d6-8d74-f0a650e60a0a,,,,"Freunde, Reisestress",Anderes Bett,,,,,,,,,,,,,,,,,,,,,,,,,
9/16/2019,2019-09-16,Monday,2019-W38,Frei,,0,,,,FALSE,,,,,,,,,,,,,,,,,,,,,,3dd55485-caa7-8003-84a6-e43b323b070d,"Outdoor-Time, Urlaub",,,Freunde,Anderes Bett,,,,,,,,,,,,,,,,,,,,,,,,,
9/15/2019,2019-09-15,Sunday,2019-W38,Frei,,0,,,,FALSE,,,,,,,,,,,,,,,,,,,,,,3dc55485-caa7-8081-b630-c21bf1763b23,"Outdoor-Time, Urlaub",,,Freunde,Anderes Bett,,,,,,,,,,,,,,,,,,,,,,,,,
9/14/2019,2019-09-14,Saturday,2019-W37,Frei,,0,,,,FALSE,,,,,,,,,,,,,,,,,,,,,,3db55485-caa7-80b7-93f2-e4138d5b085e,"Outdoor-Time, Urlaub",,,Freunde,Anderes Bett,,,,,,,,,,,,,,,,,,,,,,,,,
9/13/2019,2019-09-13,Friday,2019-W37,Frei,,0,,,,FALSE,,,,,,,,,,,,,,,,,,,,,,3da55485-caa7-8057-bca8-ebed4e2f4c2a,"Outdoor-Time, Urlaub",,,Freunde,Anderes Bett,,,,,,,,,,,,,,,,,,,,,,,,,
9/12/2019,2019-09-12,Thursday,2019-W37,Frei,,0,,,,FALSE,,,,,,,,,,,,,,,,,,,,,,3d955485-caa7-8072-86bf-e36dd18c0e8b,"Outdoor-Time, Urlaub",,,Freunde,Anderes Bett,,,,,,,,,,,,,,,,,,,,,,,,,
9/11/2019,2019-09-11,Wednesday,2019-W37,Frei,,0,,,,FALSE,,,,,,,,,,,,,,,,,,,,,,3d855485-caa7-8036-9d85-d0933eeddfb7,"Outdoor-Time, Urlaub",,,Freunde,Anderes Bett,,,,,,,,,,,,,,,,,,,,,,,,,
9/10/2019,2019-09-10,Tuesday,2019-W37,Frei,,0,,,,FALSE,,,,,,,,,,,,,,,,,,,,,,3d755485-caa7-80af-9138-f49d01fa49b1,"Outdoor-Time, Urlaub",,,Freunde,Anderes Bett,,,,,,,,,,,,,,,,,,,,,,,,,
9/9/2019,2019-09-09,Monday,2019-W37,Frei,,0,,,,FALSE,,,,,,,,,,,,,,,,,,,,,,3d655485-caa7-80c4-9165-fa9bb547b5e2,"Outdoor-Time, Urlaub",,,Freunde,Anderes Bett,,,,,,,,,,,,,,,,,,,,,,,,,
9/8/2019,2019-09-08,Sunday,2019-W37,Frei,,0,,,,FALSE,,,,,,,,,,,,,,,,,,,,,,3d555485-caa7-80cf-9ed1-d8db23c4fb3b,"Urlaub, Outdoor-Time",,,Freunde,Anderes Bett,,,,,,,,,,,,,,,,,,,,,,,,,
9/7/2019,2019-09-07,Saturday,2019-W36,Frei,,0,,,,FALSE,,,,,,,,,,,,,,,,,,,,,,3d455485-caa7-8024-ad2b-e8deb6b22775,"Urlaub, Outdoor-Time",,,Freunde,Anderes Bett,,,,,,,,,,,,,,,,,,,,,,,,,
9/6/2019,2019-09-06,Friday,2019-W36,Frei,,0,,,,FALSE,,,,,,,,,,,,,,,,,,,,,,3d355485-caa7-8004-95d5-f39290e3d963,"Urlaub, Outdoor-Time",,,"Freunde, Reisestress",Anderes Bett,80.25,,,,,,,,,,,,,,,,,,,,,,,,
9/5/2019,2019-09-05,Thursday,2019-W36,,,0,MS Halle,,,FALSE,,,,,,,,,,,,,,,,,,,,,,3d255485-caa7-80aa-bb27-d0ac731324a5,Outdoor-Time,,,"Freunde, Reisestress, Arbeitsstress",,79.55,12.3,,,,,,,,,,,,,,,,,,,,,,,
9/4/2019,2019-09-04,Wednesday,2019-W36,,,0,MS Halle,,,FALSE,,,,,,,,,,,,,,,,,,,,,,3d155485-caa7-8075-97a0-d06744e537f4,,,,"Freunde, Reisestress, Arbeitsstress",,79.75,12.6,,,,,,,,,,,,,,,,,,,,,,,
9/3/2019,2019-09-03,Tuesday,2019-W36,Frei,,0,,,,FALSE,,,,,,,,,,,,,,,,,,,,,,3d055485-caa7-80e0-962e-d7566dfccbe8,,,,"Freunde, Reisestress, Arbeitsstress",,80.15,,,,,,,,,,,,,,,,,,,,,,,,
9/2/2019,2019-09-02,Monday,2019-W36,Frei,,0,,,,FALSE,,,,,,,,,,,,,,,,,,,,,,3cf55485-caa7-803e-a43a-f46506b71c5e,,,,"Freunde, Reisestress, Arbeitsstress",,79.9,12.4,,,,,,,,,,,,,,,,,,,,,,,
9/1/2019,2019-09-01,Sunday,2019-W36,,,0,,,,FALSE,,,,,,,,,,,,,,,,,,,,,,3ce55485-caa7-80d7-b121-df562dc5186c,,,,,,80.5,12.5,,,,,,,,,,,,,,,,,,,,,,,
8/31/2019,2019-08-31,Saturday,2019-W35,Frei,,0,,,,FALSE,,,,,,,,,,,,,,,,,,,,,,3cd55485-caa7-809b-969a-d16a92848ac3,,,,,,80,12.2,,,,,,,,,,,,,,,,,,,,,,,
8/30/2019,2019-08-30,Friday,2019-W35,Frei,,0,,,,FALSE,,,,,,,,,,,,,,,,,,,,,,3cc55485-caa7-80ad-be48-d9eb5c2ac808,,,,"Freunde, Reisestress, Arbeitsstress",,,,,,,,,,,,,,,,,,,,,,,,,,
8/29/2019,2019-08-29,Thursday,2019-W35,Frei,,0,,,,FALSE,,,,,,,,,,,,,,,,,,,,,,3cb55485-caa7-80d5-9b74-e3e7eeed2ea8,,,,"Freunde, Reisestress, Arbeitsstress",,,,,,,,,,,,,,,,,,,,,,,,,,
8/28/2019,2019-08-28,Wednesday,2019-W35,Frei,,0,,,,FALSE,,,,,,,,,,,,,,,,,,,,,,3ca55485-caa7-8096-9201-c69604937a4f,,,,"Freunde, Reisestress, Arbeitsstress",,80.65,12.5,,,,,,,,,,,,,,,,,,,,,,,
8/27/2019,2019-08-27,Tuesday,2019-W35,Frei,,0,,,,FALSE,,,,,,,,,,,,,,,,,,,,,,3c955485-caa7-803b-b58f-c1b7ebbb4909,,,,"Freunde, Reisestress, Arbeitsstress",,,,,,,,,,,,,,,,,,,,,,,,,,
8/26/2019,2019-08-26,Monday,2019-W35,Frei,,0,,,,FALSE,,,,,,,,,,,,,,,,,,,,,,3c855485-caa7-80cc-8b8e-c313c118d28b,,,,"Freunde, Reisestress, Arbeitsstress",,80.45,12.5,,,,,,,,,,,,,,,,,,,,,,,
8/25/2019,2019-08-25,Sunday,2019-W35,,,0,,,,FALSE,,,,,,,,,,,,,,,,,,,,,,3c755485-caa7-8095-805a-ddcc49cb45ef,,,,,,80.2,12.4,,,,,,,,,,,,,,,,,,,,,,,
8/24/2019,2019-08-24,Saturday,2019-W34,,,0,,,,FALSE,,,,,,,,,,,,,,,,,,,,,,3c655485-caa7-8084-9b6b-cc329b3ea404,,,,"Freunde, Reisestress",,80.95,12.5,,,,,,,,,,,,,,,,,,,,,,,
8/23/2019,2019-08-23,Friday,2019-W34,Frei,,0,,,,FALSE,,,,,,,,,,,,,,,,,,,,,,3c555485-caa7-8071-a12c-f6b99d2677b9,,,,"Freunde, Reisestress, Arbeitsstress",,,,,,,,,,,,,,,,,,,,,,,,,,
8/22/2019,2019-08-22,Thursday,2019-W34,Frei,,0,,,,FALSE,,,,,,,,,,,,,,,,,,,,,,3c455485-caa7-80f7-b08b-fedc74f85cf4,,,,"Freunde, Reisestress, Arbeitsstress",,,,,,,,,,,,,,,,,,,,,,,,,,
8/21/2019,2019-08-21,Wednesday,2019-W34,Frei,,0,,,,FALSE,,,,,,,,,,,,,,,,,,,,,,3c355485-caa7-803e-945a-fd011f7f492e,,,,"Freunde, Reisestress, Arbeitsstress",,,,,,,,,,,,,,,,,,,,,,,,,,
8/20/2019,2019-08-20,Tuesday,2019-W34,Frei,,0,,,,FALSE,,,,,,,,,,,,,,,,,,,,,,3c255485-caa7-8013-b050-ddd6ff548920,,,,"Freunde, Reisestress, Arbeitsstress",,80.6,12.6,,,,,,,,,,,,,,,,,,,,,,,
8/19/2019,2019-08-19,Monday,2019-W34,,,0,,,,FALSE,,,,,,,,,,,,,,,,,,,,,,3c155485-caa7-807c-a913-ec0e9a1d7887,,,,"Freunde, Reisestress, Arbeitsstress",,80.05,12.3,,,,,,,,,,,,,,,,,,,,,,,
8/18/2019,2019-08-18,Sunday,2019-W34,,,0,,,,FALSE,,,,,,,,,,,,,,,,,,,,,,3c055485-caa7-80cd-8b41-dafec61ccec3,,,,Freunde,,79.85,12.3,,,,,,,,,,,,,,,,,,,,,,,
8/17/2019,2019-08-17,Saturday,2019-W33,,,0,,,,FALSE,,,,,,,,,,,,,,,,,,,,,,3bf55485-caa7-80ae-844b-eca6fb38a377,,,,,,80.65,12.5,,,,,,,,,,,,,,,,,,,,,,,
8/16/2019,2019-08-16,Friday,2019-W33,,,0,,,,FALSE,,,,,,,,,,,,,,,,,,,,,,3be55485-caa7-8095-bdba-d39c2bb9dfac,,,,"Freunde, Reisestress, Arbeitsstress",,,,,,,,,,,,,,,,,,,,,,,,,,
8/15/2019,2019-08-15,Thursday,2019-W33,,,0,,,,FALSE,,,,,,,,,,,,,,,,,,,,,,3bd55485-caa7-8007-bfe4-cc5590e576c1,,,,"Freunde, Reisestress, Arbeitsstress",,,,,,,,,,,,,,,,,,,,,,,,,,
8/14/2019,2019-08-14,Wednesday,2019-W33,,,0,,,,FALSE,,,,,,,,,,,,,,,,,,,,,,3bc55485-caa7-8042-95bb-d4a1e0a37396,,,,"Freunde, Reisestress, Arbeitsstress",,81.2,12.5,,,,,,,,,,,,,,,,,,,,,,,
8/13/2019,2019-08-13,Tuesday,2019-W33,,,0,,,,FALSE,,,,,,,,,,,,,,,,,,,,,,3bb55485-caa7-80be-a90e-f8afb2717591,,,,"Freunde, Reisestress, Arbeitsstress",,,,,,,,,,,,,,,,,,,,,,,,,,
8/12/2019,2019-08-12,Monday,2019-W33,,,0,,,,FALSE,,,,,,,,,,,,,,,,,,,,,,3ba55485-caa7-805c-b45a-d1e20ef6cf58,,,,"Freunde, Reisestress, Arbeitsstress",,80.5,12.2,,,,,,,,,,,,,,,,,,,,,,,
8/11/2019,2019-08-11,Sunday,2019-W33,,,0,,,,FALSE,,,,,,,,,,,,,,,,,,,,,,3b955485-caa7-80f6-bfaf-c9ef734bce40,"Verdauungsspaziergang, Outdoor-Time",,,"Freunde, Reisestress",,79.9,12.5,,,,,,,,,,,,,,,,,,,,,,,
8/10/2019,2019-08-10,Saturday,2019-W32,,,0,,,,FALSE,,,,,,,,,,,,,,,,,,,,,,3b855485-caa7-800e-bd3a-dd311e5d2b4b,,,,,,79.9,12.2,,,,,,,,,,,,,,,,,,,,,,,
8/9/2019,2019-08-09,Friday,2019-W32,,,0,,,,FALSE,,,,,,,,,,,,,,,,,,,,,,3b755485-caa7-80e6-a32e-fde1ebca3791,,,,"Freunde, Reisestress, Arbeitsstress",,80.35,12.4,,,,,,,,,,,,,,,,,,,,,,,
8/8/2019,2019-08-08,Thursday,2019-W32,,,0,,,,FALSE,,,,,,,,,,,,,,,,,,,,,,3b655485-caa7-80fc-8e4b-d9fb650392f6,,,,"Freunde, Reisestress, Arbeitsstress",,80.95,12.4,,,,,,,,,,,,,,,,,,,,,,,
8/7/2019,2019-08-07,Wednesday,2019-W32,,,0,,,,FALSE,,,,,,,,,,,,,,,,,,,,,,3b555485-caa7-8050-a0ed-c6685974a6b2,,,,"Freunde, Reisestress, Arbeitsstress",,,,,,,,,,,,,,,,,,,,,,,,,,
8/6/2019,2019-08-06,Tuesday,2019-W32,,,0,,,,FALSE,,,,,,,,,,,,,,,,,,,,,,3b455485-caa7-8038-b613-f0c3b3ea689b,,,,"Freunde, Reisestress, Arbeitsstress",,79.6,12.1,,,,,,,,,,,,,,,,,,,,,,,
8/5/2019,2019-08-05,Monday,2019-W32,,,0,,,,FALSE,,,,,,,,,,,,,,,,,,,,,,3b355485-caa7-80f8-bc7c-dfd0cf57d7bd,,,,,,79.3,11.9,,,,,,,,,,,,,,,,,,,,,,,
8/4/2019,2019-08-04,Sunday,2019-W32,,,0,,,,FALSE,,,,,,,,,,,,,,,,,,,,,,3b255485-caa7-8014-9421-c81a5c4fca8c,,,,"Freunde, Reisestress",,,,,,,,,,,,,,,,,,,,,,,,,,
8/3/2019,2019-08-03,Saturday,2019-W31,Wettkampf,,0,Berlin,,,FALSE,Weit: 7.47m +0.5m/s,,,,,,,,,,,,,,,7.47,,,,,,2ca55485-caa7-8026-8e5f-d72d887e31b7,,,,Freunde,,,,,,,,,,,,,,,,,,,,,,,,,,
8/2/2019,2019-08-02,Friday,2019-W31,Auftakt,,0,MS Halle,,,FALSE,,,,,,,,,,,,,,,,,,,,,,3b055485-caa7-8072-9861-c7ee12687add,,,,"Freunde, Reisestress",,78.9,12.1,,,,,,,,,,,,,,,,,,,,,,,
8/1/2019,2019-08-01,Thursday,2019-W31,,,0,MS Halle,,,FALSE,,,,,,,,,,,,,,,,,,,,,,3af55485-caa7-8067-a2aa-fe9634d27c25,,,,,,78.9,12.2,,,,,,,,,,,,,,,,,,,,,,,
7/31/2019,2019-07-31,Wednesday,2019-W31,,,0,MS Halle,,,FALSE,,,,,,,,,,,,,,,,,,,,,,33955485-caa7-8003-adb7-cb3546b9fc3d,,,,,,78.95,12.2,,,,,,,,,,,,,,,,,,,,,,,
7/30/2019,2019-07-30,Tuesday,2019-W31,,,0,MS Halle,,,FALSE,,,,,,,,,,,,,,,,,,,,,,33955485-caa7-808f-a122-e2af11f78f18,,,,,,79.35,12.2,,,,,,,,,,,,,,,,,,,,,,,
7/29/2019,2019-07-29,Monday,2019-W31,,,0,,,,FALSE,,,,,,,,,,,,,,,,,,,,,,33955485-caa7-8077-a88d-f4c3f6646e8f,,,,,,79.35,12.1,,,,,,,,,,,,,,,,,,,,,,,
7/28/2019,2019-07-28,Sunday,2019-W31,Wettkampf,,0,Ulm,,,FALSE,"Weit: 6.76m +1.3m/s
4x100m: 42,03s",,,,,,,,,,,,,,,6.76,,,,,,2ca55485-caa7-8088-a3f0-c446dde2fc8c,,,,"Freunde, Reisestress",,,,,,,,,,,,,,,,,,,,,,,,,,
7/27/2019,2019-07-27,Saturday,2019-W30,,,0,,,,FALSE,,,,,,,,,,,,,,,,,,,,,,3aa55485-caa7-8029-9fbb-f2d9e6b3de57,Outdoor-Time,,,Freunde,Anderes Bett,,,,,,,,,,,,,,,,,,,,,,,,,
7/26/2019,2019-07-26,Friday,2019-W30,Wettkampf,,0,Ulm,,,FALSE,"100m VL: 10.94s -1.5m/s
100m ZL: 10.79s +0.0m/s",,,,,,,,,,,,,,,,,,,,10.79,2ca55485-caa7-806c-a1dd-f4512380c540,,,,,,,,,,,,,,,,,,,,,,,,,,,,,,
7/25/2019,2019-07-25,Thursday,2019-W30,,,0,,,,FALSE,,,,,,,,,,,,,,,,,,,,,,33955485-caa7-80ca-a195-d9bf53da69fb,,,,"Freunde, Reisestress",,80.35,12.4,,,,,,,,,,,,,,,,,,,,,,,
7/24/2019,2019-07-24,Wednesday,2019-W30,,,0,MS Halle,,,FALSE,,,,,,,,,,,,,,,,,,,,,,33955485-caa7-80c1-a18c-e9b48145ad31,,,,,,79.35,12.3,,,,,,,,,,,,,,,,,,,,,,,
7/23/2019,2019-07-23,Tuesday,2019-W30,,,0,MS Halle,,,FALSE,,,,,,,,,,,,,,,,,,,,,,33955485-caa7-8097-9140-dd366fc7e9fa,,,,,,79.35,12.3,,,,,,,,,,,,,,,,,,,,,,,
7/22/2019,2019-07-22,Monday,2019-W30,,,0,MS Halle,,,FALSE,,,,,,,,,,,,,,,,,,,,,,33955485-caa7-8027-8d5d-c1858f0a4ea2,,,,,,80.1,12.3,,,,,,,,,,,,,,,,,,,,,,,
7/21/2019,2019-07-21,Sunday,2019-W30,,,0,,,,FALSE,,,,,,,,,,,,,,,,,,,,,,33955485-caa7-802d-bf8b-e78fc497170a,,,,,,81.85,12.6,,,,,,,,,,,,,,,,,,,,,,,
7/13/2019,2019-07-13,Saturday,2019-W28,Wettkampf,,0,Paderborn,,,FALSE,"Weit: 7.24m -0.4m/s
4x100m: 41,90s",,,,,,,,,,,,,,,7.24,,,,,,2ca55485-caa7-80f4-b691-dc8083f6cc99,,,,,,,,,,,,,,,,,,,,,,,,,,,,,,
6/30/2019,2019-06-30,Sunday,2019-W27,Wettkampf,,0,Mannheim,,,FALSE,Weit: 7.53m +1.6m/s,,,,,,,,,,,,,,,7.53,,,,,,2ca55485-caa7-8048-96bf-fad794ba722a,,,,,,,,,,,,,,,,,,,,,,,,,,,,,,
6/2/2019,2019-06-02,Sunday,2019-W23,Wettkampf,,0,Garbsen,,,FALSE,Weit: 6.93m +0.4m/s,,,,,,,,,,,,,,,6.93,,,,,,2ca55485-caa7-8058-9339-d1bd1f4d3d94,,,,,,,,,,,,,,,,,,,,,,,,,,,,,,
5/25/2019,2019-05-25,Saturday,2019-W21,Wettkampf,,0,Weinheim,,,FALSE,"Weit: 7.27m +1.3m/s
100m: 10.81s +0.8m/s
4x100m: 42,15",,,,,,,,,,,,,,,7.27,,,,,,2ca55485-caa7-802f-8c2a-df275361392b,,,,,,,,,,,,,,,,,,,,,,,,,,,,,,
5/18/2019,2019-05-18,Saturday,2019-W20,Wettkampf,,0,Olfen,,,FALSE,"100m: 10.92s -0.5m/s
Weit: 6.98m +0.2m/s",,,,,,,,,,,,,,,6.98,,,,,10.92,2ca55485-caa7-802e-b7b0-d97ad939bba5,,,,,,,,,,,,,,,,,,,,,,,,,,,,,,
5/12/2019,2019-05-12,Sunday,2019-W20,Wettkampf,,0,,,,FALSE,Weit: 6.58m +0.0m/s,,,,,,,,,,,,,,,,,,,,,35c55485-caa7-80f6-8c7a-c1f62bc6ddaa,,,,,,,,,,,,,,,,,,,,,,,,,,,,,,
5/10/2019,2019-05-10,Friday,2019-W19,Wettkampf,,0,Herborn,,,FALSE,Weit: 7.20m +0.3m/s,,,,,,,,,,,,,,,7.20,,,,,,2ca55485-caa7-802b-a35e-cad545338499,,,,,,,,,,,,,,,,,,,,,,,,,,,,,,
2/23/2019,2019-02-23,Saturday,2019-W08,Wettkampf,,0,Halle Sindelfingen,Halle,,FALSE,Weit: 7.37m,,,,,,,,,,,,,,,7.37,,,,,,2ca55485-caa7-808d-b49c-c4502a6b7571,,,,,,,,,,,,,,,,,,,,,,,,,,,,,,
2/16/2019,2019-02-16,Saturday,2019-W07,Wettkampf,,0,MS Halle,Halle,,FALSE,"60m EL: 7.05s
Weit: 7.10m",,,,,,,,,,,,,,,7.10,,,,7.05,,2ca55485-caa7-80da-af93-cd6352a4d9da,,,,,,,,,,,,,,,,,,,,,,,,,,,,,,
2/3/2019,2019-02-03,Sunday,2019-W06,Wettkampf,,0,Halle Leverkusen,Halle,,FALSE,Weit: 7.29m,,,,,,,,,,,,,,,7.29,,,,,,2ca55485-caa7-8059-80e4-ccc58e7a26de,,,,,,,,,,,,,,,,,,,,,,,,,,,,,,
12/16/2018,2018-12-16,Sunday,2018-W51,Wettkampf,,0,Halle Dortmund,Halle,,FALSE,"60m VL: 7.11s
60m EL: 7.20s",,,,,,,,,,,,,,,,,,,7.11,,2ca55485-caa7-805d-bf4a-f2ad38044f83,,,,,,,,,,,,,,,,,,,,,,,,,,,,,,
8/5/2018,2018-08-05,Sunday,2018-W32,Wettkampf,,0,Berlin,,,FALSE,Weit: 6.99m -0.5m/s,,,,,,,,,,,,,,,6.99,,,,,,2ca55485-caa7-804e-8ae6-c475e612bc60,,,,,,,,,,,,,,,,,,,,,,,,,,,,,,
7/29/2018,2018-07-29,Sunday,2018-W31,Wettkampf,,0,Rostock,,,FALSE,"Weit: 7.39m +0.0m/s
4x100m: 41,68s
4x100m: 41,78s",,,,,,,,,,,,,,,7.39,,,,,,2ca55485-caa7-805d-84ab-d14a1008e7ef,,,,,,,,,,,,,,,,,,,,,,,,,,,,,,
7/10/2018,2018-07-10,Tuesday,2018-W28,Wettkampf,,0,Tampere,,,FALSE,Weit: 7.29m NWI,,,,,,,,,,,,,,,7.29,,,,,,2ca55485-caa7-8028-b493-ddd8632d1275,,,,,,,,,,,,,,,,,,,,,,,,,,,,,,
6/24/2018,2018-06-24,Sunday,2018-W26,Wettkampf,,0,Mannheim,,,FALSE,Weit: 7.25m +0.0m/s,,,,,,,,,,,,,,,7.25,,,,,,2ca55485-caa7-80d4-8a41-d95a3f6bb484,,,,,,,,,,,,,,,,,,,,,,,,,,,,,,
6/16/2018,2018-06-16,Saturday,2018-W24,Wettkampf,,0,Paderborn,,,FALSE,Weit: 7.08m +0.0m/s,,,,,,,,,,,,,,,7.08,,,,,,2ca55485-caa7-8039-bcff-f67c36bfcd8f,,,,,,,,,,,,,,,,,,,,,,,,,,,,,,
6/3/2018,2018-06-03,Sunday,2018-W23,Wettkampf,,0,Regensburg,,,FALSE,Weit: 7.41m +0.0m/s,,,,,,,,,,,,,,,7.41,,,,,,2ca55485-caa7-8067-a700-c4c5ba45b936,,,,,,,,,,,,,,,,,,,,,,,,,,,,,,
5/26/2018,2018-05-26,Saturday,2018-W21,Wettkampf,,0,Weinheim,,,FALSE,"Weit: 7.61m -0.7m/s
4x100m: 42,07s",,,,,,,,,,,,,,,7.61,,,,,,2ca55485-caa7-80ce-9b98-d5549fcd4b8a,,,,,,,,,,,,,,,,,,,,,,,,,,,,,,
5/12/2018,2018-05-12,Saturday,2018-W19,Wettkampf,,0,,,,FALSE,Weit: 7.52m -0.3m/s,,,,,,,,,,,,,,,7.52,,,,,,35c55485-caa7-80cd-a7fc-c8efacf8a44b,,,,,,,,,,,,,,,,,,,,,,,,,,,,,,
2/24/2018,2018-02-24,Saturday,2018-W08,Wettkampf,,0,Halle Halle,Halle,,FALSE,"60m VL: 6.98s
60m ZL: 6.99s
Weit: 7.14m",,,,,,,,,,,,,,,7.14,,,,6.98,,2ca55485-caa7-8070-9d5e-ea271f24399d,,,,,,,,,,,,,,,,,,,,,,,,,,,,,,
2/4/2018,2018-02-04,Sunday,2018-W06,Wettkampf,,0,Halle Dortmund,Halle,,FALSE,"60m VL: 6.95s
60m EL: 7.05s",,,,,,,,,,,,,,,,,,,6.95,,2ca55485-caa7-8098-a16d-e6f20aaba238,,,,,,,,,,,,,,,,,,,,,,,,,,,,,,
1/28/2018,2018-01-28,Sunday,2018-W05,Wettkampf,,0,Halle Bielefeld,Halle,,FALSE,"60m VL: 6.97s
60m EL: 7.00s
4x200m: 1:29,08s",,,,,,,,,,,,,,,,,,,6.97,,2ca55485-caa7-80f5-a980-cabc65453d0d,,,,,,,,,,,,,,,,,,,,,,,,,,,,,,
12/17/2017,2017-12-17,Sunday,2017-W51,Wettkampf,,0,Halle Dortmund,Halle,,FALSE,"200m: 23.14s
60m: 7.18s
60m: 7.13s",,,,,,,,,,,,,,,,,,,7.13,,35d55485-caa7-80f2-97c5-f84f8fc4b8f9,,,,,,,,,,,,,,,,,,,,,,,,,,,,,,
8/5/2017,2017-08-05,Saturday,2017-W31,Wettkampf,,0,Ulm,,,FALSE,"100m VL: 11.15s +0.3m/s
100m ZL: 11.28s +0.0m/s",,,,,,,,,,,,,,,,,,,,11.15,2ca55485-caa7-8094-adb4-c14dd56db4bd,,,,,,,,,,,,,,,,,,,,,,,,,,,,,,
8/4/2017,2017-08-04,Friday,2017-W31,Wettkampf,,0,Ulm,,,FALSE,Weit: 7.37m +2.3m/s,,,,,,,,,,,,,,,7.37,,,,,,2ca55485-caa7-80c6-88bf-ce3491b8aef4,,,,,,,,,,,,,,,,,,,,,,,,,,,,,,
7/13/2017,2017-07-13,Thursday,2017-W28,Wettkampf,,0,Nairobi,,,FALSE,Weit: 6.75m +0.3m/s,,,,,,,,,,,,,,,6.75,,,,,,2ca55485-caa7-80a4-b4c5-e4038f816c90,,,,,,,,,,,,,,,,,,,,,,,,,,,,,,
6/24/2017,2017-06-24,Saturday,2017-W25,Wettkampf,,0,Schweinfurt,,,FALSE,"100m VL: 10.81s +0.7m/s
Weit: 7.11m +1.8m/s",,,,,,,,,,,,,,,7.11,,,,,10.81,2ca55485-caa7-80c0-a426-d28c94987e96,,,,,,,,,,,,,,,,,,,,,,,,,,,,,,
6/11/2017,2017-06-11,Sunday,2017-W24,Wettkampf,,0,Regensburg,,,FALSE,"100m VL: 10.89s +0.5m/s
Weit: 7.50m +1.4m/s",,,,,,,,,,,,,,,7.50,,,,,10.89,2ca55485-caa7-80fd-a7cf-dedd6c625ba6,,,,,,,,,,,,,,,,,,,,,,,,,,,,,,
5/27/2017,2017-05-27,Saturday,2017-W21,Wettkampf,,0,Weinheim,,,FALSE,Weit: 7.14m -1.1m/s,,,,,,,,,,,,,,,7.14,,,,,,2ca55485-caa7-809a-995b-d768eea71ec2,,,,,,,,,,,,,,,,,,,,,,,,,,,,,,
5/20/2017,2017-05-20,Saturday,2017-W20,Wettkampf,,0,Münster,,,FALSE,"Weit: 7.21m
4x100m: 44,12s",,,,,,,,,,,,,,,7.21,,,,,,35c55485-caa7-8059-9cdb-c629e98f5989,,,,,,,,,,,,,,,,,,,,,,,,,,,,,,
5/13/2017,2017-05-13,Saturday,2017-W19,Wettkampf,,0,Wetzlar,,,FALSE,"100m VL: 10.88s +0.0m/s
100m EL: 10.90s +1.0m/s
Weit: 7.07m +0.0m/s",,,,,,,,,,,,,,,7.07,,,,,10.88,2ca55485-caa7-8092-8c26-ffad3d344834,,,,,,,,,,,,,,,,,,,,,,,,,,,,,,
5/6/2017,2017-05-06,Saturday,2017-W18,Wettkampf,,0,Münster,,,FALSE,"Weit: 7.17m -0.1m/s
100m: 10.90s +0.0m/s",,,,,,,,,,,,,,,7.17,,,,,10.9,35c55485-caa7-80c2-a901-f39826c5ee30,,,,,,,,,,,,,,,,,,,,,,,,,,,,,,
4/29/2017,2017-04-29,Saturday,2017-W17,Wettkampf,,0,,,,FALSE,150m: 16.86,,,,,,,,,,,,,,,,,,,,,35d55485-caa7-809d-a4bd-f8fbc246659f,,,,,,,,,,,,,,,,,,,,,,,,,,,,,,
2/25/2017,2017-02-25,Saturday,2017-W08,Wettkampf,,0,Halle Sindelfingen,Halle,,FALSE,"60m VL: 7.05s
60m ZL: 7.07s
Weit: 7.01m",,,,,,,,,,,,,,,7.01,,,,7.05,,2ca55485-caa7-8037-8ece-f70cb838589a,,,,,,,,,,,,,,,,,,,,,,,,,,,,,,
2/11/2017,2017-02-11,Saturday,2017-W06,Wettkampf,,0,Halle Dortmund,Halle,,FALSE,Weit: 7.00m,,,,,,,,,,,,,,,7.00,,,,,,2ca55485-caa7-8036-b403-f0c0afd046a1,,,,,,,,,,,,,,,,,,,,,,,,,,,,,,
2/5/2017,2017-02-05,Sunday,2017-W06,Wettkampf,,0,Halle Leverkusen,Halle,,FALSE,"60m VL: 7.09s
60m ZL: 7.04s
60m EL: 7.04s
Weit: 6.88m",,,,,,,,,,,,,,,6.88,,,,7.04,,2ca55485-caa7-8068-a0fb-e4980bfa2a8f,,,,,,,,,,,,,,,,,,,,,,,,,,,,,,
1/28/2017,2017-01-28,Saturday,2017-W04,Wettkampf,,0,Halle Dortmund,Halle,,FALSE,Weit: 6.83m,,,,,,,,,,,,,,,6.83,,,,,,2ca55485-caa7-8073-878f-f6d526ee3c2a,,,,,,,,,,,,,,,,,,,,,,,,,,,,,,
1/21/2017,2017-01-21,Saturday,2017-W03,Wettkampf,,0,Halle Dortmund,Halle,,FALSE,"60m VL: 7.09s
60m EL: 7.05s
Weit: 6.83m",,,,,,,,,,,,,,,6.83,,,,7.05,,2ca55485-caa7-8045-8f47-ee47d780b516,,,,,,,,,,,,,,,,,,,,,,,,,,,,,,
1/8/2017,2017-01-08,Sunday,2017-W02,Wettkampf,,0,Halle Dortmund,Halle,,FALSE,"60m VL: 7.11s
60m EL: 7.13s
Weit: 6.80m",,,,,,,,,,,,,,,6.80,,,,7.11,,2ca55485-caa7-8093-95de-c1cc6cf0ada2,,,,,,,,,,,,,,,,,,,,,,,,,,,,,,
7/30/2016,2016-07-30,Saturday,2016-W31,Wettkampf,,0,Mönchengladbach,,,FALSE,100m: 11.30s +1.3m/s,,,,,,,,,,,,,,,,,,,,11.3,2ca55485-caa7-80cc-b3f5-db2b25d22e4f,,,,,,,,,,,,,,,,,,,,,,,,,,,,,,
7/29/2016,2016-07-29,Friday,2016-W31,Wettkampf,,0,Mönchengladbach,,,FALSE,"Weit: 6.41m +0.9m/s
4x100m: 43,13s
4x100m: 43,48s",,,,,,,,,,,,,,,6.41,,,,,,2ca55485-caa7-806c-9a0c-e7f97b1969d4,,,,,,,,,,,,,,,,,,,,,,,,,,,,,,
7/2/2016,2016-07-02,Saturday,2016-W27,Wettkampf,,0,Walldorf,,,FALSE,"100m VL: 11.14s +0.5m/s
100m EL: 11.19s -0.6m/s
Weit: 6.24m +1.5m/s",,,,,,,,,,,,,,,6.24,,,,,11.14,2ca55485-caa7-80c1-a7fb-c28100ee6099,,,,,,,,,,,,,,,,,,,,,,,,,,,,,,
6/11/2016,2016-06-11,Saturday,2016-W24,Wettkampf,,0,Olfen,,,FALSE,"Weit: 6.40m -0.8m/s
200m: 23.08 +1.4m/s",,,,,,,,,,,,,,,6.40,,,,,,2ca55485-caa7-80c7-aba6-cd6aae7f43e9,,,,,,,,,,,,,,,,,,,,,,,,,,,,,,
6/5/2016,2016-06-05,Sunday,2016-W24,Wettkampf,,0,Regensburg,,,FALSE,100m: 11.22s +1.1m/s,,,,,,,,,,,,,,,,,,,,11.22,2ca55485-caa7-80af-ba49-f8b9b088b58a,,,,,,,,,,,,,,,,,,,,,,,,,,,,,,
6/4/2016,2016-06-04,Saturday,2016-W23,Wettkampf,,0,Regensburg,,,FALSE,"Weit: 6.80m -0.1m/s
100m: 11.22s +0.0m/s",,,,,,,,,,,,,,,6.80,,,,,11.22,2ca55485-caa7-8033-bd8b-c61a2672f9d4,,,,,,,,,,,,,,,,,,,,,,,,,,,,,,
5/14/2016,2016-05-14,Saturday,2016-W20,Wettkampf,,0,Gladbeck,,,FALSE,100m: 11.23s +0.8m/s,,,,,,,,,,,,,,,,,,,,11.23,35d55485-caa7-80c1-883f-d575aec5c6b4,,,,,,,,,,,,,,,,,,,,,,,,,,,,,,
1/31/2016,2016-01-31,Sunday,2016-W06,Wettkampf,,0,Halle Leverkusen,Halle,,FALSE,"60m VL: 7.21s
60m EL: 7.13s",,,,,,,,,,,,,,,,,,,7.13,,2ca55485-caa7-804d-b5e2-e53eea5e1a9e,,,,,,,,,,,,,,,,,,,,,,,,,,,,,,
1/16/2016,2016-01-16,Saturday,2016-W03,Wettkampf,,0,Halle Dortmund,Halle,,FALSE,"60m VL: 7.33s
60m EL: 7.26s
Weit: 6.11m",,,,,,,,,,,,,,,6.11,,,,7.26,,2ca55485-caa7-808b-b2fb-d7e2da360ad4,,,,,,,,,,,,,,,,,,,,,,,,,,,,,,
8/9/2015,2015-08-09,Sunday,2015-W33,Wettkampf,,0,Köln,,,FALSE,"4x100m: 45,84s",,,,,,,,,,,,,,,,,,,,,35d55485-caa7-803b-b405-c329584213d9,,,,,,,,,,,,,,,,,,,,,,,,,,,,,,
8/8/2015,2015-08-08,Saturday,2015-W32,Wettkampf,,0,Köln,,,FALSE,"100m VL: 11.22s +0.7m/s
100m EL: 11.09s +0.9m/s
Weit: 6.70m +0.1m/s
4x100m: 45,61s",,,,,,,,,,,,,,,6.70,,,,,11.09,2ca55485-caa7-80b6-a517-e652fae5d314,,,,,,,,,,,,,,,,,,,,,,,,,,,,,,
6/28/2015,2015-06-28,Sunday,2015-W27,Wettkampf,,0,,,,FALSE,"Weit: 6.52m -0.5m/s
100m: 11.33s -1.3m/s",,,,,,,,,,,,,,,6.52,,,,,11.33,35c55485-caa7-801f-b46e-da4423820d15,,,,,,,,,,,,,,,,,,,,,,,,,,,,,,
6/7/2015,2015-06-07,Sunday,2015-W24,Wettkampf,,0,,,,FALSE,"Weit: 6.41m -1.3m/s
100m: 11.45s -0.7m/s
100m: 11.63 +1.4m/s",,,,,,,,,,,,,,,6.41,,,,,11.45,35c55485-caa7-8068-9d92-fb1792281bd0,,,,,,,,,,,,,,,,,,,,,,,,,,,,,,
5/30/2015,2015-05-30,Saturday,2015-W22,Wettkampf,,0,,,,FALSE,"Block Sprint / Sprung: 3048 Punkte
Speerwurf 600g: 50m
Weit: 6.38m +0.0m/s
Hoch: 1.68m
80m Hürden: 11.72s +0.0m/s
100m: 11.53s -0.8m/s",,,,,,,,,,,,,,,,,,,,11.53,35c55485-caa7-801b-bb43-e7e01b56e9f4,,,,,,,,,,,,,,,,,,,,,,,,,,,,,,
5/5/2015,2015-05-05,Tuesday,2015-W19,Wettkampf,,0,Münster,,,FALSE,"80m Hürden: 12,07s +0.0m/s
100m: 11.71s",,,,,,,,,,,,,,,,,,,,11.71,35d55485-caa7-80b4-a5e6-f0194f294ece,,,,,,,,,,,,,,,,,,,,,,,,,,,,,,
4/18/2015,2015-04-18,Saturday,2015-W16,Wettkampf,,0,,,,FALSE,"Weit: 6.23m +1.3m/s
100m: 11.83s +0.0m/s",,,,,,,,,,,,,,,6.23,,,,,11.83,35c55485-caa7-80da-91aa-fb95caba3244,,,,,,,,,,,,,,,,,,,,,,,,,,,,,,
3/1/2015,2015-03-01,Sunday,2015-W10,Wettkampf,,0,Paderborn,,,FALSE,"Weit: 6.20m
60m: 7.49s",,,,,,,,,,,,,,,6.20,,,,7.49,,35c55485-caa7-8017-8fa5-e20438b0d449,,,,,,,,,,,,,,,,,,,,,,,,,,,,,,
7/6/2014,2014-07-06,Sunday,2014-W28,Wettkampf,,0,Mönchengladbach,,,FALSE,"Block Sprint / Sprung: 2820 Punkte
Speerwurf 600g: 37,83m
Weit: 5.97m -0.2m/s
Hoch: 1.64m
80m Hürden: 12,07s -1.7m/s
100m: 12.13s -0.7m/s",,,,,,,,,,,,,,,5.97,,,,,12.13,35c55485-caa7-80db-933b-e5efc959e0b1,,,,,,,,,,,,,,,,,,,,,,,,,,,,,,
6/28/2014,2014-06-28,Saturday,2014-W26,Wettkampf,,0,,,,FALSE,"4x100m: 46,03s
100m: 12.03 -2.0m/s",,,,,,,,,,,,,,,,,,,,12.03,35d55485-caa7-80d6-821c-e814eba778d8,,,,,,,,,,,,,,,,,,,,,,,,,,,,,,
6/1/2014,2014-06-01,Sunday,2014-W23,Wettkampf,,0,,,,FALSE,"Speerwurf 600g: 36,61m
Weit: 5.75m +0.1m/s
Hoch: 1.63m
4x100m: 47,74s
80m Hürden: 12.29s +1.4m/s
100m: 11.79s +2.1m/s
100m: 12.03 +0.0m/s",,,,,,,,,,,,,,,5.75,,,,,11.79,35c55485-caa7-80cb-96b2-dd6c4b74dfff,,,,,,,,,,,,,,,,,,,,,,,,,,,,,,
5/10/2014,2014-05-10,Saturday,2014-W19,Wettkampf,,0,Münster,,,FALSE,"Block Sprint / Sprung: 2755 Punkte
Speerwurf 600g: 37,20m
Weit: 5.80m -0.5m/s
Hoch: 1.62m
80m Hürden: 12.52s +0.1m/s
100m: 12.22s -2.1m/s",,,,,,,,,,,,,,,5.80,,,,,12.22,35c55485-caa7-804f-8713-e1c630284b11,,,,,,,,,,,,,,,,,,,,,,,,,,,,,,
12/15/2013,2013-12-15,Sunday,2013-W51,Wettkampf,,0,,,,FALSE,"Kugel 4kg: 11,05m",,,,,,,,,,,,,,,,,,,,,35c55485-caa7-805d-b8e9-da44f425ae6d,,,,,,,,,,,,,,,,,,,,,,,,,,,,,,
12/1/2013,2013-12-01,Sunday,2013-W49,Wettkampf,,0,MS Halle,,,FALSE,"Kugel 4kg: 11,05m
Weit: 5.36m
Hoch: 1.70m
60m Hürden: 9.81s
60m: 7.82s",,,,,,,,,,,,,,,5.36,,,,7.82,,35c55485-caa7-8099-9650-c58620051a49,,,,,,,,,,,,,,,,,,,,,,,,,,,,,,
7/6/2013,2013-07-06,Saturday,2013-W27,Wettkampf,,0,,,,FALSE,"Ballwurf: 49,50m
Weit: 4.92m +0.5m/s
75m: 9.65s",,,,,,,,,,,,,,,4.92,,,,,,35c55485-caa7-8035-9f93-d7686cd600dd,,,,,,,,,,,,,,,,,,,,,,,,,,,,,,
5/26/2013,2013-05-26,Sunday,2013-W22,Wettkampf,,0,Münster,,,FALSE,"Weit: 5.31m +0.0m/s
4x75m: 39,36s
60m Hürden: 10,30s
75m: 9.61s
75m: 9.59s",,,,,,,,,,,,,,,5.31,,,,,,35c55485-caa7-8060-80ac-ccd26c80e3ad,,,,,,,,,,,,,,,,,,,,,,,,,,,,,,
5/4/2013,2013-05-04,Saturday,2013-W18,Wettkampf,,0,Münster,,,FALSE,60m Hürden: 10.03s,,,,,,,,,,,,,,,,,,,,,35d55485-caa7-80ee-9a8c-df638e2be8c9,,,,,,,,,,,,,,,,,,,,,,,,,,,,,,
2/17/2013,2013-02-17,Sunday,2013-W08,Wettkampf,,0,MS Halle,,,FALSE,"Weit: 5.38m
60m Hürden: 9,93s
60m: 8.08s",,,,,,,,,,,,,,,,,,,8.08,,35c55485-caa7-80c4-93d5-f6910719dca2,,,,,,,,,,,,,,,,,,,,,,,,,,,,,,
1/19/2013,2013-01-19,Saturday,2013-W03,Wettkampf,,0,Halle Dortmund,,,FALSE,"Weit: 5.27m
60m Hürden: 10,00s
60m: 7.70s",,,,,,,,,,,,,,,5.27,,,,7.7,,35c55485-caa7-8063-ab8d-f29d05923e4d,,,,,,,,,,,,,,,,,,,,,,,,,,,,,,
9/22/2012,2012-09-22,Saturday,2012-W38,Wettkampf,,0,,,,FALSE,"Weit: 4.89m +0.0m/s
75m: 10.35s",,,,,,,,,,,,,,,4.89,,,,,,35c55485-caa7-8071-9b80-e8126caab624,,,,,,,,,,,,,,,,,,,,,,,,,,,,,,
6/16/2012,2012-06-16,Saturday,2012-W24,Wettkampf,,0,,,,FALSE,"Weit: 5.03m
75m: 10.39s",,,,,,,,,,,,,,,5.03,,,,,,35c55485-caa7-8002-8738-e35060fcf7c4,,,,,,,,,,,,,,,,,,,,,,,,,,,,,,
4/21/2012,2012-04-21,Saturday,2012-W16,Wettkampf,,0,,,,FALSE,"Ballwurf: 41m
Hoch: 1.30m
75m: 10.47s",,,,,,,,,,,,,,,,,,,,,35c55485-caa7-800b-8ed6-db34a547631f,,,,,,,,,,,,,,,,,,,,,,,,,,,,,,
2/5/2012,2012-02-05,Sunday,2012-W06,Wettkampf,,0,Halle Dortmund,Halle,,FALSE,"60m Hürden: 11,78s
60m: 8.65s",,,,,,,,,,,,,,,,,,,8.65,,35d55485-caa7-80f3-aa7b-e627e5cc9b63,,,,,,,,,,,,,,,,,,,,,,,,,,,,,,
1/22/2012,2012-01-22,Sunday,2012-W04,Wettkampf,,0,Halle Dortmund,,,FALSE,"Weit: 4.48m
60m: 8.60s
60m: 8.52s",,,,,,,,,,,,,,,4.48,,,,8.52,,35c55485-caa7-80f9-a8d3-e32c23422971,,,,,,,,,,,,,,,,,,,,,,,,,,,,,,
5/22/2011,2011-05-22,Sunday,2011-W22,Wettkampf,,0,,,,FALSE,"Ballwurf: 42m
Weit: 4,23m
60m Hürden: 13,34s",,,,,,,,,,,,,,,4.23,,,,,,35c55485-caa7-8069-9ffa-de50f6db954d,,,,,,,,,,,,,,,,,,,,,,,,,,,,,,
10/8/2026,2026-10-08T17:05:00.000+02:00,Thursday,2026-W41,Stabi,,119,Frankfurt,Draußen - Sonnig,☀️ Nachmittag,TRUE,"1 Runde EL, Mobi, Kordi

2x Entengänge
vorwärts / rückwarts
vorwärts / rückwärts mit Zwischenschritt
seitlich links / rechts
hoch-runter vorwärts / rückwärts
Ausfallschritte vorwärts / rückwärts

2x Stabizirkel 10 Wiederholungen
Bauchlage Medball nach vorne
Crunches mit Medball
Klappmesser
Penguins
Windshiels
Glute Bridge
Dead Bugs
Supermans

2x Stabizirkel 15 Wiederholungen
Overhead Squat Medball
Kniestand gegengleich lösen
Pistol Squat vorwärts
Rückenlage Cycles
Pistol Squat rückwärts
Worlds greatest Stretch",49,93,,2 - Normal,2 - Okay,2 - Anstrengend,2 - Wenig,,Knie,,,,,,,,,,,,3f355485-caa7-8060-8216-f0872fddd6c5,"Dehnen, Libido, Kalte Dusche, Blackroll, Outdoor-Time, Meditation",⭐⭐ Okay / Im Soll,"Magnesium, Multivitamin, Zink, Kreatin, Omega-3, B12, Vit D","Freunde, Reisestress","Unterbrechung, Gelesen, Bett geteilt, Hot-Shower, Kopfhörer, Late Meal, Heiß",82.25,12.5,2827,145,123,285,,,,,,,,,,,,,,,,,,,
10/8/2019,2019-10-08,Tuesday,2019-W41,,,0,,,,FALSE,,,,,,,,,,,,,,,,,,,,,,3f355485-caa7-807c-9337-e77639c190cd,Physio,,,,,77.5,12.2,,,,,,,,,,,,,,,,,,,,,,,